Copyright 1986-2022 Xilinx, Inc. All Rights Reserved. Copyright 2022-2025 Advanced Micro Devices, Inc. All Rights Reserved.
------------------------------------------------------------------------------------------------------------------------------------------------------------------------------------------------------------------------------------------------------------------------------------------
| Tool Version : Vivado v.2025.1 (lin64) Build 6140274 Wed May 21 22:58:25 MDT 2025
| Date         : Mon Mar  2 08:43:46 2026
| Host         : lenovo-Legion-5-17ACH6H running 64-bit Ubuntu 24.04.2 LTS
| Command      : report_timing_summary -max_paths 10 -routable_nets -report_unconstrained -file paralle_serial_sys_wrapper_timing_summary_routed.rpt -pb paralle_serial_sys_wrapper_timing_summary_routed.pb -rpx paralle_serial_sys_wrapper_timing_summary_routed.rpx -warn_on_violation
| Design       : paralle_serial_sys_wrapper
| Device       : 7a35t-cpg236
| Speed File   : -1  PRODUCTION 1.23 2018-06-13
| Design State : Routed
------------------------------------------------------------------------------------------------------------------------------------------------------------------------------------------------------------------------------------------------------------------------------------------

Timing Summary Report

------------------------------------------------------------------------------------------------
| Timer Settings
| --------------
------------------------------------------------------------------------------------------------

  Enable Multi Corner Analysis               :  Yes
  Enable Pessimism Removal                   :  Yes
  Pessimism Removal Resolution               :  Nearest Common Node
  Enable Input Delay Default Clock           :  No
  Enable Preset / Clear Arcs                 :  No
  Disable Flight Delays                      :  No
  Ignore I/O Paths                           :  No
  Timing Early Launch at Borrowing Latches   :  No
  Borrow Time for Max Delay Exceptions       :  Yes
  Merge Timing Exceptions                    :  Yes
  Inter-SLR Compensation                     :  Conservative

  Corner  Analyze    Analyze    
  Name    Max Paths  Min Paths  
  ------  ---------  ---------  
  Slow    Yes        Yes        
  Fast    Yes        Yes        


------------------------------------------------------------------------------------------------
| Report Methodology
| ------------------
------------------------------------------------------------------------------------------------

Rule       Severity  Description                    Violations  
---------  --------  -----------------------------  ----------  
TIMING-18  Warning   Missing input or output delay  17          

Note: This report is based on the most recent report_methodology run and may not be up-to-date. Run report_methodology on the current design for the latest report.



check_timing report

Table of Contents
-----------------
1. checking no_clock (0)
2. checking constant_clock (0)
3. checking pulse_width_clock (0)
4. checking unconstrained_internal_endpoints (0)
5. checking no_input_delay (9)
6. checking no_output_delay (8)
7. checking multiple_clock (0)
8. checking generated_clocks (0)
9. checking loops (0)
10. checking partial_input_delay (0)
11. checking partial_output_delay (0)
12. checking latch_loops (0)

1. checking no_clock (0)
------------------------
 There are 0 register/latch pins with no clock.


2. checking constant_clock (0)
------------------------------
 There are 0 register/latch pins with constant_clock.


3. checking pulse_width_clock (0)
---------------------------------
 There are 0 register/latch pins which need pulse_width check


4. checking unconstrained_internal_endpoints (0)
------------------------------------------------
 There are 0 pins that are not constrained for maximum delay.

 There are 0 pins that are not constrained for maximum delay due to constant clock.


5. checking no_input_delay (9)
------------------------------
 There are 9 input ports with no input delay specified. (HIGH)

 There are 0 input ports with no input delay but user has a false path constraint.


6. checking no_output_delay (8)
-------------------------------
 There are 8 ports with no output delay specified. (HIGH)

 There are 0 ports with no output delay but user has a false path constraint

 There are 0 ports with no output delay but with a timing clock defined on it or propagating through it


7. checking multiple_clock (0)
------------------------------
 There are 0 register/latch pins with multiple clocks.


8. checking generated_clocks (0)
--------------------------------
 There are 0 generated clocks that are not connected to a clock source.


9. checking loops (0)
---------------------
 There are 0 combinational loops in the design.


10. checking partial_input_delay (0)
------------------------------------
 There are 0 input ports with partial input delay specified.


11. checking partial_output_delay (0)
-------------------------------------
 There are 0 ports with partial output delay specified.


12. checking latch_loops (0)
----------------------------
 There are 0 combinational latch loops in the design through latch input



------------------------------------------------------------------------------------------------
| Design Timing Summary
| ---------------------
------------------------------------------------------------------------------------------------

    WNS(ns)      TNS(ns)  TNS Failing Endpoints  TNS Total Endpoints      WHS(ns)      THS(ns)  THS Failing Endpoints  THS Total Endpoints     WPWS(ns)     TPWS(ns)  TPWS Failing Endpoints  TPWS Total Endpoints  
    -------      -------  ---------------------  -------------------      -------      -------  ---------------------  -------------------     --------     --------  ----------------------  --------------------  
      2.795        0.000                      0                  124        0.175        0.000                      0                  124        4.500        0.000                       0                    80  


All user specified timing constraints are met.


------------------------------------------------------------------------------------------------
| Clock Summary
| -------------
------------------------------------------------------------------------------------------------

Clock        Waveform(ns)       Period(ns)      Frequency(MHz)
-----        ------------       ----------      --------------
sys_clk_pin  {0.000 5.000}      10.000          100.000         


------------------------------------------------------------------------------------------------
| Intra Clock Table
| -----------------
------------------------------------------------------------------------------------------------

Clock             WNS(ns)      TNS(ns)  TNS Failing Endpoints  TNS Total Endpoints      WHS(ns)      THS(ns)  THS Failing Endpoints  THS Total Endpoints     WPWS(ns)     TPWS(ns)  TPWS Failing Endpoints  TPWS Total Endpoints  
-----             -------      -------  ---------------------  -------------------      -------      -------  ---------------------  -------------------     --------     --------  ----------------------  --------------------  
sys_clk_pin         2.795        0.000                      0                  124        0.175        0.000                      0                  124        4.500        0.000                       0                    80  


------------------------------------------------------------------------------------------------
| Inter Clock Table
| -----------------
------------------------------------------------------------------------------------------------

From Clock    To Clock          WNS(ns)      TNS(ns)  TNS Failing Endpoints  TNS Total Endpoints      WHS(ns)      THS(ns)  THS Failing Endpoints  THS Total Endpoints  
----------    --------          -------      -------  ---------------------  -------------------      -------      -------  ---------------------  -------------------  


------------------------------------------------------------------------------------------------
| Other Path Groups Table
| -----------------------
------------------------------------------------------------------------------------------------

Path Group    From Clock    To Clock          WNS(ns)      TNS(ns)  TNS Failing Endpoints  TNS Total Endpoints      WHS(ns)      THS(ns)  THS Failing Endpoints  THS Total Endpoints  
----------    ----------    --------          -------      -------  ---------------------  -------------------      -------      -------  ---------------------  -------------------  


------------------------------------------------------------------------------------------------
| User Ignored Path Table
| -----------------------
------------------------------------------------------------------------------------------------

Path Group    From Clock    To Clock    
----------    ----------    --------    


------------------------------------------------------------------------------------------------
| Unconstrained Path Table
| ------------------------
------------------------------------------------------------------------------------------------

Path Group    From Clock    To Clock    
----------    ----------    --------    
(none)                                    
(none)        sys_clk_pin                 
(none)                      sys_clk_pin   


------------------------------------------------------------------------------------------------
| Timing Details
| --------------
------------------------------------------------------------------------------------------------


---------------------------------------------------------------------------------------------------
From Clock:  sys_clk_pin
  To Clock:  sys_clk_pin

Setup :            0  Failing Endpoints,  Worst Slack        2.795ns,  Total Violation        0.000ns
Hold  :            0  Failing Endpoints,  Worst Slack        0.175ns,  Total Violation        0.000ns
PW    :            0  Failing Endpoints,  Worst Slack        4.500ns,  Total Violation        0.000ns
---------------------------------------------------------------------------------------------------


Max Delay Paths
--------------------------------------------------------------------------------------
Slack (MET) :             2.795ns  (required time - arrival time)
  Source:                 paralle_serial_sys_i/parallel2serial_0/inst/count_reg[23]/C
                            (rising edge-triggered cell FDRE clocked by sys_clk_pin  {rise@0.000ns fall@5.000ns period=10.000ns})
  Destination:            paralle_serial_sys_i/serial2parallel_0/inst/counter_reg[29]/D
                            (rising edge-triggered cell FDRE clocked by sys_clk_pin  {rise@0.000ns fall@5.000ns period=10.000ns})
  Path Group:             sys_clk_pin
  Path Type:              Setup (Max at Slow Process Corner)
  Requirement:            10.000ns  (sys_clk_pin rise@10.000ns - sys_clk_pin rise@0.000ns)
  Data Path Delay:        7.157ns  (logic 2.763ns (38.606%)  route 4.394ns (61.394%))
  Logic Levels:           13  (CARRY4=8 LUT2=1 LUT4=1 LUT5=1 LUT6=2)
  Clock Path Skew:        -0.042ns (DCD - SCD + CPR)
    Destination Clock Delay (DCD):    4.852ns = ( 14.852 - 10.000 ) 
    Source Clock Delay      (SCD):    5.154ns
    Clock Pessimism Removal (CPR):    0.260ns
  Clock Uncertainty:      0.035ns  ((TSJ^2 + TIJ^2)^1/2 + DJ) / 2 + PE
    Total System Jitter     (TSJ):    0.071ns
    Total Input Jitter      (TIJ):    0.000ns
    Discrete Jitter          (DJ):    0.000ns
    Phase Error              (PE):    0.000ns

    Location             Delay type                Incr(ns)  Path(ns)    Netlist Resource(s)
  -------------------------------------------------------------------    -------------------
                         (clock sys_clk_pin rise edge)
                                                      0.000     0.000 r  
    W5                                                0.000     0.000 r  ap_clk (IN)
                         net (fo=0)                   0.000     0.000    ap_clk
    W5                   IBUF (Prop_ibuf_I_O)         1.458     1.458 r  ap_clk_IBUF_inst/O
                         net (fo=1, routed)           1.967     3.425    ap_clk_IBUF
    BUFGCTRL_X0Y0        BUFG (Prop_bufg_I_O)         0.096     3.521 r  ap_clk_IBUF_BUFG_inst/O
                         net (fo=79, routed)          1.633     5.154    paralle_serial_sys_i/parallel2serial_0/inst/ap_clk
    SLICE_X1Y14          FDRE                                         r  paralle_serial_sys_i/parallel2serial_0/inst/count_reg[23]/C
  -------------------------------------------------------------------    -------------------
    SLICE_X1Y14          FDRE (Prop_fdre_C_Q)         0.456     5.610 r  paralle_serial_sys_i/parallel2serial_0/inst/count_reg[23]/Q
                         net (fo=3, routed)           0.963     6.573    paralle_serial_sys_i/parallel2serial_0/inst/count_reg_n_0_[23]
    SLICE_X2Y13          LUT5 (Prop_lut5_I1_O)        0.124     6.697 f  paralle_serial_sys_i/parallel2serial_0/inst/serial_start[0]_INST_0_i_8/O
                         net (fo=1, routed)           0.778     7.476    paralle_serial_sys_i/parallel2serial_0/inst/serial_start[0]_INST_0_i_8_n_0
    SLICE_X2Y13          LUT4 (Prop_lut4_I1_O)        0.124     7.600 f  paralle_serial_sys_i/parallel2serial_0/inst/serial_start[0]_INST_0_i_1/O
                         net (fo=3, routed)           0.609     8.209    paralle_serial_sys_i/parallel2serial_0/inst/serial_start[0]_INST_0_i_1_n_0
    SLICE_X2Y11          LUT6 (Prop_lut6_I0_O)        0.124     8.333 f  paralle_serial_sys_i/parallel2serial_0/inst/serial_start[0]_INST_0/O
                         net (fo=97, routed)          0.953     9.286    paralle_serial_sys_i/serial2parallel_0/inst/serial_start[0]
    SLICE_X5Y9           LUT2 (Prop_lut2_I1_O)        0.124     9.410 r  paralle_serial_sys_i/serial2parallel_0/inst/counter[4]_i_3/O
                         net (fo=1, routed)           0.465     9.875    paralle_serial_sys_i/serial2parallel_0/inst/next_counter_1_fu_135_p3[0]
    SLICE_X6Y8           CARRY4 (Prop_carry4_CYINIT_CO[3])
                                                      0.595    10.470 r  paralle_serial_sys_i/serial2parallel_0/inst/counter_reg[4]_i_2/CO[3]
                         net (fo=1, routed)           0.000    10.470    paralle_serial_sys_i/serial2parallel_0/inst/counter_reg[4]_i_2_n_0
    SLICE_X6Y9           CARRY4 (Prop_carry4_CI_CO[3])
                                                      0.117    10.587 r  paralle_serial_sys_i/serial2parallel_0/inst/counter_reg[8]_i_2/CO[3]
                         net (fo=1, routed)           0.000    10.587    paralle_serial_sys_i/serial2parallel_0/inst/counter_reg[8]_i_2_n_0
    SLICE_X6Y10          CARRY4 (Prop_carry4_CI_CO[3])
                                                      0.117    10.704 r  paralle_serial_sys_i/serial2parallel_0/inst/counter_reg[12]_i_2/CO[3]
                         net (fo=1, routed)           0.000    10.704    paralle_serial_sys_i/serial2parallel_0/inst/counter_reg[12]_i_2_n_0
    SLICE_X6Y11          CARRY4 (Prop_carry4_CI_CO[3])
                                                      0.117    10.821 r  paralle_serial_sys_i/serial2parallel_0/inst/counter_reg[16]_i_2/CO[3]
                         net (fo=1, routed)           0.000    10.821    paralle_serial_sys_i/serial2parallel_0/inst/counter_reg[16]_i_2_n_0
    SLICE_X6Y12          CARRY4 (Prop_carry4_CI_CO[3])
                                                      0.117    10.938 r  paralle_serial_sys_i/serial2parallel_0/inst/counter_reg[20]_i_2/CO[3]
                         net (fo=1, routed)           0.000    10.938    paralle_serial_sys_i/serial2parallel_0/inst/counter_reg[20]_i_2_n_0
    SLICE_X6Y13          CARRY4 (Prop_carry4_CI_CO[3])
                                                      0.117    11.055 r  paralle_serial_sys_i/serial2parallel_0/inst/counter_reg[24]_i_2/CO[3]
                         net (fo=1, routed)           0.000    11.055    paralle_serial_sys_i/serial2parallel_0/inst/counter_reg[24]_i_2_n_0
    SLICE_X6Y14          CARRY4 (Prop_carry4_CI_CO[3])
                                                      0.117    11.172 r  paralle_serial_sys_i/serial2parallel_0/inst/counter_reg[28]_i_2/CO[3]
                         net (fo=1, routed)           0.000    11.172    paralle_serial_sys_i/serial2parallel_0/inst/counter_reg[28]_i_2_n_0
    SLICE_X6Y15          CARRY4 (Prop_carry4_CI_O[0])
                                                      0.219    11.391 r  paralle_serial_sys_i/serial2parallel_0/inst/counter_reg[31]_i_4/O[0]
                         net (fo=1, routed)           0.625    12.016    paralle_serial_sys_i/serial2parallel_0/inst/next_counter_3_fu_180_p2[29]
    SLICE_X7Y15          LUT6 (Prop_lut6_I5_O)        0.295    12.311 r  paralle_serial_sys_i/serial2parallel_0/inst/counter[29]_i_1/O
                         net (fo=1, routed)           0.000    12.311    paralle_serial_sys_i/serial2parallel_0/inst/counter[29]_i_1_n_0
    SLICE_X7Y15          FDRE                                         r  paralle_serial_sys_i/serial2parallel_0/inst/counter_reg[29]/D
  -------------------------------------------------------------------    -------------------

                         (clock sys_clk_pin rise edge)
                                                     10.000    10.000 r  
    W5                                                0.000    10.000 r  ap_clk (IN)
                         net (fo=0)                   0.000    10.000    ap_clk
    W5                   IBUF (Prop_ibuf_I_O)         1.388    11.388 r  ap_clk_IBUF_inst/O
                         net (fo=1, routed)           1.862    13.250    ap_clk_IBUF
    BUFGCTRL_X0Y0        BUFG (Prop_bufg_I_O)         0.091    13.341 r  ap_clk_IBUF_BUFG_inst/O
                         net (fo=79, routed)          1.511    14.852    paralle_serial_sys_i/serial2parallel_0/inst/ap_clk
    SLICE_X7Y15          FDRE                                         r  paralle_serial_sys_i/serial2parallel_0/inst/counter_reg[29]/C
                         clock pessimism              0.260    15.112    
                         clock uncertainty           -0.035    15.077    
    SLICE_X7Y15          FDRE (Setup_fdre_C_D)        0.029    15.106    paralle_serial_sys_i/serial2parallel_0/inst/counter_reg[29]
  -------------------------------------------------------------------
                         required time                         15.106    
                         arrival time                         -12.311    
  -------------------------------------------------------------------
                         slack                                  2.795    

Slack (MET) :             2.850ns  (required time - arrival time)
  Source:                 paralle_serial_sys_i/parallel2serial_0/inst/count_reg[23]/C
                            (rising edge-triggered cell FDRE clocked by sys_clk_pin  {rise@0.000ns fall@5.000ns period=10.000ns})
  Destination:            paralle_serial_sys_i/serial2parallel_0/inst/counter_reg[28]/D
                            (rising edge-triggered cell FDRE clocked by sys_clk_pin  {rise@0.000ns fall@5.000ns period=10.000ns})
  Path Group:             sys_clk_pin
  Path Type:              Setup (Max at Slow Process Corner)
  Requirement:            10.000ns  (sys_clk_pin rise@10.000ns - sys_clk_pin rise@0.000ns)
  Data Path Delay:        7.105ns  (logic 2.754ns (38.760%)  route 4.351ns (61.240%))
  Logic Levels:           12  (CARRY4=7 LUT2=1 LUT4=1 LUT5=1 LUT6=2)
  Clock Path Skew:        -0.041ns (DCD - SCD + CPR)
    Destination Clock Delay (DCD):    4.853ns = ( 14.853 - 10.000 ) 
    Source Clock Delay      (SCD):    5.154ns
    Clock Pessimism Removal (CPR):    0.260ns
  Clock Uncertainty:      0.035ns  ((TSJ^2 + TIJ^2)^1/2 + DJ) / 2 + PE
    Total System Jitter     (TSJ):    0.071ns
    Total Input Jitter      (TIJ):    0.000ns
    Discrete Jitter          (DJ):    0.000ns
    Phase Error              (PE):    0.000ns

    Location             Delay type                Incr(ns)  Path(ns)    Netlist Resource(s)
  -------------------------------------------------------------------    -------------------
                         (clock sys_clk_pin rise edge)
                                                      0.000     0.000 r  
    W5                                                0.000     0.000 r  ap_clk (IN)
                         net (fo=0)                   0.000     0.000    ap_clk
    W5                   IBUF (Prop_ibuf_I_O)         1.458     1.458 r  ap_clk_IBUF_inst/O
                         net (fo=1, routed)           1.967     3.425    ap_clk_IBUF
    BUFGCTRL_X0Y0        BUFG (Prop_bufg_I_O)         0.096     3.521 r  ap_clk_IBUF_BUFG_inst/O
                         net (fo=79, routed)          1.633     5.154    paralle_serial_sys_i/parallel2serial_0/inst/ap_clk
    SLICE_X1Y14          FDRE                                         r  paralle_serial_sys_i/parallel2serial_0/inst/count_reg[23]/C
  -------------------------------------------------------------------    -------------------
    SLICE_X1Y14          FDRE (Prop_fdre_C_Q)         0.456     5.610 r  paralle_serial_sys_i/parallel2serial_0/inst/count_reg[23]/Q
                         net (fo=3, routed)           0.963     6.573    paralle_serial_sys_i/parallel2serial_0/inst/count_reg_n_0_[23]
    SLICE_X2Y13          LUT5 (Prop_lut5_I1_O)        0.124     6.697 f  paralle_serial_sys_i/parallel2serial_0/inst/serial_start[0]_INST_0_i_8/O
                         net (fo=1, routed)           0.778     7.476    paralle_serial_sys_i/parallel2serial_0/inst/serial_start[0]_INST_0_i_8_n_0
    SLICE_X2Y13          LUT4 (Prop_lut4_I1_O)        0.124     7.600 f  paralle_serial_sys_i/parallel2serial_0/inst/serial_start[0]_INST_0_i_1/O
                         net (fo=3, routed)           0.609     8.209    paralle_serial_sys_i/parallel2serial_0/inst/serial_start[0]_INST_0_i_1_n_0
    SLICE_X2Y11          LUT6 (Prop_lut6_I0_O)        0.124     8.333 f  paralle_serial_sys_i/parallel2serial_0/inst/serial_start[0]_INST_0/O
                         net (fo=97, routed)          0.953     9.286    paralle_serial_sys_i/serial2parallel_0/inst/serial_start[0]
    SLICE_X5Y9           LUT2 (Prop_lut2_I1_O)        0.124     9.410 r  paralle_serial_sys_i/serial2parallel_0/inst/counter[4]_i_3/O
                         net (fo=1, routed)           0.465     9.875    paralle_serial_sys_i/serial2parallel_0/inst/next_counter_1_fu_135_p3[0]
    SLICE_X6Y8           CARRY4 (Prop_carry4_CYINIT_CO[3])
                                                      0.595    10.470 r  paralle_serial_sys_i/serial2parallel_0/inst/counter_reg[4]_i_2/CO[3]
                         net (fo=1, routed)           0.000    10.470    paralle_serial_sys_i/serial2parallel_0/inst/counter_reg[4]_i_2_n_0
    SLICE_X6Y9           CARRY4 (Prop_carry4_CI_CO[3])
                                                      0.117    10.587 r  paralle_serial_sys_i/serial2parallel_0/inst/counter_reg[8]_i_2/CO[3]
                         net (fo=1, routed)           0.000    10.587    paralle_serial_sys_i/serial2parallel_0/inst/counter_reg[8]_i_2_n_0
    SLICE_X6Y10          CARRY4 (Prop_carry4_CI_CO[3])
                                                      0.117    10.704 r  paralle_serial_sys_i/serial2parallel_0/inst/counter_reg[12]_i_2/CO[3]
                         net (fo=1, routed)           0.000    10.704    paralle_serial_sys_i/serial2parallel_0/inst/counter_reg[12]_i_2_n_0
    SLICE_X6Y11          CARRY4 (Prop_carry4_CI_CO[3])
                                                      0.117    10.821 r  paralle_serial_sys_i/serial2parallel_0/inst/counter_reg[16]_i_2/CO[3]
                         net (fo=1, routed)           0.000    10.821    paralle_serial_sys_i/serial2parallel_0/inst/counter_reg[16]_i_2_n_0
    SLICE_X6Y12          CARRY4 (Prop_carry4_CI_CO[3])
                                                      0.117    10.938 r  paralle_serial_sys_i/serial2parallel_0/inst/counter_reg[20]_i_2/CO[3]
                         net (fo=1, routed)           0.000    10.938    paralle_serial_sys_i/serial2parallel_0/inst/counter_reg[20]_i_2_n_0
    SLICE_X6Y13          CARRY4 (Prop_carry4_CI_CO[3])
                                                      0.117    11.055 r  paralle_serial_sys_i/serial2parallel_0/inst/counter_reg[24]_i_2/CO[3]
                         net (fo=1, routed)           0.000    11.055    paralle_serial_sys_i/serial2parallel_0/inst/counter_reg[24]_i_2_n_0
    SLICE_X6Y14          CARRY4 (Prop_carry4_CI_O[3])
                                                      0.315    11.370 r  paralle_serial_sys_i/serial2parallel_0/inst/counter_reg[28]_i_2/O[3]
                         net (fo=1, routed)           0.583    11.952    paralle_serial_sys_i/serial2parallel_0/inst/next_counter_3_fu_180_p2[28]
    SLICE_X7Y14          LUT6 (Prop_lut6_I5_O)        0.307    12.259 r  paralle_serial_sys_i/serial2parallel_0/inst/counter[28]_i_1/O
                         net (fo=1, routed)           0.000    12.259    paralle_serial_sys_i/serial2parallel_0/inst/counter[28]_i_1_n_0
    SLICE_X7Y14          FDRE                                         r  paralle_serial_sys_i/serial2parallel_0/inst/counter_reg[28]/D
  -------------------------------------------------------------------    -------------------

                         (clock sys_clk_pin rise edge)
                                                     10.000    10.000 r  
    W5                                                0.000    10.000 r  ap_clk (IN)
                         net (fo=0)                   0.000    10.000    ap_clk
    W5                   IBUF (Prop_ibuf_I_O)         1.388    11.388 r  ap_clk_IBUF_inst/O
                         net (fo=1, routed)           1.862    13.250    ap_clk_IBUF
    BUFGCTRL_X0Y0        BUFG (Prop_bufg_I_O)         0.091    13.341 r  ap_clk_IBUF_BUFG_inst/O
                         net (fo=79, routed)          1.512    14.853    paralle_serial_sys_i/serial2parallel_0/inst/ap_clk
    SLICE_X7Y14          FDRE                                         r  paralle_serial_sys_i/serial2parallel_0/inst/counter_reg[28]/C
                         clock pessimism              0.260    15.113    
                         clock uncertainty           -0.035    15.078    
    SLICE_X7Y14          FDRE (Setup_fdre_C_D)        0.032    15.110    paralle_serial_sys_i/serial2parallel_0/inst/counter_reg[28]
  -------------------------------------------------------------------
                         required time                         15.110    
                         arrival time                         -12.259    
  -------------------------------------------------------------------
                         slack                                  2.850    

Slack (MET) :             2.913ns  (required time - arrival time)
  Source:                 paralle_serial_sys_i/parallel2serial_0/inst/count_reg[23]/C
                            (rising edge-triggered cell FDRE clocked by sys_clk_pin  {rise@0.000ns fall@5.000ns period=10.000ns})
  Destination:            paralle_serial_sys_i/serial2parallel_0/inst/counter_reg[25]/D
                            (rising edge-triggered cell FDRE clocked by sys_clk_pin  {rise@0.000ns fall@5.000ns period=10.000ns})
  Path Group:             sys_clk_pin
  Path Type:              Setup (Max at Slow Process Corner)
  Requirement:            10.000ns  (sys_clk_pin rise@10.000ns - sys_clk_pin rise@0.000ns)
  Data Path Delay:        7.040ns  (logic 2.646ns (37.586%)  route 4.394ns (62.414%))
  Logic Levels:           12  (CARRY4=7 LUT2=1 LUT4=1 LUT5=1 LUT6=2)
  Clock Path Skew:        -0.041ns (DCD - SCD + CPR)
    Destination Clock Delay (DCD):    4.853ns = ( 14.853 - 10.000 ) 
    Source Clock Delay      (SCD):    5.154ns
    Clock Pessimism Removal (CPR):    0.260ns
  Clock Uncertainty:      0.035ns  ((TSJ^2 + TIJ^2)^1/2 + DJ) / 2 + PE
    Total System Jitter     (TSJ):    0.071ns
    Total Input Jitter      (TIJ):    0.000ns
    Discrete Jitter          (DJ):    0.000ns
    Phase Error              (PE):    0.000ns

    Location             Delay type                Incr(ns)  Path(ns)    Netlist Resource(s)
  -------------------------------------------------------------------    -------------------
                         (clock sys_clk_pin rise edge)
                                                      0.000     0.000 r  
    W5                                                0.000     0.000 r  ap_clk (IN)
                         net (fo=0)                   0.000     0.000    ap_clk
    W5                   IBUF (Prop_ibuf_I_O)         1.458     1.458 r  ap_clk_IBUF_inst/O
                         net (fo=1, routed)           1.967     3.425    ap_clk_IBUF
    BUFGCTRL_X0Y0        BUFG (Prop_bufg_I_O)         0.096     3.521 r  ap_clk_IBUF_BUFG_inst/O
                         net (fo=79, routed)          1.633     5.154    paralle_serial_sys_i/parallel2serial_0/inst/ap_clk
    SLICE_X1Y14          FDRE                                         r  paralle_serial_sys_i/parallel2serial_0/inst/count_reg[23]/C
  -------------------------------------------------------------------    -------------------
    SLICE_X1Y14          FDRE (Prop_fdre_C_Q)         0.456     5.610 r  paralle_serial_sys_i/parallel2serial_0/inst/count_reg[23]/Q
                         net (fo=3, routed)           0.963     6.573    paralle_serial_sys_i/parallel2serial_0/inst/count_reg_n_0_[23]
    SLICE_X2Y13          LUT5 (Prop_lut5_I1_O)        0.124     6.697 f  paralle_serial_sys_i/parallel2serial_0/inst/serial_start[0]_INST_0_i_8/O
                         net (fo=1, routed)           0.778     7.476    paralle_serial_sys_i/parallel2serial_0/inst/serial_start[0]_INST_0_i_8_n_0
    SLICE_X2Y13          LUT4 (Prop_lut4_I1_O)        0.124     7.600 f  paralle_serial_sys_i/parallel2serial_0/inst/serial_start[0]_INST_0_i_1/O
                         net (fo=3, routed)           0.609     8.209    paralle_serial_sys_i/parallel2serial_0/inst/serial_start[0]_INST_0_i_1_n_0
    SLICE_X2Y11          LUT6 (Prop_lut6_I0_O)        0.124     8.333 f  paralle_serial_sys_i/parallel2serial_0/inst/serial_start[0]_INST_0/O
                         net (fo=97, routed)          0.953     9.286    paralle_serial_sys_i/serial2parallel_0/inst/serial_start[0]
    SLICE_X5Y9           LUT2 (Prop_lut2_I1_O)        0.124     9.410 r  paralle_serial_sys_i/serial2parallel_0/inst/counter[4]_i_3/O
                         net (fo=1, routed)           0.465     9.875    paralle_serial_sys_i/serial2parallel_0/inst/next_counter_1_fu_135_p3[0]
    SLICE_X6Y8           CARRY4 (Prop_carry4_CYINIT_CO[3])
                                                      0.595    10.470 r  paralle_serial_sys_i/serial2parallel_0/inst/counter_reg[4]_i_2/CO[3]
                         net (fo=1, routed)           0.000    10.470    paralle_serial_sys_i/serial2parallel_0/inst/counter_reg[4]_i_2_n_0
    SLICE_X6Y9           CARRY4 (Prop_carry4_CI_CO[3])
                                                      0.117    10.587 r  paralle_serial_sys_i/serial2parallel_0/inst/counter_reg[8]_i_2/CO[3]
                         net (fo=1, routed)           0.000    10.587    paralle_serial_sys_i/serial2parallel_0/inst/counter_reg[8]_i_2_n_0
    SLICE_X6Y10          CARRY4 (Prop_carry4_CI_CO[3])
                                                      0.117    10.704 r  paralle_serial_sys_i/serial2parallel_0/inst/counter_reg[12]_i_2/CO[3]
                         net (fo=1, routed)           0.000    10.704    paralle_serial_sys_i/serial2parallel_0/inst/counter_reg[12]_i_2_n_0
    SLICE_X6Y11          CARRY4 (Prop_carry4_CI_CO[3])
                                                      0.117    10.821 r  paralle_serial_sys_i/serial2parallel_0/inst/counter_reg[16]_i_2/CO[3]
                         net (fo=1, routed)           0.000    10.821    paralle_serial_sys_i/serial2parallel_0/inst/counter_reg[16]_i_2_n_0
    SLICE_X6Y12          CARRY4 (Prop_carry4_CI_CO[3])
                                                      0.117    10.938 r  paralle_serial_sys_i/serial2parallel_0/inst/counter_reg[20]_i_2/CO[3]
                         net (fo=1, routed)           0.000    10.938    paralle_serial_sys_i/serial2parallel_0/inst/counter_reg[20]_i_2_n_0
    SLICE_X6Y13          CARRY4 (Prop_carry4_CI_CO[3])
                                                      0.117    11.055 r  paralle_serial_sys_i/serial2parallel_0/inst/counter_reg[24]_i_2/CO[3]
                         net (fo=1, routed)           0.000    11.055    paralle_serial_sys_i/serial2parallel_0/inst/counter_reg[24]_i_2_n_0
    SLICE_X6Y14          CARRY4 (Prop_carry4_CI_O[0])
                                                      0.219    11.274 r  paralle_serial_sys_i/serial2parallel_0/inst/counter_reg[28]_i_2/O[0]
                         net (fo=1, routed)           0.625    11.899    paralle_serial_sys_i/serial2parallel_0/inst/next_counter_3_fu_180_p2[25]
    SLICE_X7Y14          LUT6 (Prop_lut6_I5_O)        0.295    12.194 r  paralle_serial_sys_i/serial2parallel_0/inst/counter[25]_i_1/O
                         net (fo=1, routed)           0.000    12.194    paralle_serial_sys_i/serial2parallel_0/inst/counter[25]_i_1_n_0
    SLICE_X7Y14          FDRE                                         r  paralle_serial_sys_i/serial2parallel_0/inst/counter_reg[25]/D
  -------------------------------------------------------------------    -------------------

                         (clock sys_clk_pin rise edge)
                                                     10.000    10.000 r  
    W5                                                0.000    10.000 r  ap_clk (IN)
                         net (fo=0)                   0.000    10.000    ap_clk
    W5                   IBUF (Prop_ibuf_I_O)         1.388    11.388 r  ap_clk_IBUF_inst/O
                         net (fo=1, routed)           1.862    13.250    ap_clk_IBUF
    BUFGCTRL_X0Y0        BUFG (Prop_bufg_I_O)         0.091    13.341 r  ap_clk_IBUF_BUFG_inst/O
                         net (fo=79, routed)          1.512    14.853    paralle_serial_sys_i/serial2parallel_0/inst/ap_clk
    SLICE_X7Y14          FDRE                                         r  paralle_serial_sys_i/serial2parallel_0/inst/counter_reg[25]/C
                         clock pessimism              0.260    15.113    
                         clock uncertainty           -0.035    15.078    
    SLICE_X7Y14          FDRE (Setup_fdre_C_D)        0.029    15.107    paralle_serial_sys_i/serial2parallel_0/inst/counter_reg[25]
  -------------------------------------------------------------------
                         required time                         15.107    
                         arrival time                         -12.194    
  -------------------------------------------------------------------
                         slack                                  2.913    

Slack (MET) :             2.925ns  (required time - arrival time)
  Source:                 paralle_serial_sys_i/parallel2serial_0/inst/count_reg[23]/C
                            (rising edge-triggered cell FDRE clocked by sys_clk_pin  {rise@0.000ns fall@5.000ns period=10.000ns})
  Destination:            paralle_serial_sys_i/serial2parallel_0/inst/counter_reg[24]/D
                            (rising edge-triggered cell FDRE clocked by sys_clk_pin  {rise@0.000ns fall@5.000ns period=10.000ns})
  Path Group:             sys_clk_pin
  Path Type:              Setup (Max at Slow Process Corner)
  Requirement:            10.000ns  (sys_clk_pin rise@10.000ns - sys_clk_pin rise@0.000ns)
  Data Path Delay:        7.031ns  (logic 2.637ns (37.505%)  route 4.394ns (62.495%))
  Logic Levels:           11  (CARRY4=6 LUT2=1 LUT4=1 LUT5=1 LUT6=2)
  Clock Path Skew:        -0.041ns (DCD - SCD + CPR)
    Destination Clock Delay (DCD):    4.853ns = ( 14.853 - 10.000 ) 
    Source Clock Delay      (SCD):    5.154ns
    Clock Pessimism Removal (CPR):    0.260ns
  Clock Uncertainty:      0.035ns  ((TSJ^2 + TIJ^2)^1/2 + DJ) / 2 + PE
    Total System Jitter     (TSJ):    0.071ns
    Total Input Jitter      (TIJ):    0.000ns
    Discrete Jitter          (DJ):    0.000ns
    Phase Error              (PE):    0.000ns

    Location             Delay type                Incr(ns)  Path(ns)    Netlist Resource(s)
  -------------------------------------------------------------------    -------------------
                         (clock sys_clk_pin rise edge)
                                                      0.000     0.000 r  
    W5                                                0.000     0.000 r  ap_clk (IN)
                         net (fo=0)                   0.000     0.000    ap_clk
    W5                   IBUF (Prop_ibuf_I_O)         1.458     1.458 r  ap_clk_IBUF_inst/O
                         net (fo=1, routed)           1.967     3.425    ap_clk_IBUF
    BUFGCTRL_X0Y0        BUFG (Prop_bufg_I_O)         0.096     3.521 r  ap_clk_IBUF_BUFG_inst/O
                         net (fo=79, routed)          1.633     5.154    paralle_serial_sys_i/parallel2serial_0/inst/ap_clk
    SLICE_X1Y14          FDRE                                         r  paralle_serial_sys_i/parallel2serial_0/inst/count_reg[23]/C
  -------------------------------------------------------------------    -------------------
    SLICE_X1Y14          FDRE (Prop_fdre_C_Q)         0.456     5.610 r  paralle_serial_sys_i/parallel2serial_0/inst/count_reg[23]/Q
                         net (fo=3, routed)           0.963     6.573    paralle_serial_sys_i/parallel2serial_0/inst/count_reg_n_0_[23]
    SLICE_X2Y13          LUT5 (Prop_lut5_I1_O)        0.124     6.697 f  paralle_serial_sys_i/parallel2serial_0/inst/serial_start[0]_INST_0_i_8/O
                         net (fo=1, routed)           0.778     7.476    paralle_serial_sys_i/parallel2serial_0/inst/serial_start[0]_INST_0_i_8_n_0
    SLICE_X2Y13          LUT4 (Prop_lut4_I1_O)        0.124     7.600 f  paralle_serial_sys_i/parallel2serial_0/inst/serial_start[0]_INST_0_i_1/O
                         net (fo=3, routed)           0.609     8.209    paralle_serial_sys_i/parallel2serial_0/inst/serial_start[0]_INST_0_i_1_n_0
    SLICE_X2Y11          LUT6 (Prop_lut6_I0_O)        0.124     8.333 f  paralle_serial_sys_i/parallel2serial_0/inst/serial_start[0]_INST_0/O
                         net (fo=97, routed)          0.953     9.286    paralle_serial_sys_i/serial2parallel_0/inst/serial_start[0]
    SLICE_X5Y9           LUT2 (Prop_lut2_I1_O)        0.124     9.410 r  paralle_serial_sys_i/serial2parallel_0/inst/counter[4]_i_3/O
                         net (fo=1, routed)           0.465     9.875    paralle_serial_sys_i/serial2parallel_0/inst/next_counter_1_fu_135_p3[0]
    SLICE_X6Y8           CARRY4 (Prop_carry4_CYINIT_CO[3])
                                                      0.595    10.470 r  paralle_serial_sys_i/serial2parallel_0/inst/counter_reg[4]_i_2/CO[3]
                         net (fo=1, routed)           0.000    10.470    paralle_serial_sys_i/serial2parallel_0/inst/counter_reg[4]_i_2_n_0
    SLICE_X6Y9           CARRY4 (Prop_carry4_CI_CO[3])
                                                      0.117    10.587 r  paralle_serial_sys_i/serial2parallel_0/inst/counter_reg[8]_i_2/CO[3]
                         net (fo=1, routed)           0.000    10.587    paralle_serial_sys_i/serial2parallel_0/inst/counter_reg[8]_i_2_n_0
    SLICE_X6Y10          CARRY4 (Prop_carry4_CI_CO[3])
                                                      0.117    10.704 r  paralle_serial_sys_i/serial2parallel_0/inst/counter_reg[12]_i_2/CO[3]
                         net (fo=1, routed)           0.000    10.704    paralle_serial_sys_i/serial2parallel_0/inst/counter_reg[12]_i_2_n_0
    SLICE_X6Y11          CARRY4 (Prop_carry4_CI_CO[3])
                                                      0.117    10.821 r  paralle_serial_sys_i/serial2parallel_0/inst/counter_reg[16]_i_2/CO[3]
                         net (fo=1, routed)           0.000    10.821    paralle_serial_sys_i/serial2parallel_0/inst/counter_reg[16]_i_2_n_0
    SLICE_X6Y12          CARRY4 (Prop_carry4_CI_CO[3])
                                                      0.117    10.938 r  paralle_serial_sys_i/serial2parallel_0/inst/counter_reg[20]_i_2/CO[3]
                         net (fo=1, routed)           0.000    10.938    paralle_serial_sys_i/serial2parallel_0/inst/counter_reg[20]_i_2_n_0
    SLICE_X6Y13          CARRY4 (Prop_carry4_CI_O[3])
                                                      0.315    11.253 r  paralle_serial_sys_i/serial2parallel_0/inst/counter_reg[24]_i_2/O[3]
                         net (fo=1, routed)           0.626    11.878    paralle_serial_sys_i/serial2parallel_0/inst/next_counter_3_fu_180_p2[24]
    SLICE_X7Y13          LUT6 (Prop_lut6_I5_O)        0.307    12.185 r  paralle_serial_sys_i/serial2parallel_0/inst/counter[24]_i_1/O
                         net (fo=1, routed)           0.000    12.185    paralle_serial_sys_i/serial2parallel_0/inst/counter[24]_i_1_n_0
    SLICE_X7Y13          FDRE                                         r  paralle_serial_sys_i/serial2parallel_0/inst/counter_reg[24]/D
  -------------------------------------------------------------------    -------------------

                         (clock sys_clk_pin rise edge)
                                                     10.000    10.000 r  
    W5                                                0.000    10.000 r  ap_clk (IN)
                         net (fo=0)                   0.000    10.000    ap_clk
    W5                   IBUF (Prop_ibuf_I_O)         1.388    11.388 r  ap_clk_IBUF_inst/O
                         net (fo=1, routed)           1.862    13.250    ap_clk_IBUF
    BUFGCTRL_X0Y0        BUFG (Prop_bufg_I_O)         0.091    13.341 r  ap_clk_IBUF_BUFG_inst/O
                         net (fo=79, routed)          1.512    14.853    paralle_serial_sys_i/serial2parallel_0/inst/ap_clk
    SLICE_X7Y13          FDRE                                         r  paralle_serial_sys_i/serial2parallel_0/inst/counter_reg[24]/C
                         clock pessimism              0.260    15.113    
                         clock uncertainty           -0.035    15.078    
    SLICE_X7Y13          FDRE (Setup_fdre_C_D)        0.032    15.110    paralle_serial_sys_i/serial2parallel_0/inst/counter_reg[24]
  -------------------------------------------------------------------
                         required time                         15.110    
                         arrival time                         -12.185    
  -------------------------------------------------------------------
                         slack                                  2.925    

Slack (MET) :             2.963ns  (required time - arrival time)
  Source:                 paralle_serial_sys_i/parallel2serial_0/inst/count_reg[23]/C
                            (rising edge-triggered cell FDRE clocked by sys_clk_pin  {rise@0.000ns fall@5.000ns period=10.000ns})
  Destination:            paralle_serial_sys_i/serial2parallel_0/inst/counter_reg[30]/D
                            (rising edge-triggered cell FDRE clocked by sys_clk_pin  {rise@0.000ns fall@5.000ns period=10.000ns})
  Path Group:             sys_clk_pin
  Path Type:              Setup (Max at Slow Process Corner)
  Requirement:            10.000ns  (sys_clk_pin rise@10.000ns - sys_clk_pin rise@0.000ns)
  Data Path Delay:        6.990ns  (logic 2.878ns (41.171%)  route 4.112ns (58.829%))
  Logic Levels:           13  (CARRY4=8 LUT2=1 LUT4=1 LUT5=1 LUT6=2)
  Clock Path Skew:        -0.042ns (DCD - SCD + CPR)
    Destination Clock Delay (DCD):    4.852ns = ( 14.852 - 10.000 ) 
    Source Clock Delay      (SCD):    5.154ns
    Clock Pessimism Removal (CPR):    0.260ns
  Clock Uncertainty:      0.035ns  ((TSJ^2 + TIJ^2)^1/2 + DJ) / 2 + PE
    Total System Jitter     (TSJ):    0.071ns
    Total Input Jitter      (TIJ):    0.000ns
    Discrete Jitter          (DJ):    0.000ns
    Phase Error              (PE):    0.000ns

    Location             Delay type                Incr(ns)  Path(ns)    Netlist Resource(s)
  -------------------------------------------------------------------    -------------------
                         (clock sys_clk_pin rise edge)
                                                      0.000     0.000 r  
    W5                                                0.000     0.000 r  ap_clk (IN)
                         net (fo=0)                   0.000     0.000    ap_clk
    W5                   IBUF (Prop_ibuf_I_O)         1.458     1.458 r  ap_clk_IBUF_inst/O
                         net (fo=1, routed)           1.967     3.425    ap_clk_IBUF
    BUFGCTRL_X0Y0        BUFG (Prop_bufg_I_O)         0.096     3.521 r  ap_clk_IBUF_BUFG_inst/O
                         net (fo=79, routed)          1.633     5.154    paralle_serial_sys_i/parallel2serial_0/inst/ap_clk
    SLICE_X1Y14          FDRE                                         r  paralle_serial_sys_i/parallel2serial_0/inst/count_reg[23]/C
  -------------------------------------------------------------------    -------------------
    SLICE_X1Y14          FDRE (Prop_fdre_C_Q)         0.456     5.610 r  paralle_serial_sys_i/parallel2serial_0/inst/count_reg[23]/Q
                         net (fo=3, routed)           0.963     6.573    paralle_serial_sys_i/parallel2serial_0/inst/count_reg_n_0_[23]
    SLICE_X2Y13          LUT5 (Prop_lut5_I1_O)        0.124     6.697 f  paralle_serial_sys_i/parallel2serial_0/inst/serial_start[0]_INST_0_i_8/O
                         net (fo=1, routed)           0.778     7.476    paralle_serial_sys_i/parallel2serial_0/inst/serial_start[0]_INST_0_i_8_n_0
    SLICE_X2Y13          LUT4 (Prop_lut4_I1_O)        0.124     7.600 f  paralle_serial_sys_i/parallel2serial_0/inst/serial_start[0]_INST_0_i_1/O
                         net (fo=3, routed)           0.609     8.209    paralle_serial_sys_i/parallel2serial_0/inst/serial_start[0]_INST_0_i_1_n_0
    SLICE_X2Y11          LUT6 (Prop_lut6_I0_O)        0.124     8.333 f  paralle_serial_sys_i/parallel2serial_0/inst/serial_start[0]_INST_0/O
                         net (fo=97, routed)          0.953     9.286    paralle_serial_sys_i/serial2parallel_0/inst/serial_start[0]
    SLICE_X5Y9           LUT2 (Prop_lut2_I1_O)        0.124     9.410 r  paralle_serial_sys_i/serial2parallel_0/inst/counter[4]_i_3/O
                         net (fo=1, routed)           0.465     9.875    paralle_serial_sys_i/serial2parallel_0/inst/next_counter_1_fu_135_p3[0]
    SLICE_X6Y8           CARRY4 (Prop_carry4_CYINIT_CO[3])
                                                      0.595    10.470 r  paralle_serial_sys_i/serial2parallel_0/inst/counter_reg[4]_i_2/CO[3]
                         net (fo=1, routed)           0.000    10.470    paralle_serial_sys_i/serial2parallel_0/inst/counter_reg[4]_i_2_n_0
    SLICE_X6Y9           CARRY4 (Prop_carry4_CI_CO[3])
                                                      0.117    10.587 r  paralle_serial_sys_i/serial2parallel_0/inst/counter_reg[8]_i_2/CO[3]
                         net (fo=1, routed)           0.000    10.587    paralle_serial_sys_i/serial2parallel_0/inst/counter_reg[8]_i_2_n_0
    SLICE_X6Y10          CARRY4 (Prop_carry4_CI_CO[3])
                                                      0.117    10.704 r  paralle_serial_sys_i/serial2parallel_0/inst/counter_reg[12]_i_2/CO[3]
                         net (fo=1, routed)           0.000    10.704    paralle_serial_sys_i/serial2parallel_0/inst/counter_reg[12]_i_2_n_0
    SLICE_X6Y11          CARRY4 (Prop_carry4_CI_CO[3])
                                                      0.117    10.821 r  paralle_serial_sys_i/serial2parallel_0/inst/counter_reg[16]_i_2/CO[3]
                         net (fo=1, routed)           0.000    10.821    paralle_serial_sys_i/serial2parallel_0/inst/counter_reg[16]_i_2_n_0
    SLICE_X6Y12          CARRY4 (Prop_carry4_CI_CO[3])
                                                      0.117    10.938 r  paralle_serial_sys_i/serial2parallel_0/inst/counter_reg[20]_i_2/CO[3]
                         net (fo=1, routed)           0.000    10.938    paralle_serial_sys_i/serial2parallel_0/inst/counter_reg[20]_i_2_n_0
    SLICE_X6Y13          CARRY4 (Prop_carry4_CI_CO[3])
                                                      0.117    11.055 r  paralle_serial_sys_i/serial2parallel_0/inst/counter_reg[24]_i_2/CO[3]
                         net (fo=1, routed)           0.000    11.055    paralle_serial_sys_i/serial2parallel_0/inst/counter_reg[24]_i_2_n_0
    SLICE_X6Y14          CARRY4 (Prop_carry4_CI_CO[3])
                                                      0.117    11.172 r  paralle_serial_sys_i/serial2parallel_0/inst/counter_reg[28]_i_2/CO[3]
                         net (fo=1, routed)           0.000    11.172    paralle_serial_sys_i/serial2parallel_0/inst/counter_reg[28]_i_2_n_0
    SLICE_X6Y15          CARRY4 (Prop_carry4_CI_O[1])
                                                      0.323    11.495 r  paralle_serial_sys_i/serial2parallel_0/inst/counter_reg[31]_i_4/O[1]
                         net (fo=1, routed)           0.344    11.839    paralle_serial_sys_i/serial2parallel_0/inst/next_counter_3_fu_180_p2[30]
    SLICE_X7Y15          LUT6 (Prop_lut6_I5_O)        0.306    12.145 r  paralle_serial_sys_i/serial2parallel_0/inst/counter[30]_i_1/O
                         net (fo=1, routed)           0.000    12.145    paralle_serial_sys_i/serial2parallel_0/inst/counter[30]_i_1_n_0
    SLICE_X7Y15          FDRE                                         r  paralle_serial_sys_i/serial2parallel_0/inst/counter_reg[30]/D
  -------------------------------------------------------------------    -------------------

                         (clock sys_clk_pin rise edge)
                                                     10.000    10.000 r  
    W5                                                0.000    10.000 r  ap_clk (IN)
                         net (fo=0)                   0.000    10.000    ap_clk
    W5                   IBUF (Prop_ibuf_I_O)         1.388    11.388 r  ap_clk_IBUF_inst/O
                         net (fo=1, routed)           1.862    13.250    ap_clk_IBUF
    BUFGCTRL_X0Y0        BUFG (Prop_bufg_I_O)         0.091    13.341 r  ap_clk_IBUF_BUFG_inst/O
                         net (fo=79, routed)          1.511    14.852    paralle_serial_sys_i/serial2parallel_0/inst/ap_clk
    SLICE_X7Y15          FDRE                                         r  paralle_serial_sys_i/serial2parallel_0/inst/counter_reg[30]/C
                         clock pessimism              0.260    15.112    
                         clock uncertainty           -0.035    15.077    
    SLICE_X7Y15          FDRE (Setup_fdre_C_D)        0.031    15.108    paralle_serial_sys_i/serial2parallel_0/inst/counter_reg[30]
  -------------------------------------------------------------------
                         required time                         15.108    
                         arrival time                         -12.145    
  -------------------------------------------------------------------
                         slack                                  2.963    

Slack (MET) :             3.030ns  (required time - arrival time)
  Source:                 paralle_serial_sys_i/parallel2serial_0/inst/count_reg[23]/C
                            (rising edge-triggered cell FDRE clocked by sys_clk_pin  {rise@0.000ns fall@5.000ns period=10.000ns})
  Destination:            paralle_serial_sys_i/serial2parallel_0/inst/counter_reg[21]/D
                            (rising edge-triggered cell FDRE clocked by sys_clk_pin  {rise@0.000ns fall@5.000ns period=10.000ns})
  Path Group:             sys_clk_pin
  Path Type:              Setup (Max at Slow Process Corner)
  Requirement:            10.000ns  (sys_clk_pin rise@10.000ns - sys_clk_pin rise@0.000ns)
  Data Path Delay:        6.923ns  (logic 2.529ns (36.531%)  route 4.394ns (63.469%))
  Logic Levels:           11  (CARRY4=6 LUT2=1 LUT4=1 LUT5=1 LUT6=2)
  Clock Path Skew:        -0.041ns (DCD - SCD + CPR)
    Destination Clock Delay (DCD):    4.853ns = ( 14.853 - 10.000 ) 
    Source Clock Delay      (SCD):    5.154ns
    Clock Pessimism Removal (CPR):    0.260ns
  Clock Uncertainty:      0.035ns  ((TSJ^2 + TIJ^2)^1/2 + DJ) / 2 + PE
    Total System Jitter     (TSJ):    0.071ns
    Total Input Jitter      (TIJ):    0.000ns
    Discrete Jitter          (DJ):    0.000ns
    Phase Error              (PE):    0.000ns

    Location             Delay type                Incr(ns)  Path(ns)    Netlist Resource(s)
  -------------------------------------------------------------------    -------------------
                         (clock sys_clk_pin rise edge)
                                                      0.000     0.000 r  
    W5                                                0.000     0.000 r  ap_clk (IN)
                         net (fo=0)                   0.000     0.000    ap_clk
    W5                   IBUF (Prop_ibuf_I_O)         1.458     1.458 r  ap_clk_IBUF_inst/O
                         net (fo=1, routed)           1.967     3.425    ap_clk_IBUF
    BUFGCTRL_X0Y0        BUFG (Prop_bufg_I_O)         0.096     3.521 r  ap_clk_IBUF_BUFG_inst/O
                         net (fo=79, routed)          1.633     5.154    paralle_serial_sys_i/parallel2serial_0/inst/ap_clk
    SLICE_X1Y14          FDRE                                         r  paralle_serial_sys_i/parallel2serial_0/inst/count_reg[23]/C
  -------------------------------------------------------------------    -------------------
    SLICE_X1Y14          FDRE (Prop_fdre_C_Q)         0.456     5.610 r  paralle_serial_sys_i/parallel2serial_0/inst/count_reg[23]/Q
                         net (fo=3, routed)           0.963     6.573    paralle_serial_sys_i/parallel2serial_0/inst/count_reg_n_0_[23]
    SLICE_X2Y13          LUT5 (Prop_lut5_I1_O)        0.124     6.697 f  paralle_serial_sys_i/parallel2serial_0/inst/serial_start[0]_INST_0_i_8/O
                         net (fo=1, routed)           0.778     7.476    paralle_serial_sys_i/parallel2serial_0/inst/serial_start[0]_INST_0_i_8_n_0
    SLICE_X2Y13          LUT4 (Prop_lut4_I1_O)        0.124     7.600 f  paralle_serial_sys_i/parallel2serial_0/inst/serial_start[0]_INST_0_i_1/O
                         net (fo=3, routed)           0.609     8.209    paralle_serial_sys_i/parallel2serial_0/inst/serial_start[0]_INST_0_i_1_n_0
    SLICE_X2Y11          LUT6 (Prop_lut6_I0_O)        0.124     8.333 f  paralle_serial_sys_i/parallel2serial_0/inst/serial_start[0]_INST_0/O
                         net (fo=97, routed)          0.953     9.286    paralle_serial_sys_i/serial2parallel_0/inst/serial_start[0]
    SLICE_X5Y9           LUT2 (Prop_lut2_I1_O)        0.124     9.410 r  paralle_serial_sys_i/serial2parallel_0/inst/counter[4]_i_3/O
                         net (fo=1, routed)           0.465     9.875    paralle_serial_sys_i/serial2parallel_0/inst/next_counter_1_fu_135_p3[0]
    SLICE_X6Y8           CARRY4 (Prop_carry4_CYINIT_CO[3])
                                                      0.595    10.470 r  paralle_serial_sys_i/serial2parallel_0/inst/counter_reg[4]_i_2/CO[3]
                         net (fo=1, routed)           0.000    10.470    paralle_serial_sys_i/serial2parallel_0/inst/counter_reg[4]_i_2_n_0
    SLICE_X6Y9           CARRY4 (Prop_carry4_CI_CO[3])
                                                      0.117    10.587 r  paralle_serial_sys_i/serial2parallel_0/inst/counter_reg[8]_i_2/CO[3]
                         net (fo=1, routed)           0.000    10.587    paralle_serial_sys_i/serial2parallel_0/inst/counter_reg[8]_i_2_n_0
    SLICE_X6Y10          CARRY4 (Prop_carry4_CI_CO[3])
                                                      0.117    10.704 r  paralle_serial_sys_i/serial2parallel_0/inst/counter_reg[12]_i_2/CO[3]
                         net (fo=1, routed)           0.000    10.704    paralle_serial_sys_i/serial2parallel_0/inst/counter_reg[12]_i_2_n_0
    SLICE_X6Y11          CARRY4 (Prop_carry4_CI_CO[3])
                                                      0.117    10.821 r  paralle_serial_sys_i/serial2parallel_0/inst/counter_reg[16]_i_2/CO[3]
                         net (fo=1, routed)           0.000    10.821    paralle_serial_sys_i/serial2parallel_0/inst/counter_reg[16]_i_2_n_0
    SLICE_X6Y12          CARRY4 (Prop_carry4_CI_CO[3])
                                                      0.117    10.938 r  paralle_serial_sys_i/serial2parallel_0/inst/counter_reg[20]_i_2/CO[3]
                         net (fo=1, routed)           0.000    10.938    paralle_serial_sys_i/serial2parallel_0/inst/counter_reg[20]_i_2_n_0
    SLICE_X6Y13          CARRY4 (Prop_carry4_CI_O[0])
                                                      0.219    11.157 r  paralle_serial_sys_i/serial2parallel_0/inst/counter_reg[24]_i_2/O[0]
                         net (fo=1, routed)           0.625    11.782    paralle_serial_sys_i/serial2parallel_0/inst/next_counter_3_fu_180_p2[21]
    SLICE_X7Y13          LUT6 (Prop_lut6_I5_O)        0.295    12.077 r  paralle_serial_sys_i/serial2parallel_0/inst/counter[21]_i_1/O
                         net (fo=1, routed)           0.000    12.077    paralle_serial_sys_i/serial2parallel_0/inst/counter[21]_i_1_n_0
    SLICE_X7Y13          FDRE                                         r  paralle_serial_sys_i/serial2parallel_0/inst/counter_reg[21]/D
  -------------------------------------------------------------------    -------------------

                         (clock sys_clk_pin rise edge)
                                                     10.000    10.000 r  
    W5                                                0.000    10.000 r  ap_clk (IN)
                         net (fo=0)                   0.000    10.000    ap_clk
    W5                   IBUF (Prop_ibuf_I_O)         1.388    11.388 r  ap_clk_IBUF_inst/O
                         net (fo=1, routed)           1.862    13.250    ap_clk_IBUF
    BUFGCTRL_X0Y0        BUFG (Prop_bufg_I_O)         0.091    13.341 r  ap_clk_IBUF_BUFG_inst/O
                         net (fo=79, routed)          1.512    14.853    paralle_serial_sys_i/serial2parallel_0/inst/ap_clk
    SLICE_X7Y13          FDRE                                         r  paralle_serial_sys_i/serial2parallel_0/inst/counter_reg[21]/C
                         clock pessimism              0.260    15.113    
                         clock uncertainty           -0.035    15.078    
    SLICE_X7Y13          FDRE (Setup_fdre_C_D)        0.029    15.107    paralle_serial_sys_i/serial2parallel_0/inst/counter_reg[21]
  -------------------------------------------------------------------
                         required time                         15.107    
                         arrival time                         -12.077    
  -------------------------------------------------------------------
                         slack                                  3.030    

Slack (MET) :             3.043ns  (required time - arrival time)
  Source:                 paralle_serial_sys_i/parallel2serial_0/inst/count_reg[23]/C
                            (rising edge-triggered cell FDRE clocked by sys_clk_pin  {rise@0.000ns fall@5.000ns period=10.000ns})
  Destination:            paralle_serial_sys_i/serial2parallel_0/inst/counter_reg[20]/D
                            (rising edge-triggered cell FDRE clocked by sys_clk_pin  {rise@0.000ns fall@5.000ns period=10.000ns})
  Path Group:             sys_clk_pin
  Path Type:              Setup (Max at Slow Process Corner)
  Requirement:            10.000ns  (sys_clk_pin rise@10.000ns - sys_clk_pin rise@0.000ns)
  Data Path Delay:        6.914ns  (logic 2.520ns (36.448%)  route 4.394ns (63.552%))
  Logic Levels:           10  (CARRY4=5 LUT2=1 LUT4=1 LUT5=1 LUT6=2)
  Clock Path Skew:        -0.040ns (DCD - SCD + CPR)
    Destination Clock Delay (DCD):    4.854ns = ( 14.854 - 10.000 ) 
    Source Clock Delay      (SCD):    5.154ns
    Clock Pessimism Removal (CPR):    0.260ns
  Clock Uncertainty:      0.035ns  ((TSJ^2 + TIJ^2)^1/2 + DJ) / 2 + PE
    Total System Jitter     (TSJ):    0.071ns
    Total Input Jitter      (TIJ):    0.000ns
    Discrete Jitter          (DJ):    0.000ns
    Phase Error              (PE):    0.000ns

    Location             Delay type                Incr(ns)  Path(ns)    Netlist Resource(s)
  -------------------------------------------------------------------    -------------------
                         (clock sys_clk_pin rise edge)
                                                      0.000     0.000 r  
    W5                                                0.000     0.000 r  ap_clk (IN)
                         net (fo=0)                   0.000     0.000    ap_clk
    W5                   IBUF (Prop_ibuf_I_O)         1.458     1.458 r  ap_clk_IBUF_inst/O
                         net (fo=1, routed)           1.967     3.425    ap_clk_IBUF
    BUFGCTRL_X0Y0        BUFG (Prop_bufg_I_O)         0.096     3.521 r  ap_clk_IBUF_BUFG_inst/O
                         net (fo=79, routed)          1.633     5.154    paralle_serial_sys_i/parallel2serial_0/inst/ap_clk
    SLICE_X1Y14          FDRE                                         r  paralle_serial_sys_i/parallel2serial_0/inst/count_reg[23]/C
  -------------------------------------------------------------------    -------------------
    SLICE_X1Y14          FDRE (Prop_fdre_C_Q)         0.456     5.610 r  paralle_serial_sys_i/parallel2serial_0/inst/count_reg[23]/Q
                         net (fo=3, routed)           0.963     6.573    paralle_serial_sys_i/parallel2serial_0/inst/count_reg_n_0_[23]
    SLICE_X2Y13          LUT5 (Prop_lut5_I1_O)        0.124     6.697 f  paralle_serial_sys_i/parallel2serial_0/inst/serial_start[0]_INST_0_i_8/O
                         net (fo=1, routed)           0.778     7.476    paralle_serial_sys_i/parallel2serial_0/inst/serial_start[0]_INST_0_i_8_n_0
    SLICE_X2Y13          LUT4 (Prop_lut4_I1_O)        0.124     7.600 f  paralle_serial_sys_i/parallel2serial_0/inst/serial_start[0]_INST_0_i_1/O
                         net (fo=3, routed)           0.609     8.209    paralle_serial_sys_i/parallel2serial_0/inst/serial_start[0]_INST_0_i_1_n_0
    SLICE_X2Y11          LUT6 (Prop_lut6_I0_O)        0.124     8.333 f  paralle_serial_sys_i/parallel2serial_0/inst/serial_start[0]_INST_0/O
                         net (fo=97, routed)          0.953     9.286    paralle_serial_sys_i/serial2parallel_0/inst/serial_start[0]
    SLICE_X5Y9           LUT2 (Prop_lut2_I1_O)        0.124     9.410 r  paralle_serial_sys_i/serial2parallel_0/inst/counter[4]_i_3/O
                         net (fo=1, routed)           0.465     9.875    paralle_serial_sys_i/serial2parallel_0/inst/next_counter_1_fu_135_p3[0]
    SLICE_X6Y8           CARRY4 (Prop_carry4_CYINIT_CO[3])
                                                      0.595    10.470 r  paralle_serial_sys_i/serial2parallel_0/inst/counter_reg[4]_i_2/CO[3]
                         net (fo=1, routed)           0.000    10.470    paralle_serial_sys_i/serial2parallel_0/inst/counter_reg[4]_i_2_n_0
    SLICE_X6Y9           CARRY4 (Prop_carry4_CI_CO[3])
                                                      0.117    10.587 r  paralle_serial_sys_i/serial2parallel_0/inst/counter_reg[8]_i_2/CO[3]
                         net (fo=1, routed)           0.000    10.587    paralle_serial_sys_i/serial2parallel_0/inst/counter_reg[8]_i_2_n_0
    SLICE_X6Y10          CARRY4 (Prop_carry4_CI_CO[3])
                                                      0.117    10.704 r  paralle_serial_sys_i/serial2parallel_0/inst/counter_reg[12]_i_2/CO[3]
                         net (fo=1, routed)           0.000    10.704    paralle_serial_sys_i/serial2parallel_0/inst/counter_reg[12]_i_2_n_0
    SLICE_X6Y11          CARRY4 (Prop_carry4_CI_CO[3])
                                                      0.117    10.821 r  paralle_serial_sys_i/serial2parallel_0/inst/counter_reg[16]_i_2/CO[3]
                         net (fo=1, routed)           0.000    10.821    paralle_serial_sys_i/serial2parallel_0/inst/counter_reg[16]_i_2_n_0
    SLICE_X6Y12          CARRY4 (Prop_carry4_CI_O[3])
                                                      0.315    11.136 r  paralle_serial_sys_i/serial2parallel_0/inst/counter_reg[20]_i_2/O[3]
                         net (fo=1, routed)           0.626    11.761    paralle_serial_sys_i/serial2parallel_0/inst/next_counter_3_fu_180_p2[20]
    SLICE_X7Y12          LUT6 (Prop_lut6_I5_O)        0.307    12.068 r  paralle_serial_sys_i/serial2parallel_0/inst/counter[20]_i_1/O
                         net (fo=1, routed)           0.000    12.068    paralle_serial_sys_i/serial2parallel_0/inst/counter[20]_i_1_n_0
    SLICE_X7Y12          FDRE                                         r  paralle_serial_sys_i/serial2parallel_0/inst/counter_reg[20]/D
  -------------------------------------------------------------------    -------------------

                         (clock sys_clk_pin rise edge)
                                                     10.000    10.000 r  
    W5                                                0.000    10.000 r  ap_clk (IN)
                         net (fo=0)                   0.000    10.000    ap_clk
    W5                   IBUF (Prop_ibuf_I_O)         1.388    11.388 r  ap_clk_IBUF_inst/O
                         net (fo=1, routed)           1.862    13.250    ap_clk_IBUF
    BUFGCTRL_X0Y0        BUFG (Prop_bufg_I_O)         0.091    13.341 r  ap_clk_IBUF_BUFG_inst/O
                         net (fo=79, routed)          1.513    14.854    paralle_serial_sys_i/serial2parallel_0/inst/ap_clk
    SLICE_X7Y12          FDRE                                         r  paralle_serial_sys_i/serial2parallel_0/inst/counter_reg[20]/C
                         clock pessimism              0.260    15.114    
                         clock uncertainty           -0.035    15.079    
    SLICE_X7Y12          FDRE (Setup_fdre_C_D)        0.032    15.111    paralle_serial_sys_i/serial2parallel_0/inst/counter_reg[20]
  -------------------------------------------------------------------
                         required time                         15.111    
                         arrival time                         -12.068    
  -------------------------------------------------------------------
                         slack                                  3.043    

Slack (MET) :             3.055ns  (required time - arrival time)
  Source:                 paralle_serial_sys_i/parallel2serial_0/inst/count_reg[23]/C
                            (rising edge-triggered cell FDRE clocked by sys_clk_pin  {rise@0.000ns fall@5.000ns period=10.000ns})
  Destination:            paralle_serial_sys_i/serial2parallel_0/inst/counter_reg[31]/D
                            (rising edge-triggered cell FDRE clocked by sys_clk_pin  {rise@0.000ns fall@5.000ns period=10.000ns})
  Path Group:             sys_clk_pin
  Path Type:              Setup (Max at Slow Process Corner)
  Requirement:            10.000ns  (sys_clk_pin rise@10.000ns - sys_clk_pin rise@0.000ns)
  Data Path Delay:        6.899ns  (logic 2.789ns (40.427%)  route 4.110ns (59.573%))
  Logic Levels:           13  (CARRY4=8 LUT2=1 LUT4=1 LUT5=1 LUT6=2)
  Clock Path Skew:        -0.042ns (DCD - SCD + CPR)
    Destination Clock Delay (DCD):    4.852ns = ( 14.852 - 10.000 ) 
    Source Clock Delay      (SCD):    5.154ns
    Clock Pessimism Removal (CPR):    0.260ns
  Clock Uncertainty:      0.035ns  ((TSJ^2 + TIJ^2)^1/2 + DJ) / 2 + PE
    Total System Jitter     (TSJ):    0.071ns
    Total Input Jitter      (TIJ):    0.000ns
    Discrete Jitter          (DJ):    0.000ns
    Phase Error              (PE):    0.000ns

    Location             Delay type                Incr(ns)  Path(ns)    Netlist Resource(s)
  -------------------------------------------------------------------    -------------------
                         (clock sys_clk_pin rise edge)
                                                      0.000     0.000 r  
    W5                                                0.000     0.000 r  ap_clk (IN)
                         net (fo=0)                   0.000     0.000    ap_clk
    W5                   IBUF (Prop_ibuf_I_O)         1.458     1.458 r  ap_clk_IBUF_inst/O
                         net (fo=1, routed)           1.967     3.425    ap_clk_IBUF
    BUFGCTRL_X0Y0        BUFG (Prop_bufg_I_O)         0.096     3.521 r  ap_clk_IBUF_BUFG_inst/O
                         net (fo=79, routed)          1.633     5.154    paralle_serial_sys_i/parallel2serial_0/inst/ap_clk
    SLICE_X1Y14          FDRE                                         r  paralle_serial_sys_i/parallel2serial_0/inst/count_reg[23]/C
  -------------------------------------------------------------------    -------------------
    SLICE_X1Y14          FDRE (Prop_fdre_C_Q)         0.456     5.610 r  paralle_serial_sys_i/parallel2serial_0/inst/count_reg[23]/Q
                         net (fo=3, routed)           0.963     6.573    paralle_serial_sys_i/parallel2serial_0/inst/count_reg_n_0_[23]
    SLICE_X2Y13          LUT5 (Prop_lut5_I1_O)        0.124     6.697 f  paralle_serial_sys_i/parallel2serial_0/inst/serial_start[0]_INST_0_i_8/O
                         net (fo=1, routed)           0.778     7.476    paralle_serial_sys_i/parallel2serial_0/inst/serial_start[0]_INST_0_i_8_n_0
    SLICE_X2Y13          LUT4 (Prop_lut4_I1_O)        0.124     7.600 f  paralle_serial_sys_i/parallel2serial_0/inst/serial_start[0]_INST_0_i_1/O
                         net (fo=3, routed)           0.609     8.209    paralle_serial_sys_i/parallel2serial_0/inst/serial_start[0]_INST_0_i_1_n_0
    SLICE_X2Y11          LUT6 (Prop_lut6_I0_O)        0.124     8.333 f  paralle_serial_sys_i/parallel2serial_0/inst/serial_start[0]_INST_0/O
                         net (fo=97, routed)          0.953     9.286    paralle_serial_sys_i/serial2parallel_0/inst/serial_start[0]
    SLICE_X5Y9           LUT2 (Prop_lut2_I1_O)        0.124     9.410 r  paralle_serial_sys_i/serial2parallel_0/inst/counter[4]_i_3/O
                         net (fo=1, routed)           0.465     9.875    paralle_serial_sys_i/serial2parallel_0/inst/next_counter_1_fu_135_p3[0]
    SLICE_X6Y8           CARRY4 (Prop_carry4_CYINIT_CO[3])
                                                      0.595    10.470 r  paralle_serial_sys_i/serial2parallel_0/inst/counter_reg[4]_i_2/CO[3]
                         net (fo=1, routed)           0.000    10.470    paralle_serial_sys_i/serial2parallel_0/inst/counter_reg[4]_i_2_n_0
    SLICE_X6Y9           CARRY4 (Prop_carry4_CI_CO[3])
                                                      0.117    10.587 r  paralle_serial_sys_i/serial2parallel_0/inst/counter_reg[8]_i_2/CO[3]
                         net (fo=1, routed)           0.000    10.587    paralle_serial_sys_i/serial2parallel_0/inst/counter_reg[8]_i_2_n_0
    SLICE_X6Y10          CARRY4 (Prop_carry4_CI_CO[3])
                                                      0.117    10.704 r  paralle_serial_sys_i/serial2parallel_0/inst/counter_reg[12]_i_2/CO[3]
                         net (fo=1, routed)           0.000    10.704    paralle_serial_sys_i/serial2parallel_0/inst/counter_reg[12]_i_2_n_0
    SLICE_X6Y11          CARRY4 (Prop_carry4_CI_CO[3])
                                                      0.117    10.821 r  paralle_serial_sys_i/serial2parallel_0/inst/counter_reg[16]_i_2/CO[3]
                         net (fo=1, routed)           0.000    10.821    paralle_serial_sys_i/serial2parallel_0/inst/counter_reg[16]_i_2_n_0
    SLICE_X6Y12          CARRY4 (Prop_carry4_CI_CO[3])
                                                      0.117    10.938 r  paralle_serial_sys_i/serial2parallel_0/inst/counter_reg[20]_i_2/CO[3]
                         net (fo=1, routed)           0.000    10.938    paralle_serial_sys_i/serial2parallel_0/inst/counter_reg[20]_i_2_n_0
    SLICE_X6Y13          CARRY4 (Prop_carry4_CI_CO[3])
                                                      0.117    11.055 r  paralle_serial_sys_i/serial2parallel_0/inst/counter_reg[24]_i_2/CO[3]
                         net (fo=1, routed)           0.000    11.055    paralle_serial_sys_i/serial2parallel_0/inst/counter_reg[24]_i_2_n_0
    SLICE_X6Y14          CARRY4 (Prop_carry4_CI_CO[3])
                                                      0.117    11.172 r  paralle_serial_sys_i/serial2parallel_0/inst/counter_reg[28]_i_2/CO[3]
                         net (fo=1, routed)           0.000    11.172    paralle_serial_sys_i/serial2parallel_0/inst/counter_reg[28]_i_2_n_0
    SLICE_X6Y15          CARRY4 (Prop_carry4_CI_O[2])
                                                      0.239    11.411 r  paralle_serial_sys_i/serial2parallel_0/inst/counter_reg[31]_i_4/O[2]
                         net (fo=1, routed)           0.341    11.752    paralle_serial_sys_i/serial2parallel_0/inst/next_counter_3_fu_180_p2[31]
    SLICE_X7Y15          LUT6 (Prop_lut6_I5_O)        0.301    12.053 r  paralle_serial_sys_i/serial2parallel_0/inst/counter[31]_i_1/O
                         net (fo=1, routed)           0.000    12.053    paralle_serial_sys_i/serial2parallel_0/inst/counter[31]_i_1_n_0
    SLICE_X7Y15          FDRE                                         r  paralle_serial_sys_i/serial2parallel_0/inst/counter_reg[31]/D
  -------------------------------------------------------------------    -------------------

                         (clock sys_clk_pin rise edge)
                                                     10.000    10.000 r  
    W5                                                0.000    10.000 r  ap_clk (IN)
                         net (fo=0)                   0.000    10.000    ap_clk
    W5                   IBUF (Prop_ibuf_I_O)         1.388    11.388 r  ap_clk_IBUF_inst/O
                         net (fo=1, routed)           1.862    13.250    ap_clk_IBUF
    BUFGCTRL_X0Y0        BUFG (Prop_bufg_I_O)         0.091    13.341 r  ap_clk_IBUF_BUFG_inst/O
                         net (fo=79, routed)          1.511    14.852    paralle_serial_sys_i/serial2parallel_0/inst/ap_clk
    SLICE_X7Y15          FDRE                                         r  paralle_serial_sys_i/serial2parallel_0/inst/counter_reg[31]/C
                         clock pessimism              0.260    15.112    
                         clock uncertainty           -0.035    15.077    
    SLICE_X7Y15          FDRE (Setup_fdre_C_D)        0.031    15.108    paralle_serial_sys_i/serial2parallel_0/inst/counter_reg[31]
  -------------------------------------------------------------------
                         required time                         15.108    
                         arrival time                         -12.053    
  -------------------------------------------------------------------
                         slack                                  3.055    

Slack (MET) :             3.081ns  (required time - arrival time)
  Source:                 paralle_serial_sys_i/parallel2serial_0/inst/count_reg[23]/C
                            (rising edge-triggered cell FDRE clocked by sys_clk_pin  {rise@0.000ns fall@5.000ns period=10.000ns})
  Destination:            paralle_serial_sys_i/serial2parallel_0/inst/counter_reg[26]/D
                            (rising edge-triggered cell FDRE clocked by sys_clk_pin  {rise@0.000ns fall@5.000ns period=10.000ns})
  Path Group:             sys_clk_pin
  Path Type:              Setup (Max at Slow Process Corner)
  Requirement:            10.000ns  (sys_clk_pin rise@10.000ns - sys_clk_pin rise@0.000ns)
  Data Path Delay:        6.873ns  (logic 2.761ns (40.170%)  route 4.112ns (59.830%))
  Logic Levels:           12  (CARRY4=7 LUT2=1 LUT4=1 LUT5=1 LUT6=2)
  Clock Path Skew:        -0.041ns (DCD - SCD + CPR)
    Destination Clock Delay (DCD):    4.853ns = ( 14.853 - 10.000 ) 
    Source Clock Delay      (SCD):    5.154ns
    Clock Pessimism Removal (CPR):    0.260ns
  Clock Uncertainty:      0.035ns  ((TSJ^2 + TIJ^2)^1/2 + DJ) / 2 + PE
    Total System Jitter     (TSJ):    0.071ns
    Total Input Jitter      (TIJ):    0.000ns
    Discrete Jitter          (DJ):    0.000ns
    Phase Error              (PE):    0.000ns

    Location             Delay type                Incr(ns)  Path(ns)    Netlist Resource(s)
  -------------------------------------------------------------------    -------------------
                         (clock sys_clk_pin rise edge)
                                                      0.000     0.000 r  
    W5                                                0.000     0.000 r  ap_clk (IN)
                         net (fo=0)                   0.000     0.000    ap_clk
    W5                   IBUF (Prop_ibuf_I_O)         1.458     1.458 r  ap_clk_IBUF_inst/O
                         net (fo=1, routed)           1.967     3.425    ap_clk_IBUF
    BUFGCTRL_X0Y0        BUFG (Prop_bufg_I_O)         0.096     3.521 r  ap_clk_IBUF_BUFG_inst/O
                         net (fo=79, routed)          1.633     5.154    paralle_serial_sys_i/parallel2serial_0/inst/ap_clk
    SLICE_X1Y14          FDRE                                         r  paralle_serial_sys_i/parallel2serial_0/inst/count_reg[23]/C
  -------------------------------------------------------------------    -------------------
    SLICE_X1Y14          FDRE (Prop_fdre_C_Q)         0.456     5.610 r  paralle_serial_sys_i/parallel2serial_0/inst/count_reg[23]/Q
                         net (fo=3, routed)           0.963     6.573    paralle_serial_sys_i/parallel2serial_0/inst/count_reg_n_0_[23]
    SLICE_X2Y13          LUT5 (Prop_lut5_I1_O)        0.124     6.697 f  paralle_serial_sys_i/parallel2serial_0/inst/serial_start[0]_INST_0_i_8/O
                         net (fo=1, routed)           0.778     7.476    paralle_serial_sys_i/parallel2serial_0/inst/serial_start[0]_INST_0_i_8_n_0
    SLICE_X2Y13          LUT4 (Prop_lut4_I1_O)        0.124     7.600 f  paralle_serial_sys_i/parallel2serial_0/inst/serial_start[0]_INST_0_i_1/O
                         net (fo=3, routed)           0.609     8.209    paralle_serial_sys_i/parallel2serial_0/inst/serial_start[0]_INST_0_i_1_n_0
    SLICE_X2Y11          LUT6 (Prop_lut6_I0_O)        0.124     8.333 f  paralle_serial_sys_i/parallel2serial_0/inst/serial_start[0]_INST_0/O
                         net (fo=97, routed)          0.953     9.286    paralle_serial_sys_i/serial2parallel_0/inst/serial_start[0]
    SLICE_X5Y9           LUT2 (Prop_lut2_I1_O)        0.124     9.410 r  paralle_serial_sys_i/serial2parallel_0/inst/counter[4]_i_3/O
                         net (fo=1, routed)           0.465     9.875    paralle_serial_sys_i/serial2parallel_0/inst/next_counter_1_fu_135_p3[0]
    SLICE_X6Y8           CARRY4 (Prop_carry4_CYINIT_CO[3])
                                                      0.595    10.470 r  paralle_serial_sys_i/serial2parallel_0/inst/counter_reg[4]_i_2/CO[3]
                         net (fo=1, routed)           0.000    10.470    paralle_serial_sys_i/serial2parallel_0/inst/counter_reg[4]_i_2_n_0
    SLICE_X6Y9           CARRY4 (Prop_carry4_CI_CO[3])
                                                      0.117    10.587 r  paralle_serial_sys_i/serial2parallel_0/inst/counter_reg[8]_i_2/CO[3]
                         net (fo=1, routed)           0.000    10.587    paralle_serial_sys_i/serial2parallel_0/inst/counter_reg[8]_i_2_n_0
    SLICE_X6Y10          CARRY4 (Prop_carry4_CI_CO[3])
                                                      0.117    10.704 r  paralle_serial_sys_i/serial2parallel_0/inst/counter_reg[12]_i_2/CO[3]
                         net (fo=1, routed)           0.000    10.704    paralle_serial_sys_i/serial2parallel_0/inst/counter_reg[12]_i_2_n_0
    SLICE_X6Y11          CARRY4 (Prop_carry4_CI_CO[3])
                                                      0.117    10.821 r  paralle_serial_sys_i/serial2parallel_0/inst/counter_reg[16]_i_2/CO[3]
                         net (fo=1, routed)           0.000    10.821    paralle_serial_sys_i/serial2parallel_0/inst/counter_reg[16]_i_2_n_0
    SLICE_X6Y12          CARRY4 (Prop_carry4_CI_CO[3])
                                                      0.117    10.938 r  paralle_serial_sys_i/serial2parallel_0/inst/counter_reg[20]_i_2/CO[3]
                         net (fo=1, routed)           0.000    10.938    paralle_serial_sys_i/serial2parallel_0/inst/counter_reg[20]_i_2_n_0
    SLICE_X6Y13          CARRY4 (Prop_carry4_CI_CO[3])
                                                      0.117    11.055 r  paralle_serial_sys_i/serial2parallel_0/inst/counter_reg[24]_i_2/CO[3]
                         net (fo=1, routed)           0.000    11.055    paralle_serial_sys_i/serial2parallel_0/inst/counter_reg[24]_i_2_n_0
    SLICE_X6Y14          CARRY4 (Prop_carry4_CI_O[1])
                                                      0.323    11.378 r  paralle_serial_sys_i/serial2parallel_0/inst/counter_reg[28]_i_2/O[1]
                         net (fo=1, routed)           0.344    11.722    paralle_serial_sys_i/serial2parallel_0/inst/next_counter_3_fu_180_p2[26]
    SLICE_X7Y14          LUT6 (Prop_lut6_I5_O)        0.306    12.028 r  paralle_serial_sys_i/serial2parallel_0/inst/counter[26]_i_1/O
                         net (fo=1, routed)           0.000    12.028    paralle_serial_sys_i/serial2parallel_0/inst/counter[26]_i_1_n_0
    SLICE_X7Y14          FDRE                                         r  paralle_serial_sys_i/serial2parallel_0/inst/counter_reg[26]/D
  -------------------------------------------------------------------    -------------------

                         (clock sys_clk_pin rise edge)
                                                     10.000    10.000 r  
    W5                                                0.000    10.000 r  ap_clk (IN)
                         net (fo=0)                   0.000    10.000    ap_clk
    W5                   IBUF (Prop_ibuf_I_O)         1.388    11.388 r  ap_clk_IBUF_inst/O
                         net (fo=1, routed)           1.862    13.250    ap_clk_IBUF
    BUFGCTRL_X0Y0        BUFG (Prop_bufg_I_O)         0.091    13.341 r  ap_clk_IBUF_BUFG_inst/O
                         net (fo=79, routed)          1.512    14.853    paralle_serial_sys_i/serial2parallel_0/inst/ap_clk
    SLICE_X7Y14          FDRE                                         r  paralle_serial_sys_i/serial2parallel_0/inst/counter_reg[26]/C
                         clock pessimism              0.260    15.113    
                         clock uncertainty           -0.035    15.078    
    SLICE_X7Y14          FDRE (Setup_fdre_C_D)        0.031    15.109    paralle_serial_sys_i/serial2parallel_0/inst/counter_reg[26]
  -------------------------------------------------------------------
                         required time                         15.109    
                         arrival time                         -12.028    
  -------------------------------------------------------------------
                         slack                                  3.081    

Slack (MET) :             3.147ns  (required time - arrival time)
  Source:                 paralle_serial_sys_i/parallel2serial_0/inst/count_reg[23]/C
                            (rising edge-triggered cell FDRE clocked by sys_clk_pin  {rise@0.000ns fall@5.000ns period=10.000ns})
  Destination:            paralle_serial_sys_i/serial2parallel_0/inst/counter_reg[16]/D
                            (rising edge-triggered cell FDRE clocked by sys_clk_pin  {rise@0.000ns fall@5.000ns period=10.000ns})
  Path Group:             sys_clk_pin
  Path Type:              Setup (Max at Slow Process Corner)
  Requirement:            10.000ns  (sys_clk_pin rise@10.000ns - sys_clk_pin rise@0.000ns)
  Data Path Delay:        6.810ns  (logic 2.403ns (35.285%)  route 4.407ns (64.715%))
  Logic Levels:           9  (CARRY4=4 LUT2=1 LUT4=1 LUT5=1 LUT6=2)
  Clock Path Skew:        -0.039ns (DCD - SCD + CPR)
    Destination Clock Delay (DCD):    4.855ns = ( 14.855 - 10.000 ) 
    Source Clock Delay      (SCD):    5.154ns
    Clock Pessimism Removal (CPR):    0.260ns
  Clock Uncertainty:      0.035ns  ((TSJ^2 + TIJ^2)^1/2 + DJ) / 2 + PE
    Total System Jitter     (TSJ):    0.071ns
    Total Input Jitter      (TIJ):    0.000ns
    Discrete Jitter          (DJ):    0.000ns
    Phase Error              (PE):    0.000ns

    Location             Delay type                Incr(ns)  Path(ns)    Netlist Resource(s)
  -------------------------------------------------------------------    -------------------
                         (clock sys_clk_pin rise edge)
                                                      0.000     0.000 r  
    W5                                                0.000     0.000 r  ap_clk (IN)
                         net (fo=0)                   0.000     0.000    ap_clk
    W5                   IBUF (Prop_ibuf_I_O)         1.458     1.458 r  ap_clk_IBUF_inst/O
                         net (fo=1, routed)           1.967     3.425    ap_clk_IBUF
    BUFGCTRL_X0Y0        BUFG (Prop_bufg_I_O)         0.096     3.521 r  ap_clk_IBUF_BUFG_inst/O
                         net (fo=79, routed)          1.633     5.154    paralle_serial_sys_i/parallel2serial_0/inst/ap_clk
    SLICE_X1Y14          FDRE                                         r  paralle_serial_sys_i/parallel2serial_0/inst/count_reg[23]/C
  -------------------------------------------------------------------    -------------------
    SLICE_X1Y14          FDRE (Prop_fdre_C_Q)         0.456     5.610 r  paralle_serial_sys_i/parallel2serial_0/inst/count_reg[23]/Q
                         net (fo=3, routed)           0.963     6.573    paralle_serial_sys_i/parallel2serial_0/inst/count_reg_n_0_[23]
    SLICE_X2Y13          LUT5 (Prop_lut5_I1_O)        0.124     6.697 f  paralle_serial_sys_i/parallel2serial_0/inst/serial_start[0]_INST_0_i_8/O
                         net (fo=1, routed)           0.778     7.476    paralle_serial_sys_i/parallel2serial_0/inst/serial_start[0]_INST_0_i_8_n_0
    SLICE_X2Y13          LUT4 (Prop_lut4_I1_O)        0.124     7.600 f  paralle_serial_sys_i/parallel2serial_0/inst/serial_start[0]_INST_0_i_1/O
                         net (fo=3, routed)           0.609     8.209    paralle_serial_sys_i/parallel2serial_0/inst/serial_start[0]_INST_0_i_1_n_0
    SLICE_X2Y11          LUT6 (Prop_lut6_I0_O)        0.124     8.333 f  paralle_serial_sys_i/parallel2serial_0/inst/serial_start[0]_INST_0/O
                         net (fo=97, routed)          0.953     9.286    paralle_serial_sys_i/serial2parallel_0/inst/serial_start[0]
    SLICE_X5Y9           LUT2 (Prop_lut2_I1_O)        0.124     9.410 r  paralle_serial_sys_i/serial2parallel_0/inst/counter[4]_i_3/O
                         net (fo=1, routed)           0.465     9.875    paralle_serial_sys_i/serial2parallel_0/inst/next_counter_1_fu_135_p3[0]
    SLICE_X6Y8           CARRY4 (Prop_carry4_CYINIT_CO[3])
                                                      0.595    10.470 r  paralle_serial_sys_i/serial2parallel_0/inst/counter_reg[4]_i_2/CO[3]
                         net (fo=1, routed)           0.000    10.470    paralle_serial_sys_i/serial2parallel_0/inst/counter_reg[4]_i_2_n_0
    SLICE_X6Y9           CARRY4 (Prop_carry4_CI_CO[3])
                                                      0.117    10.587 r  paralle_serial_sys_i/serial2parallel_0/inst/counter_reg[8]_i_2/CO[3]
                         net (fo=1, routed)           0.000    10.587    paralle_serial_sys_i/serial2parallel_0/inst/counter_reg[8]_i_2_n_0
    SLICE_X6Y10          CARRY4 (Prop_carry4_CI_CO[3])
                                                      0.117    10.704 r  paralle_serial_sys_i/serial2parallel_0/inst/counter_reg[12]_i_2/CO[3]
                         net (fo=1, routed)           0.000    10.704    paralle_serial_sys_i/serial2parallel_0/inst/counter_reg[12]_i_2_n_0
    SLICE_X6Y11          CARRY4 (Prop_carry4_CI_O[3])
                                                      0.315    11.019 r  paralle_serial_sys_i/serial2parallel_0/inst/counter_reg[16]_i_2/O[3]
                         net (fo=1, routed)           0.639    11.657    paralle_serial_sys_i/serial2parallel_0/inst/next_counter_3_fu_180_p2[16]
    SLICE_X7Y11          LUT6 (Prop_lut6_I5_O)        0.307    11.964 r  paralle_serial_sys_i/serial2parallel_0/inst/counter[16]_i_1/O
                         net (fo=1, routed)           0.000    11.964    paralle_serial_sys_i/serial2parallel_0/inst/counter[16]_i_1_n_0
    SLICE_X7Y11          FDRE                                         r  paralle_serial_sys_i/serial2parallel_0/inst/counter_reg[16]/D
  -------------------------------------------------------------------    -------------------

                         (clock sys_clk_pin rise edge)
                                                     10.000    10.000 r  
    W5                                                0.000    10.000 r  ap_clk (IN)
                         net (fo=0)                   0.000    10.000    ap_clk
    W5                   IBUF (Prop_ibuf_I_O)         1.388    11.388 r  ap_clk_IBUF_inst/O
                         net (fo=1, routed)           1.862    13.250    ap_clk_IBUF
    BUFGCTRL_X0Y0        BUFG (Prop_bufg_I_O)         0.091    13.341 r  ap_clk_IBUF_BUFG_inst/O
                         net (fo=79, routed)          1.514    14.855    paralle_serial_sys_i/serial2parallel_0/inst/ap_clk
    SLICE_X7Y11          FDRE                                         r  paralle_serial_sys_i/serial2parallel_0/inst/counter_reg[16]/C
                         clock pessimism              0.260    15.115    
                         clock uncertainty           -0.035    15.080    
    SLICE_X7Y11          FDRE (Setup_fdre_C_D)        0.032    15.112    paralle_serial_sys_i/serial2parallel_0/inst/counter_reg[16]
  -------------------------------------------------------------------
                         required time                         15.112    
                         arrival time                         -11.964    
  -------------------------------------------------------------------
                         slack                                  3.147    





Min Delay Paths
--------------------------------------------------------------------------------------
Slack (MET) :             0.175ns  (arrival time - required time)
  Source:                 paralle_serial_sys_i/serial2parallel_0/inst/state_reg_reg[2]/C
                            (rising edge-triggered cell FDRE clocked by sys_clk_pin  {rise@0.000ns fall@5.000ns period=10.000ns})
  Destination:            paralle_serial_sys_i/serial2parallel_0/inst/a_reg_out_reg[1]/D
                            (rising edge-triggered cell FDRE clocked by sys_clk_pin  {rise@0.000ns fall@5.000ns period=10.000ns})
  Path Group:             sys_clk_pin
  Path Type:              Hold (Min at Fast Process Corner)
  Requirement:            0.000ns  (sys_clk_pin rise@0.000ns - sys_clk_pin rise@0.000ns)
  Data Path Delay:        0.280ns  (logic 0.141ns (50.343%)  route 0.139ns (49.657%))
  Logic Levels:           0  
  Clock Path Skew:        0.039ns (DCD - SCD - CPR)
    Destination Clock Delay (DCD):    1.991ns
    Source Clock Delay      (SCD):    1.474ns
    Clock Pessimism Removal (CPR):    0.478ns

    Location             Delay type                Incr(ns)  Path(ns)    Netlist Resource(s)
  -------------------------------------------------------------------    -------------------
                         (clock sys_clk_pin rise edge)
                                                      0.000     0.000 r  
    W5                                                0.000     0.000 r  ap_clk (IN)
                         net (fo=0)                   0.000     0.000    ap_clk
    W5                   IBUF (Prop_ibuf_I_O)         0.226     0.226 r  ap_clk_IBUF_inst/O
                         net (fo=1, routed)           0.631     0.858    ap_clk_IBUF
    BUFGCTRL_X0Y0        BUFG (Prop_bufg_I_O)         0.026     0.884 r  ap_clk_IBUF_BUFG_inst/O
                         net (fo=79, routed)          0.591     1.474    paralle_serial_sys_i/serial2parallel_0/inst/ap_clk
    SLICE_X4Y10          FDRE                                         r  paralle_serial_sys_i/serial2parallel_0/inst/state_reg_reg[2]/C
  -------------------------------------------------------------------    -------------------
    SLICE_X4Y10          FDRE (Prop_fdre_C_Q)         0.141     1.615 r  paralle_serial_sys_i/serial2parallel_0/inst/state_reg_reg[2]/Q
                         net (fo=3, routed)           0.139     1.754    paralle_serial_sys_i/serial2parallel_0/inst/next_state_2_fu_171_p3[1]
    SLICE_X3Y10          FDRE                                         r  paralle_serial_sys_i/serial2parallel_0/inst/a_reg_out_reg[1]/D
  -------------------------------------------------------------------    -------------------

                         (clock sys_clk_pin rise edge)
                                                      0.000     0.000 r  
    W5                                                0.000     0.000 r  ap_clk (IN)
                         net (fo=0)                   0.000     0.000    ap_clk
    W5                   IBUF (Prop_ibuf_I_O)         0.414     0.414 r  ap_clk_IBUF_inst/O
                         net (fo=1, routed)           0.685     1.099    ap_clk_IBUF
    BUFGCTRL_X0Y0        BUFG (Prop_bufg_I_O)         0.029     1.128 r  ap_clk_IBUF_BUFG_inst/O
                         net (fo=79, routed)          0.864     1.991    paralle_serial_sys_i/serial2parallel_0/inst/ap_clk
    SLICE_X3Y10          FDRE                                         r  paralle_serial_sys_i/serial2parallel_0/inst/a_reg_out_reg[1]/C
                         clock pessimism             -0.478     1.513    
    SLICE_X3Y10          FDRE (Hold_fdre_C_D)         0.066     1.579    paralle_serial_sys_i/serial2parallel_0/inst/a_reg_out_reg[1]
  -------------------------------------------------------------------
                         required time                         -1.579    
                         arrival time                           1.754    
  -------------------------------------------------------------------
                         slack                                  0.175    

Slack (MET) :             0.214ns  (arrival time - required time)
  Source:                 paralle_serial_sys_i/serial2parallel_0/inst/state_reg_reg[1]/C
                            (rising edge-triggered cell FDRE clocked by sys_clk_pin  {rise@0.000ns fall@5.000ns period=10.000ns})
  Destination:            paralle_serial_sys_i/serial2parallel_0/inst/a_reg_out_reg[0]/D
                            (rising edge-triggered cell FDRE clocked by sys_clk_pin  {rise@0.000ns fall@5.000ns period=10.000ns})
  Path Group:             sys_clk_pin
  Path Type:              Hold (Min at Fast Process Corner)
  Requirement:            0.000ns  (sys_clk_pin rise@0.000ns - sys_clk_pin rise@0.000ns)
  Data Path Delay:        0.323ns  (logic 0.141ns (43.701%)  route 0.182ns (56.299%))
  Logic Levels:           0  
  Clock Path Skew:        0.039ns (DCD - SCD - CPR)
    Destination Clock Delay (DCD):    1.991ns
    Source Clock Delay      (SCD):    1.474ns
    Clock Pessimism Removal (CPR):    0.478ns

    Location             Delay type                Incr(ns)  Path(ns)    Netlist Resource(s)
  -------------------------------------------------------------------    -------------------
                         (clock sys_clk_pin rise edge)
                                                      0.000     0.000 r  
    W5                                                0.000     0.000 r  ap_clk (IN)
                         net (fo=0)                   0.000     0.000    ap_clk
    W5                   IBUF (Prop_ibuf_I_O)         0.226     0.226 r  ap_clk_IBUF_inst/O
                         net (fo=1, routed)           0.631     0.858    ap_clk_IBUF
    BUFGCTRL_X0Y0        BUFG (Prop_bufg_I_O)         0.026     0.884 r  ap_clk_IBUF_BUFG_inst/O
                         net (fo=79, routed)          0.591     1.474    paralle_serial_sys_i/serial2parallel_0/inst/ap_clk
    SLICE_X4Y10          FDRE                                         r  paralle_serial_sys_i/serial2parallel_0/inst/state_reg_reg[1]/C
  -------------------------------------------------------------------    -------------------
    SLICE_X4Y10          FDRE (Prop_fdre_C_Q)         0.141     1.615 r  paralle_serial_sys_i/serial2parallel_0/inst/state_reg_reg[1]/Q
                         net (fo=2, routed)           0.182     1.797    paralle_serial_sys_i/serial2parallel_0/inst/next_state_2_fu_171_p3[0]
    SLICE_X3Y10          FDRE                                         r  paralle_serial_sys_i/serial2parallel_0/inst/a_reg_out_reg[0]/D
  -------------------------------------------------------------------    -------------------

                         (clock sys_clk_pin rise edge)
                                                      0.000     0.000 r  
    W5                                                0.000     0.000 r  ap_clk (IN)
                         net (fo=0)                   0.000     0.000    ap_clk
    W5                   IBUF (Prop_ibuf_I_O)         0.414     0.414 r  ap_clk_IBUF_inst/O
                         net (fo=1, routed)           0.685     1.099    ap_clk_IBUF
    BUFGCTRL_X0Y0        BUFG (Prop_bufg_I_O)         0.029     1.128 r  ap_clk_IBUF_BUFG_inst/O
                         net (fo=79, routed)          0.864     1.991    paralle_serial_sys_i/serial2parallel_0/inst/ap_clk
    SLICE_X3Y10          FDRE                                         r  paralle_serial_sys_i/serial2parallel_0/inst/a_reg_out_reg[0]/C
                         clock pessimism             -0.478     1.513    
    SLICE_X3Y10          FDRE (Hold_fdre_C_D)         0.070     1.583    paralle_serial_sys_i/serial2parallel_0/inst/a_reg_out_reg[0]
  -------------------------------------------------------------------
                         required time                         -1.583    
                         arrival time                           1.797    
  -------------------------------------------------------------------
                         slack                                  0.214    

Slack (MET) :             0.223ns  (arrival time - required time)
  Source:                 paralle_serial_sys_i/serial2parallel_0/inst/state_reg_reg[3]/C
                            (rising edge-triggered cell FDRE clocked by sys_clk_pin  {rise@0.000ns fall@5.000ns period=10.000ns})
  Destination:            paralle_serial_sys_i/serial2parallel_0/inst/a_reg_out_reg[2]/D
                            (rising edge-triggered cell FDRE clocked by sys_clk_pin  {rise@0.000ns fall@5.000ns period=10.000ns})
  Path Group:             sys_clk_pin
  Path Type:              Hold (Min at Fast Process Corner)
  Requirement:            0.000ns  (sys_clk_pin rise@0.000ns - sys_clk_pin rise@0.000ns)
  Data Path Delay:        0.332ns  (logic 0.141ns (42.517%)  route 0.191ns (57.483%))
  Logic Levels:           0  
  Clock Path Skew:        0.039ns (DCD - SCD - CPR)
    Destination Clock Delay (DCD):    1.991ns
    Source Clock Delay      (SCD):    1.474ns
    Clock Pessimism Removal (CPR):    0.478ns

    Location             Delay type                Incr(ns)  Path(ns)    Netlist Resource(s)
  -------------------------------------------------------------------    -------------------
                         (clock sys_clk_pin rise edge)
                                                      0.000     0.000 r  
    W5                                                0.000     0.000 r  ap_clk (IN)
                         net (fo=0)                   0.000     0.000    ap_clk
    W5                   IBUF (Prop_ibuf_I_O)         0.226     0.226 r  ap_clk_IBUF_inst/O
                         net (fo=1, routed)           0.631     0.858    ap_clk_IBUF
    BUFGCTRL_X0Y0        BUFG (Prop_bufg_I_O)         0.026     0.884 r  ap_clk_IBUF_BUFG_inst/O
                         net (fo=79, routed)          0.591     1.474    paralle_serial_sys_i/serial2parallel_0/inst/ap_clk
    SLICE_X4Y10          FDRE                                         r  paralle_serial_sys_i/serial2parallel_0/inst/state_reg_reg[3]/C
  -------------------------------------------------------------------    -------------------
    SLICE_X4Y10          FDRE (Prop_fdre_C_Q)         0.141     1.615 r  paralle_serial_sys_i/serial2parallel_0/inst/state_reg_reg[3]/Q
                         net (fo=3, routed)           0.191     1.806    paralle_serial_sys_i/serial2parallel_0/inst/next_state_2_fu_171_p3[2]
    SLICE_X3Y10          FDRE                                         r  paralle_serial_sys_i/serial2parallel_0/inst/a_reg_out_reg[2]/D
  -------------------------------------------------------------------    -------------------

                         (clock sys_clk_pin rise edge)
                                                      0.000     0.000 r  
    W5                                                0.000     0.000 r  ap_clk (IN)
                         net (fo=0)                   0.000     0.000    ap_clk
    W5                   IBUF (Prop_ibuf_I_O)         0.414     0.414 r  ap_clk_IBUF_inst/O
                         net (fo=1, routed)           0.685     1.099    ap_clk_IBUF
    BUFGCTRL_X0Y0        BUFG (Prop_bufg_I_O)         0.029     1.128 r  ap_clk_IBUF_BUFG_inst/O
                         net (fo=79, routed)          0.864     1.991    paralle_serial_sys_i/serial2parallel_0/inst/ap_clk
    SLICE_X3Y10          FDRE                                         r  paralle_serial_sys_i/serial2parallel_0/inst/a_reg_out_reg[2]/C
                         clock pessimism             -0.478     1.513    
    SLICE_X3Y10          FDRE (Hold_fdre_C_D)         0.070     1.583    paralle_serial_sys_i/serial2parallel_0/inst/a_reg_out_reg[2]
  -------------------------------------------------------------------
                         required time                         -1.583    
                         arrival time                           1.806    
  -------------------------------------------------------------------
                         slack                                  0.223    

Slack (MET) :             0.252ns  (arrival time - required time)
  Source:                 paralle_serial_sys_i/serial2parallel_0/inst/state_reg_reg[4]/C
                            (rising edge-triggered cell FDRE clocked by sys_clk_pin  {rise@0.000ns fall@5.000ns period=10.000ns})
  Destination:            paralle_serial_sys_i/serial2parallel_0/inst/state_reg_reg[3]/D
                            (rising edge-triggered cell FDRE clocked by sys_clk_pin  {rise@0.000ns fall@5.000ns period=10.000ns})
  Path Group:             sys_clk_pin
  Path Type:              Hold (Min at Fast Process Corner)
  Requirement:            0.000ns  (sys_clk_pin rise@0.000ns - sys_clk_pin rise@0.000ns)
  Data Path Delay:        0.337ns  (logic 0.141ns (41.846%)  route 0.196ns (58.154%))
  Logic Levels:           0  
  Clock Path Skew:        0.015ns (DCD - SCD - CPR)
    Destination Clock Delay (DCD):    1.989ns
    Source Clock Delay      (SCD):    1.475ns
    Clock Pessimism Removal (CPR):    0.499ns

    Location             Delay type                Incr(ns)  Path(ns)    Netlist Resource(s)
  -------------------------------------------------------------------    -------------------
                         (clock sys_clk_pin rise edge)
                                                      0.000     0.000 r  
    W5                                                0.000     0.000 r  ap_clk (IN)
                         net (fo=0)                   0.000     0.000    ap_clk
    W5                   IBUF (Prop_ibuf_I_O)         0.226     0.226 r  ap_clk_IBUF_inst/O
                         net (fo=1, routed)           0.631     0.858    ap_clk_IBUF
    BUFGCTRL_X0Y0        BUFG (Prop_bufg_I_O)         0.026     0.884 r  ap_clk_IBUF_BUFG_inst/O
                         net (fo=79, routed)          0.592     1.475    paralle_serial_sys_i/serial2parallel_0/inst/ap_clk
    SLICE_X4Y8           FDRE                                         r  paralle_serial_sys_i/serial2parallel_0/inst/state_reg_reg[4]/C
  -------------------------------------------------------------------    -------------------
    SLICE_X4Y8           FDRE (Prop_fdre_C_Q)         0.141     1.616 r  paralle_serial_sys_i/serial2parallel_0/inst/state_reg_reg[4]/Q
                         net (fo=3, routed)           0.196     1.812    paralle_serial_sys_i/serial2parallel_0/inst/next_state_2_fu_171_p3[3]
    SLICE_X4Y10          FDRE                                         r  paralle_serial_sys_i/serial2parallel_0/inst/state_reg_reg[3]/D
  -------------------------------------------------------------------    -------------------

                         (clock sys_clk_pin rise edge)
                                                      0.000     0.000 r  
    W5                                                0.000     0.000 r  ap_clk (IN)
                         net (fo=0)                   0.000     0.000    ap_clk
    W5                   IBUF (Prop_ibuf_I_O)         0.414     0.414 r  ap_clk_IBUF_inst/O
                         net (fo=1, routed)           0.685     1.099    ap_clk_IBUF
    BUFGCTRL_X0Y0        BUFG (Prop_bufg_I_O)         0.029     1.128 r  ap_clk_IBUF_BUFG_inst/O
                         net (fo=79, routed)          0.862     1.989    paralle_serial_sys_i/serial2parallel_0/inst/ap_clk
    SLICE_X4Y10          FDRE                                         r  paralle_serial_sys_i/serial2parallel_0/inst/state_reg_reg[3]/C
                         clock pessimism             -0.499     1.490    
    SLICE_X4Y10          FDRE (Hold_fdre_C_D)         0.070     1.560    paralle_serial_sys_i/serial2parallel_0/inst/state_reg_reg[3]
  -------------------------------------------------------------------
                         required time                         -1.560    
                         arrival time                           1.812    
  -------------------------------------------------------------------
                         slack                                  0.252    

Slack (MET) :             0.255ns  (arrival time - required time)
  Source:                 paralle_serial_sys_i/serial2parallel_0/inst/state_reg_reg[6]/C
                            (rising edge-triggered cell FDRE clocked by sys_clk_pin  {rise@0.000ns fall@5.000ns period=10.000ns})
  Destination:            paralle_serial_sys_i/serial2parallel_0/inst/a_reg_out_reg[5]/D
                            (rising edge-triggered cell FDRE clocked by sys_clk_pin  {rise@0.000ns fall@5.000ns period=10.000ns})
  Path Group:             sys_clk_pin
  Path Type:              Hold (Min at Fast Process Corner)
  Requirement:            0.000ns  (sys_clk_pin rise@0.000ns - sys_clk_pin rise@0.000ns)
  Data Path Delay:        0.334ns  (logic 0.164ns (49.062%)  route 0.170ns (50.938%))
  Logic Levels:           0  
  Clock Path Skew:        0.013ns (DCD - SCD - CPR)
    Destination Clock Delay (DCD):    1.992ns
    Source Clock Delay      (SCD):    1.477ns
    Clock Pessimism Removal (CPR):    0.502ns

    Location             Delay type                Incr(ns)  Path(ns)    Netlist Resource(s)
  -------------------------------------------------------------------    -------------------
                         (clock sys_clk_pin rise edge)
                                                      0.000     0.000 r  
    W5                                                0.000     0.000 r  ap_clk (IN)
                         net (fo=0)                   0.000     0.000    ap_clk
    W5                   IBUF (Prop_ibuf_I_O)         0.226     0.226 r  ap_clk_IBUF_inst/O
                         net (fo=1, routed)           0.631     0.858    ap_clk_IBUF
    BUFGCTRL_X0Y0        BUFG (Prop_bufg_I_O)         0.026     0.884 r  ap_clk_IBUF_BUFG_inst/O
                         net (fo=79, routed)          0.594     1.477    paralle_serial_sys_i/serial2parallel_0/inst/ap_clk
    SLICE_X2Y8           FDRE                                         r  paralle_serial_sys_i/serial2parallel_0/inst/state_reg_reg[6]/C
  -------------------------------------------------------------------    -------------------
    SLICE_X2Y8           FDRE (Prop_fdre_C_Q)         0.164     1.641 r  paralle_serial_sys_i/serial2parallel_0/inst/state_reg_reg[6]/Q
                         net (fo=3, routed)           0.170     1.811    paralle_serial_sys_i/serial2parallel_0/inst/next_state_2_fu_171_p3[5]
    SLICE_X3Y8           FDRE                                         r  paralle_serial_sys_i/serial2parallel_0/inst/a_reg_out_reg[5]/D
  -------------------------------------------------------------------    -------------------

                         (clock sys_clk_pin rise edge)
                                                      0.000     0.000 r  
    W5                                                0.000     0.000 r  ap_clk (IN)
                         net (fo=0)                   0.000     0.000    ap_clk
    W5                   IBUF (Prop_ibuf_I_O)         0.414     0.414 r  ap_clk_IBUF_inst/O
                         net (fo=1, routed)           0.685     1.099    ap_clk_IBUF
    BUFGCTRL_X0Y0        BUFG (Prop_bufg_I_O)         0.029     1.128 r  ap_clk_IBUF_BUFG_inst/O
                         net (fo=79, routed)          0.865     1.992    paralle_serial_sys_i/serial2parallel_0/inst/ap_clk
    SLICE_X3Y8           FDRE                                         r  paralle_serial_sys_i/serial2parallel_0/inst/a_reg_out_reg[5]/C
                         clock pessimism             -0.502     1.490    
    SLICE_X3Y8           FDRE (Hold_fdre_C_D)         0.066     1.556    paralle_serial_sys_i/serial2parallel_0/inst/a_reg_out_reg[5]
  -------------------------------------------------------------------
                         required time                         -1.556    
                         arrival time                           1.811    
  -------------------------------------------------------------------
                         slack                                  0.255    

Slack (MET) :             0.267ns  (arrival time - required time)
  Source:                 paralle_serial_sys_i/serial2parallel_0/inst/state_reg_reg[2]/C
                            (rising edge-triggered cell FDRE clocked by sys_clk_pin  {rise@0.000ns fall@5.000ns period=10.000ns})
  Destination:            paralle_serial_sys_i/serial2parallel_0/inst/state_reg_reg[1]/D
                            (rising edge-triggered cell FDRE clocked by sys_clk_pin  {rise@0.000ns fall@5.000ns period=10.000ns})
  Path Group:             sys_clk_pin
  Path Type:              Hold (Min at Fast Process Corner)
  Requirement:            0.000ns  (sys_clk_pin rise@0.000ns - sys_clk_pin rise@0.000ns)
  Data Path Delay:        0.337ns  (logic 0.141ns (41.808%)  route 0.196ns (58.192%))
  Logic Levels:           0  
  Clock Path Skew:        0.000ns (DCD - SCD - CPR)
    Destination Clock Delay (DCD):    1.989ns
    Source Clock Delay      (SCD):    1.474ns
    Clock Pessimism Removal (CPR):    0.515ns

    Location             Delay type                Incr(ns)  Path(ns)    Netlist Resource(s)
  -------------------------------------------------------------------    -------------------
                         (clock sys_clk_pin rise edge)
                                                      0.000     0.000 r  
    W5                                                0.000     0.000 r  ap_clk (IN)
                         net (fo=0)                   0.000     0.000    ap_clk
    W5                   IBUF (Prop_ibuf_I_O)         0.226     0.226 r  ap_clk_IBUF_inst/O
                         net (fo=1, routed)           0.631     0.858    ap_clk_IBUF
    BUFGCTRL_X0Y0        BUFG (Prop_bufg_I_O)         0.026     0.884 r  ap_clk_IBUF_BUFG_inst/O
                         net (fo=79, routed)          0.591     1.474    paralle_serial_sys_i/serial2parallel_0/inst/ap_clk
    SLICE_X4Y10          FDRE                                         r  paralle_serial_sys_i/serial2parallel_0/inst/state_reg_reg[2]/C
  -------------------------------------------------------------------    -------------------
    SLICE_X4Y10          FDRE (Prop_fdre_C_Q)         0.141     1.615 r  paralle_serial_sys_i/serial2parallel_0/inst/state_reg_reg[2]/Q
                         net (fo=3, routed)           0.196     1.811    paralle_serial_sys_i/serial2parallel_0/inst/next_state_2_fu_171_p3[1]
    SLICE_X4Y10          FDRE                                         r  paralle_serial_sys_i/serial2parallel_0/inst/state_reg_reg[1]/D
  -------------------------------------------------------------------    -------------------

                         (clock sys_clk_pin rise edge)
                                                      0.000     0.000 r  
    W5                                                0.000     0.000 r  ap_clk (IN)
                         net (fo=0)                   0.000     0.000    ap_clk
    W5                   IBUF (Prop_ibuf_I_O)         0.414     0.414 r  ap_clk_IBUF_inst/O
                         net (fo=1, routed)           0.685     1.099    ap_clk_IBUF
    BUFGCTRL_X0Y0        BUFG (Prop_bufg_I_O)         0.029     1.128 r  ap_clk_IBUF_BUFG_inst/O
                         net (fo=79, routed)          0.862     1.989    paralle_serial_sys_i/serial2parallel_0/inst/ap_clk
    SLICE_X4Y10          FDRE                                         r  paralle_serial_sys_i/serial2parallel_0/inst/state_reg_reg[1]/C
                         clock pessimism             -0.515     1.474    
    SLICE_X4Y10          FDRE (Hold_fdre_C_D)         0.070     1.544    paralle_serial_sys_i/serial2parallel_0/inst/state_reg_reg[1]
  -------------------------------------------------------------------
                         required time                         -1.544    
                         arrival time                           1.811    
  -------------------------------------------------------------------
                         slack                                  0.267    

Slack (MET) :             0.274ns  (arrival time - required time)
  Source:                 paralle_serial_sys_i/serial2parallel_0/inst/counter_reg[13]/C
                            (rising edge-triggered cell FDRE clocked by sys_clk_pin  {rise@0.000ns fall@5.000ns period=10.000ns})
  Destination:            paralle_serial_sys_i/serial2parallel_0/inst/counter_reg[13]/D
                            (rising edge-triggered cell FDRE clocked by sys_clk_pin  {rise@0.000ns fall@5.000ns period=10.000ns})
  Path Group:             sys_clk_pin
  Path Type:              Hold (Min at Fast Process Corner)
  Requirement:            0.000ns  (sys_clk_pin rise@0.000ns - sys_clk_pin rise@0.000ns)
  Data Path Delay:        0.365ns  (logic 0.186ns (50.911%)  route 0.179ns (49.089%))
  Logic Levels:           1  (LUT6=1)
  Clock Path Skew:        0.000ns (DCD - SCD - CPR)
    Destination Clock Delay (DCD):    1.989ns
    Source Clock Delay      (SCD):    1.474ns
    Clock Pessimism Removal (CPR):    0.515ns

    Location             Delay type                Incr(ns)  Path(ns)    Netlist Resource(s)
  -------------------------------------------------------------------    -------------------
                         (clock sys_clk_pin rise edge)
                                                      0.000     0.000 r  
    W5                                                0.000     0.000 r  ap_clk (IN)
                         net (fo=0)                   0.000     0.000    ap_clk
    W5                   IBUF (Prop_ibuf_I_O)         0.226     0.226 r  ap_clk_IBUF_inst/O
                         net (fo=1, routed)           0.631     0.858    ap_clk_IBUF
    BUFGCTRL_X0Y0        BUFG (Prop_bufg_I_O)         0.026     0.884 r  ap_clk_IBUF_BUFG_inst/O
                         net (fo=79, routed)          0.591     1.474    paralle_serial_sys_i/serial2parallel_0/inst/ap_clk
    SLICE_X7Y11          FDRE                                         r  paralle_serial_sys_i/serial2parallel_0/inst/counter_reg[13]/C
  -------------------------------------------------------------------    -------------------
    SLICE_X7Y11          FDRE (Prop_fdre_C_Q)         0.141     1.615 r  paralle_serial_sys_i/serial2parallel_0/inst/counter_reg[13]/Q
                         net (fo=5, routed)           0.179     1.794    paralle_serial_sys_i/serial2parallel_0/inst/counter_reg_n_0_[13]
    SLICE_X7Y11          LUT6 (Prop_lut6_I1_O)        0.045     1.839 r  paralle_serial_sys_i/serial2parallel_0/inst/counter[13]_i_1/O
                         net (fo=1, routed)           0.000     1.839    paralle_serial_sys_i/serial2parallel_0/inst/counter[13]_i_1_n_0
    SLICE_X7Y11          FDRE                                         r  paralle_serial_sys_i/serial2parallel_0/inst/counter_reg[13]/D
  -------------------------------------------------------------------    -------------------

                         (clock sys_clk_pin rise edge)
                                                      0.000     0.000 r  
    W5                                                0.000     0.000 r  ap_clk (IN)
                         net (fo=0)                   0.000     0.000    ap_clk
    W5                   IBUF (Prop_ibuf_I_O)         0.414     0.414 r  ap_clk_IBUF_inst/O
                         net (fo=1, routed)           0.685     1.099    ap_clk_IBUF
    BUFGCTRL_X0Y0        BUFG (Prop_bufg_I_O)         0.029     1.128 r  ap_clk_IBUF_BUFG_inst/O
                         net (fo=79, routed)          0.862     1.989    paralle_serial_sys_i/serial2parallel_0/inst/ap_clk
    SLICE_X7Y11          FDRE                                         r  paralle_serial_sys_i/serial2parallel_0/inst/counter_reg[13]/C
                         clock pessimism             -0.515     1.474    
    SLICE_X7Y11          FDRE (Hold_fdre_C_D)         0.091     1.565    paralle_serial_sys_i/serial2parallel_0/inst/counter_reg[13]
  -------------------------------------------------------------------
                         required time                         -1.565    
                         arrival time                           1.839    
  -------------------------------------------------------------------
                         slack                                  0.274    

Slack (MET) :             0.274ns  (arrival time - required time)
  Source:                 paralle_serial_sys_i/serial2parallel_0/inst/counter_reg[21]/C
                            (rising edge-triggered cell FDRE clocked by sys_clk_pin  {rise@0.000ns fall@5.000ns period=10.000ns})
  Destination:            paralle_serial_sys_i/serial2parallel_0/inst/counter_reg[21]/D
                            (rising edge-triggered cell FDRE clocked by sys_clk_pin  {rise@0.000ns fall@5.000ns period=10.000ns})
  Path Group:             sys_clk_pin
  Path Type:              Hold (Min at Fast Process Corner)
  Requirement:            0.000ns  (sys_clk_pin rise@0.000ns - sys_clk_pin rise@0.000ns)
  Data Path Delay:        0.365ns  (logic 0.186ns (50.911%)  route 0.179ns (49.089%))
  Logic Levels:           1  (LUT6=1)
  Clock Path Skew:        0.000ns (DCD - SCD - CPR)
    Destination Clock Delay (DCD):    1.986ns
    Source Clock Delay      (SCD):    1.472ns
    Clock Pessimism Removal (CPR):    0.514ns

    Location             Delay type                Incr(ns)  Path(ns)    Netlist Resource(s)
  -------------------------------------------------------------------    -------------------
                         (clock sys_clk_pin rise edge)
                                                      0.000     0.000 r  
    W5                                                0.000     0.000 r  ap_clk (IN)
                         net (fo=0)                   0.000     0.000    ap_clk
    W5                   IBUF (Prop_ibuf_I_O)         0.226     0.226 r  ap_clk_IBUF_inst/O
                         net (fo=1, routed)           0.631     0.858    ap_clk_IBUF
    BUFGCTRL_X0Y0        BUFG (Prop_bufg_I_O)         0.026     0.884 r  ap_clk_IBUF_BUFG_inst/O
                         net (fo=79, routed)          0.589     1.472    paralle_serial_sys_i/serial2parallel_0/inst/ap_clk
    SLICE_X7Y13          FDRE                                         r  paralle_serial_sys_i/serial2parallel_0/inst/counter_reg[21]/C
  -------------------------------------------------------------------    -------------------
    SLICE_X7Y13          FDRE (Prop_fdre_C_Q)         0.141     1.613 r  paralle_serial_sys_i/serial2parallel_0/inst/counter_reg[21]/Q
                         net (fo=7, routed)           0.179     1.792    paralle_serial_sys_i/serial2parallel_0/inst/counter_reg_n_0_[21]
    SLICE_X7Y13          LUT6 (Prop_lut6_I1_O)        0.045     1.837 r  paralle_serial_sys_i/serial2parallel_0/inst/counter[21]_i_1/O
                         net (fo=1, routed)           0.000     1.837    paralle_serial_sys_i/serial2parallel_0/inst/counter[21]_i_1_n_0
    SLICE_X7Y13          FDRE                                         r  paralle_serial_sys_i/serial2parallel_0/inst/counter_reg[21]/D
  -------------------------------------------------------------------    -------------------

                         (clock sys_clk_pin rise edge)
                                                      0.000     0.000 r  
    W5                                                0.000     0.000 r  ap_clk (IN)
                         net (fo=0)                   0.000     0.000    ap_clk
    W5                   IBUF (Prop_ibuf_I_O)         0.414     0.414 r  ap_clk_IBUF_inst/O
                         net (fo=1, routed)           0.685     1.099    ap_clk_IBUF
    BUFGCTRL_X0Y0        BUFG (Prop_bufg_I_O)         0.029     1.128 r  ap_clk_IBUF_BUFG_inst/O
                         net (fo=79, routed)          0.859     1.986    paralle_serial_sys_i/serial2parallel_0/inst/ap_clk
    SLICE_X7Y13          FDRE                                         r  paralle_serial_sys_i/serial2parallel_0/inst/counter_reg[21]/C
                         clock pessimism             -0.514     1.472    
    SLICE_X7Y13          FDRE (Hold_fdre_C_D)         0.091     1.563    paralle_serial_sys_i/serial2parallel_0/inst/counter_reg[21]
  -------------------------------------------------------------------
                         required time                         -1.563    
                         arrival time                           1.837    
  -------------------------------------------------------------------
                         slack                                  0.274    

Slack (MET) :             0.274ns  (arrival time - required time)
  Source:                 paralle_serial_sys_i/serial2parallel_0/inst/counter_reg[17]/C
                            (rising edge-triggered cell FDRE clocked by sys_clk_pin  {rise@0.000ns fall@5.000ns period=10.000ns})
  Destination:            paralle_serial_sys_i/serial2parallel_0/inst/counter_reg[17]/D
                            (rising edge-triggered cell FDRE clocked by sys_clk_pin  {rise@0.000ns fall@5.000ns period=10.000ns})
  Path Group:             sys_clk_pin
  Path Type:              Hold (Min at Fast Process Corner)
  Requirement:            0.000ns  (sys_clk_pin rise@0.000ns - sys_clk_pin rise@0.000ns)
  Data Path Delay:        0.365ns  (logic 0.186ns (50.902%)  route 0.179ns (49.098%))
  Logic Levels:           1  (LUT6=1)
  Clock Path Skew:        0.000ns (DCD - SCD - CPR)
    Destination Clock Delay (DCD):    1.987ns
    Source Clock Delay      (SCD):    1.473ns
    Clock Pessimism Removal (CPR):    0.514ns

    Location             Delay type                Incr(ns)  Path(ns)    Netlist Resource(s)
  -------------------------------------------------------------------    -------------------
                         (clock sys_clk_pin rise edge)
                                                      0.000     0.000 r  
    W5                                                0.000     0.000 r  ap_clk (IN)
                         net (fo=0)                   0.000     0.000    ap_clk
    W5                   IBUF (Prop_ibuf_I_O)         0.226     0.226 r  ap_clk_IBUF_inst/O
                         net (fo=1, routed)           0.631     0.858    ap_clk_IBUF
    BUFGCTRL_X0Y0        BUFG (Prop_bufg_I_O)         0.026     0.884 r  ap_clk_IBUF_BUFG_inst/O
                         net (fo=79, routed)          0.590     1.473    paralle_serial_sys_i/serial2parallel_0/inst/ap_clk
    SLICE_X7Y12          FDRE                                         r  paralle_serial_sys_i/serial2parallel_0/inst/counter_reg[17]/C
  -------------------------------------------------------------------    -------------------
    SLICE_X7Y12          FDRE (Prop_fdre_C_Q)         0.141     1.614 r  paralle_serial_sys_i/serial2parallel_0/inst/counter_reg[17]/Q
                         net (fo=4, routed)           0.179     1.794    paralle_serial_sys_i/serial2parallel_0/inst/counter_reg_n_0_[17]
    SLICE_X7Y12          LUT6 (Prop_lut6_I1_O)        0.045     1.839 r  paralle_serial_sys_i/serial2parallel_0/inst/counter[17]_i_1/O
                         net (fo=1, routed)           0.000     1.839    paralle_serial_sys_i/serial2parallel_0/inst/counter[17]_i_1_n_0
    SLICE_X7Y12          FDRE                                         r  paralle_serial_sys_i/serial2parallel_0/inst/counter_reg[17]/D
  -------------------------------------------------------------------    -------------------

                         (clock sys_clk_pin rise edge)
                                                      0.000     0.000 r  
    W5                                                0.000     0.000 r  ap_clk (IN)
                         net (fo=0)                   0.000     0.000    ap_clk
    W5                   IBUF (Prop_ibuf_I_O)         0.414     0.414 r  ap_clk_IBUF_inst/O
                         net (fo=1, routed)           0.685     1.099    ap_clk_IBUF
    BUFGCTRL_X0Y0        BUFG (Prop_bufg_I_O)         0.029     1.128 r  ap_clk_IBUF_BUFG_inst/O
                         net (fo=79, routed)          0.860     1.987    paralle_serial_sys_i/serial2parallel_0/inst/ap_clk
    SLICE_X7Y12          FDRE                                         r  paralle_serial_sys_i/serial2parallel_0/inst/counter_reg[17]/C
                         clock pessimism             -0.514     1.473    
    SLICE_X7Y12          FDRE (Hold_fdre_C_D)         0.091     1.564    paralle_serial_sys_i/serial2parallel_0/inst/counter_reg[17]
  -------------------------------------------------------------------
                         required time                         -1.564    
                         arrival time                           1.839    
  -------------------------------------------------------------------
                         slack                                  0.274    

Slack (MET) :             0.274ns  (arrival time - required time)
  Source:                 paralle_serial_sys_i/serial2parallel_0/inst/counter_reg[25]/C
                            (rising edge-triggered cell FDRE clocked by sys_clk_pin  {rise@0.000ns fall@5.000ns period=10.000ns})
  Destination:            paralle_serial_sys_i/serial2parallel_0/inst/counter_reg[25]/D
                            (rising edge-triggered cell FDRE clocked by sys_clk_pin  {rise@0.000ns fall@5.000ns period=10.000ns})
  Path Group:             sys_clk_pin
  Path Type:              Hold (Min at Fast Process Corner)
  Requirement:            0.000ns  (sys_clk_pin rise@0.000ns - sys_clk_pin rise@0.000ns)
  Data Path Delay:        0.365ns  (logic 0.186ns (50.902%)  route 0.179ns (49.098%))
  Logic Levels:           1  (LUT6=1)
  Clock Path Skew:        0.000ns (DCD - SCD - CPR)
    Destination Clock Delay (DCD):    1.986ns
    Source Clock Delay      (SCD):    1.472ns
    Clock Pessimism Removal (CPR):    0.514ns

    Location             Delay type                Incr(ns)  Path(ns)    Netlist Resource(s)
  -------------------------------------------------------------------    -------------------
                         (clock sys_clk_pin rise edge)
                                                      0.000     0.000 r  
    W5                                                0.000     0.000 r  ap_clk (IN)
                         net (fo=0)                   0.000     0.000    ap_clk
    W5                   IBUF (Prop_ibuf_I_O)         0.226     0.226 r  ap_clk_IBUF_inst/O
                         net (fo=1, routed)           0.631     0.858    ap_clk_IBUF
    BUFGCTRL_X0Y0        BUFG (Prop_bufg_I_O)         0.026     0.884 r  ap_clk_IBUF_BUFG_inst/O
                         net (fo=79, routed)          0.589     1.472    paralle_serial_sys_i/serial2parallel_0/inst/ap_clk
    SLICE_X7Y14          FDRE                                         r  paralle_serial_sys_i/serial2parallel_0/inst/counter_reg[25]/C
  -------------------------------------------------------------------    -------------------
    SLICE_X7Y14          FDRE (Prop_fdre_C_Q)         0.141     1.613 r  paralle_serial_sys_i/serial2parallel_0/inst/counter_reg[25]/Q
                         net (fo=5, routed)           0.179     1.793    paralle_serial_sys_i/serial2parallel_0/inst/counter_reg_n_0_[25]
    SLICE_X7Y14          LUT6 (Prop_lut6_I1_O)        0.045     1.838 r  paralle_serial_sys_i/serial2parallel_0/inst/counter[25]_i_1/O
                         net (fo=1, routed)           0.000     1.838    paralle_serial_sys_i/serial2parallel_0/inst/counter[25]_i_1_n_0
    SLICE_X7Y14          FDRE                                         r  paralle_serial_sys_i/serial2parallel_0/inst/counter_reg[25]/D
  -------------------------------------------------------------------    -------------------

                         (clock sys_clk_pin rise edge)
                                                      0.000     0.000 r  
    W5                                                0.000     0.000 r  ap_clk (IN)
                         net (fo=0)                   0.000     0.000    ap_clk
    W5                   IBUF (Prop_ibuf_I_O)         0.414     0.414 r  ap_clk_IBUF_inst/O
                         net (fo=1, routed)           0.685     1.099    ap_clk_IBUF
    BUFGCTRL_X0Y0        BUFG (Prop_bufg_I_O)         0.029     1.128 r  ap_clk_IBUF_BUFG_inst/O
                         net (fo=79, routed)          0.859     1.986    paralle_serial_sys_i/serial2parallel_0/inst/ap_clk
    SLICE_X7Y14          FDRE                                         r  paralle_serial_sys_i/serial2parallel_0/inst/counter_reg[25]/C
                         clock pessimism             -0.514     1.472    
    SLICE_X7Y14          FDRE (Hold_fdre_C_D)         0.091     1.563    paralle_serial_sys_i/serial2parallel_0/inst/counter_reg[25]
  -------------------------------------------------------------------
                         required time                         -1.563    
                         arrival time                           1.838    
  -------------------------------------------------------------------
                         slack                                  0.274    





Pulse Width Checks
--------------------------------------------------------------------------------------
Clock Name:         sys_clk_pin
Waveform(ns):       { 0.000 5.000 }
Period(ns):         10.000
Sources:            { ap_clk }

Check Type        Corner  Lib Pin  Reference Pin  Required(ns)  Actual(ns)  Slack(ns)  Location       Pin
Min Period        n/a     BUFG/I   n/a            2.155         10.000      7.845      BUFGCTRL_X0Y0  ap_clk_IBUF_BUFG_inst/I
Min Period        n/a     FDRE/C   n/a            1.000         10.000      9.000      SLICE_X3Y11    paralle_serial_sys_i/parallel2serial_0/inst/count_reg[0]/C
Min Period        n/a     FDRE/C   n/a            1.000         10.000      9.000      SLICE_X1Y11    paralle_serial_sys_i/parallel2serial_0/inst/count_reg[10]/C
Min Period        n/a     FDRE/C   n/a            1.000         10.000      9.000      SLICE_X1Y11    paralle_serial_sys_i/parallel2serial_0/inst/count_reg[11]/C
Min Period        n/a     FDRE/C   n/a            1.000         10.000      9.000      SLICE_X1Y11    paralle_serial_sys_i/parallel2serial_0/inst/count_reg[12]/C
Min Period        n/a     FDRE/C   n/a            1.000         10.000      9.000      SLICE_X1Y12    paralle_serial_sys_i/parallel2serial_0/inst/count_reg[13]/C
Min Period        n/a     FDRE/C   n/a            1.000         10.000      9.000      SLICE_X1Y12    paralle_serial_sys_i/parallel2serial_0/inst/count_reg[14]/C
Min Period        n/a     FDRE/C   n/a            1.000         10.000      9.000      SLICE_X1Y12    paralle_serial_sys_i/parallel2serial_0/inst/count_reg[15]/C
Min Period        n/a     FDRE/C   n/a            1.000         10.000      9.000      SLICE_X1Y12    paralle_serial_sys_i/parallel2serial_0/inst/count_reg[16]/C
Min Period        n/a     FDRE/C   n/a            1.000         10.000      9.000      SLICE_X1Y13    paralle_serial_sys_i/parallel2serial_0/inst/count_reg[17]/C
Low Pulse Width   Slow    FDRE/C   n/a            0.500         5.000       4.500      SLICE_X3Y11    paralle_serial_sys_i/parallel2serial_0/inst/count_reg[0]/C
Low Pulse Width   Fast    FDRE/C   n/a            0.500         5.000       4.500      SLICE_X3Y11    paralle_serial_sys_i/parallel2serial_0/inst/count_reg[0]/C
Low Pulse Width   Slow    FDRE/C   n/a            0.500         5.000       4.500      SLICE_X1Y11    paralle_serial_sys_i/parallel2serial_0/inst/count_reg[10]/C
Low Pulse Width   Fast    FDRE/C   n/a            0.500         5.000       4.500      SLICE_X1Y11    paralle_serial_sys_i/parallel2serial_0/inst/count_reg[10]/C
Low Pulse Width   Slow    FDRE/C   n/a            0.500         5.000       4.500      SLICE_X1Y11    paralle_serial_sys_i/parallel2serial_0/inst/count_reg[11]/C
Low Pulse Width   Fast    FDRE/C   n/a            0.500         5.000       4.500      SLICE_X1Y11    paralle_serial_sys_i/parallel2serial_0/inst/count_reg[11]/C
Low Pulse Width   Slow    FDRE/C   n/a            0.500         5.000       4.500      SLICE_X1Y11    paralle_serial_sys_i/parallel2serial_0/inst/count_reg[12]/C
Low Pulse Width   Fast    FDRE/C   n/a            0.500         5.000       4.500      SLICE_X1Y11    paralle_serial_sys_i/parallel2serial_0/inst/count_reg[12]/C
Low Pulse Width   Slow    FDRE/C   n/a            0.500         5.000       4.500      SLICE_X1Y12    paralle_serial_sys_i/parallel2serial_0/inst/count_reg[13]/C
Low Pulse Width   Fast    FDRE/C   n/a            0.500         5.000       4.500      SLICE_X1Y12    paralle_serial_sys_i/parallel2serial_0/inst/count_reg[13]/C
High Pulse Width  Slow    FDRE/C   n/a            0.500         5.000       4.500      SLICE_X3Y11    paralle_serial_sys_i/parallel2serial_0/inst/count_reg[0]/C
High Pulse Width  Fast    FDRE/C   n/a            0.500         5.000       4.500      SLICE_X3Y11    paralle_serial_sys_i/parallel2serial_0/inst/count_reg[0]/C
High Pulse Width  Slow    FDRE/C   n/a            0.500         5.000       4.500      SLICE_X1Y11    paralle_serial_sys_i/parallel2serial_0/inst/count_reg[10]/C
High Pulse Width  Fast    FDRE/C   n/a            0.500         5.000       4.500      SLICE_X1Y11    paralle_serial_sys_i/parallel2serial_0/inst/count_reg[10]/C
High Pulse Width  Slow    FDRE/C   n/a            0.500         5.000       4.500      SLICE_X1Y11    paralle_serial_sys_i/parallel2serial_0/inst/count_reg[11]/C
High Pulse Width  Fast    FDRE/C   n/a            0.500         5.000       4.500      SLICE_X1Y11    paralle_serial_sys_i/parallel2serial_0/inst/count_reg[11]/C
High Pulse Width  Slow    FDRE/C   n/a            0.500         5.000       4.500      SLICE_X1Y11    paralle_serial_sys_i/parallel2serial_0/inst/count_reg[12]/C
High Pulse Width  Fast    FDRE/C   n/a            0.500         5.000       4.500      SLICE_X1Y11    paralle_serial_sys_i/parallel2serial_0/inst/count_reg[12]/C
High Pulse Width  Slow    FDRE/C   n/a            0.500         5.000       4.500      SLICE_X1Y12    paralle_serial_sys_i/parallel2serial_0/inst/count_reg[13]/C
High Pulse Width  Fast    FDRE/C   n/a            0.500         5.000       4.500      SLICE_X1Y12    paralle_serial_sys_i/parallel2serial_0/inst/count_reg[13]/C



--------------------------------------------------------------------------------------
Path Group:  (none)
From Clock:  
  To Clock:  

Max Delay             8 Endpoints
Min Delay             8 Endpoints
--------------------------------------------------------------------------------------


Max Delay Paths
--------------------------------------------------------------------------------------
Slack:                    inf
  Source:                 begin_conversion
                            (input port)
  Destination:            LED[1]
                            (output port)
  Path Group:             (none)
  Path Type:              Max at Slow Process Corner
  Data Path Delay:        14.712ns  (logic 5.930ns (40.312%)  route 8.781ns (59.688%))
  Logic Levels:           8  (IBUF=1 LUT4=1 LUT5=2 LUT6=3 OBUF=1)

    Location             Delay type                Incr(ns)  Path(ns)    Netlist Resource(s)
  -------------------------------------------------------------------    -------------------
    T18                                               0.000     0.000 r  begin_conversion (IN)
                         net (fo=0)                   0.000     0.000    begin_conversion
    T18                  IBUF (Prop_ibuf_I_O)         1.454     1.454 r  begin_conversion_IBUF_inst/O
                         net (fo=65, routed)          2.089     3.543    paralle_serial_sys_i/parallel2serial_0/inst/begin_r[0]
    SLICE_X2Y14          LUT5 (Prop_lut5_I3_O)        0.124     3.667 f  paralle_serial_sys_i/parallel2serial_0/inst/serial_start[0]_INST_0_i_9/O
                         net (fo=1, routed)           0.471     4.138    paralle_serial_sys_i/parallel2serial_0/inst/serial_start[0]_INST_0_i_9_n_0
    SLICE_X2Y13          LUT4 (Prop_lut4_I2_O)        0.124     4.262 r  paralle_serial_sys_i/parallel2serial_0/inst/serial_start[0]_INST_0_i_1/O
                         net (fo=3, routed)           0.609     4.872    paralle_serial_sys_i/parallel2serial_0/inst/serial_start[0]_INST_0_i_1_n_0
    SLICE_X2Y11          LUT6 (Prop_lut6_I0_O)        0.124     4.996 r  paralle_serial_sys_i/parallel2serial_0/inst/serial_start[0]_INST_0/O
                         net (fo=97, routed)          0.687     5.683    paralle_serial_sys_i/serial2parallel_0/inst/serial_start[0]
    SLICE_X5Y12          LUT5 (Prop_lut5_I3_O)        0.119     5.802 f  paralle_serial_sys_i/serial2parallel_0/inst/a[7]_INST_0_i_9/O
                         net (fo=3, routed)           1.132     6.934    paralle_serial_sys_i/serial2parallel_0/inst/a[7]_INST_0_i_9_n_0
    SLICE_X3Y11          LUT6 (Prop_lut6_I5_O)        0.332     7.266 r  paralle_serial_sys_i/serial2parallel_0/inst/a[7]_INST_0_i_4/O
                         net (fo=8, routed)           1.068     8.334    paralle_serial_sys_i/serial2parallel_0/inst/a[7]_INST_0_i_4_n_0
    SLICE_X3Y10          LUT6 (Prop_lut6_I4_O)        0.124     8.458 r  paralle_serial_sys_i/serial2parallel_0/inst/a[1]_INST_0/O
                         net (fo=1, routed)           2.724    11.182    LED_OBUF[1]
    E19                  OBUF (Prop_obuf_I_O)         3.530    14.712 r  LED_OBUF[1]_inst/O
                         net (fo=0)                   0.000    14.712    LED[1]
    E19                                                               r  LED[1] (OUT)
  -------------------------------------------------------------------    -------------------

Slack:                    inf
  Source:                 begin_conversion
                            (input port)
  Destination:            LED[3]
                            (output port)
  Path Group:             (none)
  Path Type:              Max at Slow Process Corner
  Data Path Delay:        14.208ns  (logic 5.910ns (41.596%)  route 8.298ns (58.404%))
  Logic Levels:           8  (IBUF=1 LUT4=1 LUT5=2 LUT6=3 OBUF=1)

    Location             Delay type                Incr(ns)  Path(ns)    Netlist Resource(s)
  -------------------------------------------------------------------    -------------------
    T18                                               0.000     0.000 r  begin_conversion (IN)
                         net (fo=0)                   0.000     0.000    begin_conversion
    T18                  IBUF (Prop_ibuf_I_O)         1.454     1.454 r  begin_conversion_IBUF_inst/O
                         net (fo=65, routed)          2.089     3.543    paralle_serial_sys_i/parallel2serial_0/inst/begin_r[0]
    SLICE_X2Y14          LUT5 (Prop_lut5_I3_O)        0.124     3.667 f  paralle_serial_sys_i/parallel2serial_0/inst/serial_start[0]_INST_0_i_9/O
                         net (fo=1, routed)           0.471     4.138    paralle_serial_sys_i/parallel2serial_0/inst/serial_start[0]_INST_0_i_9_n_0
    SLICE_X2Y13          LUT4 (Prop_lut4_I2_O)        0.124     4.262 r  paralle_serial_sys_i/parallel2serial_0/inst/serial_start[0]_INST_0_i_1/O
                         net (fo=3, routed)           0.609     4.872    paralle_serial_sys_i/parallel2serial_0/inst/serial_start[0]_INST_0_i_1_n_0
    SLICE_X2Y11          LUT6 (Prop_lut6_I0_O)        0.124     4.996 r  paralle_serial_sys_i/parallel2serial_0/inst/serial_start[0]_INST_0/O
                         net (fo=97, routed)          0.687     5.683    paralle_serial_sys_i/serial2parallel_0/inst/serial_start[0]
    SLICE_X5Y12          LUT5 (Prop_lut5_I3_O)        0.119     5.802 f  paralle_serial_sys_i/serial2parallel_0/inst/a[7]_INST_0_i_9/O
                         net (fo=3, routed)           1.132     6.934    paralle_serial_sys_i/serial2parallel_0/inst/a[7]_INST_0_i_9_n_0
    SLICE_X3Y11          LUT6 (Prop_lut6_I5_O)        0.332     7.266 r  paralle_serial_sys_i/serial2parallel_0/inst/a[7]_INST_0_i_4/O
                         net (fo=8, routed)           1.249     8.514    paralle_serial_sys_i/serial2parallel_0/inst/a[7]_INST_0_i_4_n_0
    SLICE_X3Y10          LUT6 (Prop_lut6_I4_O)        0.124     8.638 r  paralle_serial_sys_i/serial2parallel_0/inst/a[3]_INST_0/O
                         net (fo=1, routed)           2.060    10.699    LED_OBUF[3]
    V19                  OBUF (Prop_obuf_I_O)         3.509    14.208 r  LED_OBUF[3]_inst/O
                         net (fo=0)                   0.000    14.208    LED[3]
    V19                                                               r  LED[3] (OUT)
  -------------------------------------------------------------------    -------------------

Slack:                    inf
  Source:                 begin_conversion
                            (input port)
  Destination:            LED[7]
                            (output port)
  Path Group:             (none)
  Path Type:              Max at Slow Process Corner
  Data Path Delay:        14.183ns  (logic 5.901ns (41.609%)  route 8.282ns (58.391%))
  Logic Levels:           8  (IBUF=1 LUT4=1 LUT5=2 LUT6=3 OBUF=1)

    Location             Delay type                Incr(ns)  Path(ns)    Netlist Resource(s)
  -------------------------------------------------------------------    -------------------
    T18                                               0.000     0.000 r  begin_conversion (IN)
                         net (fo=0)                   0.000     0.000    begin_conversion
    T18                  IBUF (Prop_ibuf_I_O)         1.454     1.454 r  begin_conversion_IBUF_inst/O
                         net (fo=65, routed)          2.089     3.543    paralle_serial_sys_i/parallel2serial_0/inst/begin_r[0]
    SLICE_X2Y14          LUT5 (Prop_lut5_I3_O)        0.124     3.667 f  paralle_serial_sys_i/parallel2serial_0/inst/serial_start[0]_INST_0_i_9/O
                         net (fo=1, routed)           0.471     4.138    paralle_serial_sys_i/parallel2serial_0/inst/serial_start[0]_INST_0_i_9_n_0
    SLICE_X2Y13          LUT4 (Prop_lut4_I2_O)        0.124     4.262 r  paralle_serial_sys_i/parallel2serial_0/inst/serial_start[0]_INST_0_i_1/O
                         net (fo=3, routed)           0.609     4.872    paralle_serial_sys_i/parallel2serial_0/inst/serial_start[0]_INST_0_i_1_n_0
    SLICE_X2Y11          LUT6 (Prop_lut6_I0_O)        0.124     4.996 r  paralle_serial_sys_i/parallel2serial_0/inst/serial_start[0]_INST_0/O
                         net (fo=97, routed)          0.687     5.683    paralle_serial_sys_i/serial2parallel_0/inst/serial_start[0]
    SLICE_X5Y12          LUT5 (Prop_lut5_I3_O)        0.119     5.802 f  paralle_serial_sys_i/serial2parallel_0/inst/a[7]_INST_0_i_9/O
                         net (fo=3, routed)           1.132     6.934    paralle_serial_sys_i/serial2parallel_0/inst/a[7]_INST_0_i_9_n_0
    SLICE_X3Y11          LUT6 (Prop_lut6_I5_O)        0.332     7.266 r  paralle_serial_sys_i/serial2parallel_0/inst/a[7]_INST_0_i_4/O
                         net (fo=8, routed)           1.378     8.644    paralle_serial_sys_i/serial2parallel_0/inst/a[7]_INST_0_i_4_n_0
    SLICE_X2Y8           LUT6 (Prop_lut6_I4_O)        0.124     8.768 r  paralle_serial_sys_i/serial2parallel_0/inst/a[7]_INST_0/O
                         net (fo=1, routed)           1.914    10.682    LED_OBUF[7]
    V14                  OBUF (Prop_obuf_I_O)         3.501    14.183 r  LED_OBUF[7]_inst/O
                         net (fo=0)                   0.000    14.183    LED[7]
    V14                                                               r  LED[7] (OUT)
  -------------------------------------------------------------------    -------------------

Slack:                    inf
  Source:                 begin_conversion
                            (input port)
  Destination:            LED[6]
                            (output port)
  Path Group:             (none)
  Path Type:              Max at Slow Process Corner
  Data Path Delay:        14.178ns  (logic 5.907ns (41.662%)  route 8.271ns (58.338%))
  Logic Levels:           8  (IBUF=1 LUT4=1 LUT5=2 LUT6=3 OBUF=1)

    Location             Delay type                Incr(ns)  Path(ns)    Netlist Resource(s)
  -------------------------------------------------------------------    -------------------
    T18                                               0.000     0.000 r  begin_conversion (IN)
                         net (fo=0)                   0.000     0.000    begin_conversion
    T18                  IBUF (Prop_ibuf_I_O)         1.454     1.454 r  begin_conversion_IBUF_inst/O
                         net (fo=65, routed)          2.089     3.543    paralle_serial_sys_i/parallel2serial_0/inst/begin_r[0]
    SLICE_X2Y14          LUT5 (Prop_lut5_I3_O)        0.124     3.667 f  paralle_serial_sys_i/parallel2serial_0/inst/serial_start[0]_INST_0_i_9/O
                         net (fo=1, routed)           0.471     4.138    paralle_serial_sys_i/parallel2serial_0/inst/serial_start[0]_INST_0_i_9_n_0
    SLICE_X2Y13          LUT4 (Prop_lut4_I2_O)        0.124     4.262 r  paralle_serial_sys_i/parallel2serial_0/inst/serial_start[0]_INST_0_i_1/O
                         net (fo=3, routed)           0.609     4.872    paralle_serial_sys_i/parallel2serial_0/inst/serial_start[0]_INST_0_i_1_n_0
    SLICE_X2Y11          LUT6 (Prop_lut6_I0_O)        0.124     4.996 r  paralle_serial_sys_i/parallel2serial_0/inst/serial_start[0]_INST_0/O
                         net (fo=97, routed)          0.687     5.683    paralle_serial_sys_i/serial2parallel_0/inst/serial_start[0]
    SLICE_X5Y12          LUT5 (Prop_lut5_I3_O)        0.119     5.802 f  paralle_serial_sys_i/serial2parallel_0/inst/a[7]_INST_0_i_9/O
                         net (fo=3, routed)           1.132     6.934    paralle_serial_sys_i/serial2parallel_0/inst/a[7]_INST_0_i_9_n_0
    SLICE_X3Y11          LUT6 (Prop_lut6_I5_O)        0.332     7.266 r  paralle_serial_sys_i/serial2parallel_0/inst/a[7]_INST_0_i_4/O
                         net (fo=8, routed)           1.364     8.630    paralle_serial_sys_i/serial2parallel_0/inst/a[7]_INST_0_i_4_n_0
    SLICE_X2Y8           LUT6 (Prop_lut6_I4_O)        0.124     8.754 r  paralle_serial_sys_i/serial2parallel_0/inst/a[6]_INST_0/O
                         net (fo=1, routed)           1.918    10.672    LED_OBUF[6]
    U14                  OBUF (Prop_obuf_I_O)         3.506    14.178 r  LED_OBUF[6]_inst/O
                         net (fo=0)                   0.000    14.178    LED[6]
    U14                                                               r  LED[6] (OUT)
  -------------------------------------------------------------------    -------------------

Slack:                    inf
  Source:                 begin_conversion
                            (input port)
  Destination:            LED[4]
                            (output port)
  Path Group:             (none)
  Path Type:              Max at Slow Process Corner
  Data Path Delay:        13.674ns  (logic 5.909ns (43.218%)  route 7.764ns (56.782%))
  Logic Levels:           8  (IBUF=1 LUT4=1 LUT5=2 LUT6=3 OBUF=1)

    Location             Delay type                Incr(ns)  Path(ns)    Netlist Resource(s)
  -------------------------------------------------------------------    -------------------
    T18                                               0.000     0.000 r  begin_conversion (IN)
                         net (fo=0)                   0.000     0.000    begin_conversion
    T18                  IBUF (Prop_ibuf_I_O)         1.454     1.454 r  begin_conversion_IBUF_inst/O
                         net (fo=65, routed)          2.089     3.543    paralle_serial_sys_i/parallel2serial_0/inst/begin_r[0]
    SLICE_X2Y14          LUT5 (Prop_lut5_I3_O)        0.124     3.667 f  paralle_serial_sys_i/parallel2serial_0/inst/serial_start[0]_INST_0_i_9/O
                         net (fo=1, routed)           0.471     4.138    paralle_serial_sys_i/parallel2serial_0/inst/serial_start[0]_INST_0_i_9_n_0
    SLICE_X2Y13          LUT4 (Prop_lut4_I2_O)        0.124     4.262 r  paralle_serial_sys_i/parallel2serial_0/inst/serial_start[0]_INST_0_i_1/O
                         net (fo=3, routed)           0.609     4.872    paralle_serial_sys_i/parallel2serial_0/inst/serial_start[0]_INST_0_i_1_n_0
    SLICE_X2Y11          LUT6 (Prop_lut6_I0_O)        0.124     4.996 r  paralle_serial_sys_i/parallel2serial_0/inst/serial_start[0]_INST_0/O
                         net (fo=97, routed)          0.687     5.683    paralle_serial_sys_i/serial2parallel_0/inst/serial_start[0]
    SLICE_X5Y12          LUT5 (Prop_lut5_I3_O)        0.119     5.802 f  paralle_serial_sys_i/serial2parallel_0/inst/a[7]_INST_0_i_9/O
                         net (fo=3, routed)           1.132     6.934    paralle_serial_sys_i/serial2parallel_0/inst/a[7]_INST_0_i_9_n_0
    SLICE_X3Y11          LUT6 (Prop_lut6_I5_O)        0.332     7.266 r  paralle_serial_sys_i/serial2parallel_0/inst/a[7]_INST_0_i_4/O
                         net (fo=8, routed)           0.874     8.140    paralle_serial_sys_i/serial2parallel_0/inst/a[7]_INST_0_i_4_n_0
    SLICE_X2Y8           LUT6 (Prop_lut6_I4_O)        0.124     8.264 r  paralle_serial_sys_i/serial2parallel_0/inst/a[4]_INST_0/O
                         net (fo=1, routed)           1.901    10.165    LED_OBUF[4]
    W18                  OBUF (Prop_obuf_I_O)         3.509    13.674 r  LED_OBUF[4]_inst/O
                         net (fo=0)                   0.000    13.674    LED[4]
    W18                                                               r  LED[4] (OUT)
  -------------------------------------------------------------------    -------------------

Slack:                    inf
  Source:                 begin_conversion
                            (input port)
  Destination:            LED[2]
                            (output port)
  Path Group:             (none)
  Path Type:              Max at Slow Process Corner
  Data Path Delay:        13.656ns  (logic 5.902ns (43.218%)  route 7.754ns (56.782%))
  Logic Levels:           8  (IBUF=1 LUT4=1 LUT5=2 LUT6=3 OBUF=1)

    Location             Delay type                Incr(ns)  Path(ns)    Netlist Resource(s)
  -------------------------------------------------------------------    -------------------
    T18                                               0.000     0.000 r  begin_conversion (IN)
                         net (fo=0)                   0.000     0.000    begin_conversion
    T18                  IBUF (Prop_ibuf_I_O)         1.454     1.454 r  begin_conversion_IBUF_inst/O
                         net (fo=65, routed)          2.089     3.543    paralle_serial_sys_i/parallel2serial_0/inst/begin_r[0]
    SLICE_X2Y14          LUT5 (Prop_lut5_I3_O)        0.124     3.667 f  paralle_serial_sys_i/parallel2serial_0/inst/serial_start[0]_INST_0_i_9/O
                         net (fo=1, routed)           0.471     4.138    paralle_serial_sys_i/parallel2serial_0/inst/serial_start[0]_INST_0_i_9_n_0
    SLICE_X2Y13          LUT4 (Prop_lut4_I2_O)        0.124     4.262 r  paralle_serial_sys_i/parallel2serial_0/inst/serial_start[0]_INST_0_i_1/O
                         net (fo=3, routed)           0.609     4.872    paralle_serial_sys_i/parallel2serial_0/inst/serial_start[0]_INST_0_i_1_n_0
    SLICE_X2Y11          LUT6 (Prop_lut6_I0_O)        0.124     4.996 r  paralle_serial_sys_i/parallel2serial_0/inst/serial_start[0]_INST_0/O
                         net (fo=97, routed)          0.687     5.683    paralle_serial_sys_i/serial2parallel_0/inst/serial_start[0]
    SLICE_X5Y12          LUT5 (Prop_lut5_I3_O)        0.119     5.802 f  paralle_serial_sys_i/serial2parallel_0/inst/a[7]_INST_0_i_9/O
                         net (fo=3, routed)           1.132     6.934    paralle_serial_sys_i/serial2parallel_0/inst/a[7]_INST_0_i_9_n_0
    SLICE_X3Y11          LUT6 (Prop_lut6_I5_O)        0.332     7.266 r  paralle_serial_sys_i/serial2parallel_0/inst/a[7]_INST_0_i_4/O
                         net (fo=8, routed)           0.831     8.097    paralle_serial_sys_i/serial2parallel_0/inst/a[7]_INST_0_i_4_n_0
    SLICE_X3Y10          LUT6 (Prop_lut6_I4_O)        0.124     8.221 r  paralle_serial_sys_i/serial2parallel_0/inst/a[2]_INST_0/O
                         net (fo=1, routed)           1.934    10.155    LED_OBUF[2]
    U19                  OBUF (Prop_obuf_I_O)         3.501    13.656 r  LED_OBUF[2]_inst/O
                         net (fo=0)                   0.000    13.656    LED[2]
    U19                                                               r  LED[2] (OUT)
  -------------------------------------------------------------------    -------------------

Slack:                    inf
  Source:                 begin_conversion
                            (input port)
  Destination:            LED[5]
                            (output port)
  Path Group:             (none)
  Path Type:              Max at Slow Process Corner
  Data Path Delay:        13.507ns  (logic 5.915ns (43.795%)  route 7.592ns (56.205%))
  Logic Levels:           8  (IBUF=1 LUT4=1 LUT5=2 LUT6=3 OBUF=1)

    Location             Delay type                Incr(ns)  Path(ns)    Netlist Resource(s)
  -------------------------------------------------------------------    -------------------
    T18                                               0.000     0.000 r  begin_conversion (IN)
                         net (fo=0)                   0.000     0.000    begin_conversion
    T18                  IBUF (Prop_ibuf_I_O)         1.454     1.454 r  begin_conversion_IBUF_inst/O
                         net (fo=65, routed)          2.089     3.543    paralle_serial_sys_i/parallel2serial_0/inst/begin_r[0]
    SLICE_X2Y14          LUT5 (Prop_lut5_I3_O)        0.124     3.667 f  paralle_serial_sys_i/parallel2serial_0/inst/serial_start[0]_INST_0_i_9/O
                         net (fo=1, routed)           0.471     4.138    paralle_serial_sys_i/parallel2serial_0/inst/serial_start[0]_INST_0_i_9_n_0
    SLICE_X2Y13          LUT4 (Prop_lut4_I2_O)        0.124     4.262 r  paralle_serial_sys_i/parallel2serial_0/inst/serial_start[0]_INST_0_i_1/O
                         net (fo=3, routed)           0.609     4.872    paralle_serial_sys_i/parallel2serial_0/inst/serial_start[0]_INST_0_i_1_n_0
    SLICE_X2Y11          LUT6 (Prop_lut6_I0_O)        0.124     4.996 r  paralle_serial_sys_i/parallel2serial_0/inst/serial_start[0]_INST_0/O
                         net (fo=97, routed)          0.687     5.683    paralle_serial_sys_i/serial2parallel_0/inst/serial_start[0]
    SLICE_X5Y12          LUT5 (Prop_lut5_I3_O)        0.119     5.802 f  paralle_serial_sys_i/serial2parallel_0/inst/a[7]_INST_0_i_9/O
                         net (fo=3, routed)           1.132     6.934    paralle_serial_sys_i/serial2parallel_0/inst/a[7]_INST_0_i_9_n_0
    SLICE_X3Y11          LUT6 (Prop_lut6_I5_O)        0.332     7.266 r  paralle_serial_sys_i/serial2parallel_0/inst/a[7]_INST_0_i_4/O
                         net (fo=8, routed)           0.871     8.137    paralle_serial_sys_i/serial2parallel_0/inst/a[7]_INST_0_i_4_n_0
    SLICE_X2Y8           LUT6 (Prop_lut6_I4_O)        0.124     8.261 r  paralle_serial_sys_i/serial2parallel_0/inst/a[5]_INST_0/O
                         net (fo=1, routed)           1.731     9.992    LED_OBUF[5]
    U15                  OBUF (Prop_obuf_I_O)         3.514    13.507 r  LED_OBUF[5]_inst/O
                         net (fo=0)                   0.000    13.507    LED[5]
    U15                                                               r  LED[5] (OUT)
  -------------------------------------------------------------------    -------------------

Slack:                    inf
  Source:                 begin_conversion
                            (input port)
  Destination:            LED[0]
                            (output port)
  Path Group:             (none)
  Path Type:              Max at Slow Process Corner
  Data Path Delay:        13.330ns  (logic 5.906ns (44.302%)  route 7.425ns (55.698%))
  Logic Levels:           8  (IBUF=1 LUT4=1 LUT5=2 LUT6=3 OBUF=1)

    Location             Delay type                Incr(ns)  Path(ns)    Netlist Resource(s)
  -------------------------------------------------------------------    -------------------
    T18                                               0.000     0.000 r  begin_conversion (IN)
                         net (fo=0)                   0.000     0.000    begin_conversion
    T18                  IBUF (Prop_ibuf_I_O)         1.454     1.454 r  begin_conversion_IBUF_inst/O
                         net (fo=65, routed)          2.089     3.543    paralle_serial_sys_i/parallel2serial_0/inst/begin_r[0]
    SLICE_X2Y14          LUT5 (Prop_lut5_I3_O)        0.124     3.667 f  paralle_serial_sys_i/parallel2serial_0/inst/serial_start[0]_INST_0_i_9/O
                         net (fo=1, routed)           0.471     4.138    paralle_serial_sys_i/parallel2serial_0/inst/serial_start[0]_INST_0_i_9_n_0
    SLICE_X2Y13          LUT4 (Prop_lut4_I2_O)        0.124     4.262 r  paralle_serial_sys_i/parallel2serial_0/inst/serial_start[0]_INST_0_i_1/O
                         net (fo=3, routed)           0.609     4.872    paralle_serial_sys_i/parallel2serial_0/inst/serial_start[0]_INST_0_i_1_n_0
    SLICE_X2Y11          LUT6 (Prop_lut6_I0_O)        0.124     4.996 r  paralle_serial_sys_i/parallel2serial_0/inst/serial_start[0]_INST_0/O
                         net (fo=97, routed)          0.687     5.683    paralle_serial_sys_i/serial2parallel_0/inst/serial_start[0]
    SLICE_X5Y12          LUT5 (Prop_lut5_I3_O)        0.119     5.802 f  paralle_serial_sys_i/serial2parallel_0/inst/a[7]_INST_0_i_9/O
                         net (fo=3, routed)           1.132     6.934    paralle_serial_sys_i/serial2parallel_0/inst/a[7]_INST_0_i_9_n_0
    SLICE_X3Y11          LUT6 (Prop_lut6_I5_O)        0.332     7.266 r  paralle_serial_sys_i/serial2parallel_0/inst/a[7]_INST_0_i_4/O
                         net (fo=8, routed)           0.555     7.821    paralle_serial_sys_i/serial2parallel_0/inst/a[7]_INST_0_i_4_n_0
    SLICE_X3Y10          LUT6 (Prop_lut6_I4_O)        0.124     7.945 r  paralle_serial_sys_i/serial2parallel_0/inst/a[0]_INST_0/O
                         net (fo=1, routed)           1.880     9.825    LED_OBUF[0]
    U16                  OBUF (Prop_obuf_I_O)         3.505    13.330 r  LED_OBUF[0]_inst/O
                         net (fo=0)                   0.000    13.330    LED[0]
    U16                                                               r  LED[0] (OUT)
  -------------------------------------------------------------------    -------------------





Min Delay Paths
--------------------------------------------------------------------------------------
Slack:                    inf
  Source:                 sw[0]
                            (input port)
  Destination:            LED[7]
                            (output port)
  Path Group:             (none)
  Path Type:              Min at Fast Process Corner
  Data Path Delay:        2.587ns  (logic 1.513ns (58.469%)  route 1.075ns (41.531%))
  Logic Levels:           4  (IBUF=1 LUT5=1 LUT6=1 OBUF=1)

    Location             Delay type                Incr(ns)  Path(ns)    Netlist Resource(s)
  -------------------------------------------------------------------    -------------------
    V17                                               0.000     0.000 r  sw[0] (IN)
                         net (fo=0)                   0.000     0.000    sw[0]
    V17                  IBUF (Prop_ibuf_I_O)         0.221     0.221 r  sw_IBUF[0]_inst/O
                         net (fo=2, routed)           0.450     0.671    paralle_serial_sys_i/parallel2serial_0/inst/a[0]
    SLICE_X0Y9           LUT5 (Prop_lut5_I0_O)        0.045     0.716 r  paralle_serial_sys_i/parallel2serial_0/inst/d[0]_INST_0/O
                         net (fo=3, routed)           0.188     0.904    paralle_serial_sys_i/serial2parallel_0/inst/d[0]
    SLICE_X2Y8           LUT6 (Prop_lut6_I5_O)        0.045     0.949 r  paralle_serial_sys_i/serial2parallel_0/inst/a[7]_INST_0/O
                         net (fo=1, routed)           0.436     1.386    LED_OBUF[7]
    V14                  OBUF (Prop_obuf_I_O)         1.202     2.587 r  LED_OBUF[7]_inst/O
                         net (fo=0)                   0.000     2.587    LED[7]
    V14                                                               r  LED[7] (OUT)
  -------------------------------------------------------------------    -------------------

Slack:                    inf
  Source:                 begin_conversion
                            (input port)
  Destination:            LED[2]
                            (output port)
  Path Group:             (none)
  Path Type:              Min at Fast Process Corner
  Data Path Delay:        3.316ns  (logic 1.604ns (48.371%)  route 1.712ns (51.629%))
  Logic Levels:           6  (IBUF=1 LUT6=4 OBUF=1)

    Location             Delay type                Incr(ns)  Path(ns)    Netlist Resource(s)
  -------------------------------------------------------------------    -------------------
    T18                                               0.000     0.000 f  begin_conversion (IN)
                         net (fo=0)                   0.000     0.000    begin_conversion
    T18                  IBUF (Prop_ibuf_I_O)         0.222     0.222 f  begin_conversion_IBUF_inst/O
                         net (fo=65, routed)          0.678     0.900    paralle_serial_sys_i/parallel2serial_0/inst/begin_r[0]
    SLICE_X2Y11          LUT6 (Prop_lut6_I1_O)        0.045     0.945 r  paralle_serial_sys_i/parallel2serial_0/inst/serial_start[0]_INST_0_i_6/O
                         net (fo=3, routed)           0.112     1.057    paralle_serial_sys_i/parallel2serial_0/inst/serial_start[0]_INST_0_i_6_n_0
    SLICE_X2Y11          LUT6 (Prop_lut6_I5_O)        0.045     1.102 f  paralle_serial_sys_i/parallel2serial_0/inst/serial_start[0]_INST_0/O
                         net (fo=97, routed)          0.280     1.382    paralle_serial_sys_i/serial2parallel_0/inst/serial_start[0]
    SLICE_X5Y11          LUT6 (Prop_lut6_I2_O)        0.045     1.427 r  paralle_serial_sys_i/serial2parallel_0/inst/a[7]_INST_0_i_1/O
                         net (fo=9, routed)           0.185     1.612    paralle_serial_sys_i/serial2parallel_0/inst/a[7]_INST_0_i_1_n_0
    SLICE_X3Y10          LUT6 (Prop_lut6_I1_O)        0.045     1.657 r  paralle_serial_sys_i/serial2parallel_0/inst/a[2]_INST_0/O
                         net (fo=1, routed)           0.457     2.114    LED_OBUF[2]
    U19                  OBUF (Prop_obuf_I_O)         1.202     3.316 r  LED_OBUF[2]_inst/O
                         net (fo=0)                   0.000     3.316    LED[2]
    U19                                                               r  LED[2] (OUT)
  -------------------------------------------------------------------    -------------------

Slack:                    inf
  Source:                 begin_conversion
                            (input port)
  Destination:            LED[3]
                            (output port)
  Path Group:             (none)
  Path Type:              Min at Fast Process Corner
  Data Path Delay:        3.348ns  (logic 1.612ns (48.143%)  route 1.736ns (51.857%))
  Logic Levels:           6  (IBUF=1 LUT6=4 OBUF=1)

    Location             Delay type                Incr(ns)  Path(ns)    Netlist Resource(s)
  -------------------------------------------------------------------    -------------------
    T18                                               0.000     0.000 f  begin_conversion (IN)
                         net (fo=0)                   0.000     0.000    begin_conversion
    T18                  IBUF (Prop_ibuf_I_O)         0.222     0.222 f  begin_conversion_IBUF_inst/O
                         net (fo=65, routed)          0.678     0.900    paralle_serial_sys_i/parallel2serial_0/inst/begin_r[0]
    SLICE_X2Y11          LUT6 (Prop_lut6_I1_O)        0.045     0.945 r  paralle_serial_sys_i/parallel2serial_0/inst/serial_start[0]_INST_0_i_6/O
                         net (fo=3, routed)           0.112     1.057    paralle_serial_sys_i/parallel2serial_0/inst/serial_start[0]_INST_0_i_6_n_0
    SLICE_X2Y11          LUT6 (Prop_lut6_I5_O)        0.045     1.102 f  paralle_serial_sys_i/parallel2serial_0/inst/serial_start[0]_INST_0/O
                         net (fo=97, routed)          0.280     1.382    paralle_serial_sys_i/serial2parallel_0/inst/serial_start[0]
    SLICE_X5Y11          LUT6 (Prop_lut6_I2_O)        0.045     1.427 r  paralle_serial_sys_i/serial2parallel_0/inst/a[7]_INST_0_i_1/O
                         net (fo=9, routed)           0.185     1.612    paralle_serial_sys_i/serial2parallel_0/inst/a[7]_INST_0_i_1_n_0
    SLICE_X3Y10          LUT6 (Prop_lut6_I1_O)        0.045     1.657 r  paralle_serial_sys_i/serial2parallel_0/inst/a[3]_INST_0/O
                         net (fo=1, routed)           0.481     2.138    LED_OBUF[3]
    V19                  OBUF (Prop_obuf_I_O)         1.210     3.348 r  LED_OBUF[3]_inst/O
                         net (fo=0)                   0.000     3.348    LED[3]
    V19                                                               r  LED[3] (OUT)
  -------------------------------------------------------------------    -------------------

Slack:                    inf
  Source:                 begin_conversion
                            (input port)
  Destination:            LED[0]
                            (output port)
  Path Group:             (none)
  Path Type:              Min at Fast Process Corner
  Data Path Delay:        3.359ns  (logic 1.608ns (47.866%)  route 1.751ns (52.134%))
  Logic Levels:           6  (IBUF=1 LUT6=4 OBUF=1)

    Location             Delay type                Incr(ns)  Path(ns)    Netlist Resource(s)
  -------------------------------------------------------------------    -------------------
    T18                                               0.000     0.000 r  begin_conversion (IN)
                         net (fo=0)                   0.000     0.000    begin_conversion
    T18                  IBUF (Prop_ibuf_I_O)         0.222     0.222 r  begin_conversion_IBUF_inst/O
                         net (fo=65, routed)          0.678     0.900    paralle_serial_sys_i/parallel2serial_0/inst/begin_r[0]
    SLICE_X2Y11          LUT6 (Prop_lut6_I1_O)        0.045     0.945 f  paralle_serial_sys_i/parallel2serial_0/inst/serial_start[0]_INST_0_i_6/O
                         net (fo=3, routed)           0.112     1.057    paralle_serial_sys_i/parallel2serial_0/inst/serial_start[0]_INST_0_i_6_n_0
    SLICE_X2Y11          LUT6 (Prop_lut6_I5_O)        0.045     1.102 r  paralle_serial_sys_i/parallel2serial_0/inst/serial_start[0]_INST_0/O
                         net (fo=97, routed)          0.327     1.429    paralle_serial_sys_i/serial2parallel_0/inst/serial_start[0]
    SLICE_X3Y11          LUT6 (Prop_lut6_I3_O)        0.045     1.474 r  paralle_serial_sys_i/serial2parallel_0/inst/a[7]_INST_0_i_4/O
                         net (fo=8, routed)           0.223     1.698    paralle_serial_sys_i/serial2parallel_0/inst/a[7]_INST_0_i_4_n_0
    SLICE_X3Y10          LUT6 (Prop_lut6_I4_O)        0.045     1.743 r  paralle_serial_sys_i/serial2parallel_0/inst/a[0]_INST_0/O
                         net (fo=1, routed)           0.410     2.153    LED_OBUF[0]
    U16                  OBUF (Prop_obuf_I_O)         1.206     3.359 r  LED_OBUF[0]_inst/O
                         net (fo=0)                   0.000     3.359    LED[0]
    U16                                                               r  LED[0] (OUT)
  -------------------------------------------------------------------    -------------------

Slack:                    inf
  Source:                 begin_conversion
                            (input port)
  Destination:            LED[6]
                            (output port)
  Path Group:             (none)
  Path Type:              Min at Fast Process Corner
  Data Path Delay:        3.400ns  (logic 1.609ns (47.325%)  route 1.791ns (52.675%))
  Logic Levels:           6  (IBUF=1 LUT6=4 OBUF=1)

    Location             Delay type                Incr(ns)  Path(ns)    Netlist Resource(s)
  -------------------------------------------------------------------    -------------------
    T18                                               0.000     0.000 f  begin_conversion (IN)
                         net (fo=0)                   0.000     0.000    begin_conversion
    T18                  IBUF (Prop_ibuf_I_O)         0.222     0.222 f  begin_conversion_IBUF_inst/O
                         net (fo=65, routed)          0.678     0.900    paralle_serial_sys_i/parallel2serial_0/inst/begin_r[0]
    SLICE_X2Y11          LUT6 (Prop_lut6_I1_O)        0.045     0.945 r  paralle_serial_sys_i/parallel2serial_0/inst/serial_start[0]_INST_0_i_6/O
                         net (fo=3, routed)           0.112     1.057    paralle_serial_sys_i/parallel2serial_0/inst/serial_start[0]_INST_0_i_6_n_0
    SLICE_X2Y11          LUT6 (Prop_lut6_I5_O)        0.045     1.102 f  paralle_serial_sys_i/parallel2serial_0/inst/serial_start[0]_INST_0/O
                         net (fo=97, routed)          0.280     1.382    paralle_serial_sys_i/serial2parallel_0/inst/serial_start[0]
    SLICE_X5Y11          LUT6 (Prop_lut6_I2_O)        0.045     1.427 r  paralle_serial_sys_i/serial2parallel_0/inst/a[7]_INST_0_i_1/O
                         net (fo=9, routed)           0.278     1.705    paralle_serial_sys_i/serial2parallel_0/inst/a[7]_INST_0_i_1_n_0
    SLICE_X2Y8           LUT6 (Prop_lut6_I1_O)        0.045     1.750 r  paralle_serial_sys_i/serial2parallel_0/inst/a[6]_INST_0/O
                         net (fo=1, routed)           0.443     2.193    LED_OBUF[6]
    U14                  OBUF (Prop_obuf_I_O)         1.207     3.400 r  LED_OBUF[6]_inst/O
                         net (fo=0)                   0.000     3.400    LED[6]
    U14                                                               r  LED[6] (OUT)
  -------------------------------------------------------------------    -------------------

Slack:                    inf
  Source:                 begin_conversion
                            (input port)
  Destination:            LED[5]
                            (output port)
  Path Group:             (none)
  Path Type:              Min at Fast Process Corner
  Data Path Delay:        3.467ns  (logic 1.617ns (46.657%)  route 1.849ns (53.343%))
  Logic Levels:           6  (IBUF=1 LUT6=4 OBUF=1)

    Location             Delay type                Incr(ns)  Path(ns)    Netlist Resource(s)
  -------------------------------------------------------------------    -------------------
    T18                                               0.000     0.000 r  begin_conversion (IN)
                         net (fo=0)                   0.000     0.000    begin_conversion
    T18                  IBUF (Prop_ibuf_I_O)         0.222     0.222 r  begin_conversion_IBUF_inst/O
                         net (fo=65, routed)          0.678     0.900    paralle_serial_sys_i/parallel2serial_0/inst/begin_r[0]
    SLICE_X2Y11          LUT6 (Prop_lut6_I1_O)        0.045     0.945 f  paralle_serial_sys_i/parallel2serial_0/inst/serial_start[0]_INST_0_i_6/O
                         net (fo=3, routed)           0.112     1.057    paralle_serial_sys_i/parallel2serial_0/inst/serial_start[0]_INST_0_i_6_n_0
    SLICE_X2Y11          LUT6 (Prop_lut6_I5_O)        0.045     1.102 r  paralle_serial_sys_i/parallel2serial_0/inst/serial_start[0]_INST_0/O
                         net (fo=97, routed)          0.327     1.429    paralle_serial_sys_i/serial2parallel_0/inst/serial_start[0]
    SLICE_X3Y11          LUT6 (Prop_lut6_I3_O)        0.045     1.474 r  paralle_serial_sys_i/serial2parallel_0/inst/a[7]_INST_0_i_4/O
                         net (fo=8, routed)           0.360     1.835    paralle_serial_sys_i/serial2parallel_0/inst/a[7]_INST_0_i_4_n_0
    SLICE_X2Y8           LUT6 (Prop_lut6_I4_O)        0.045     1.880 r  paralle_serial_sys_i/serial2parallel_0/inst/a[5]_INST_0/O
                         net (fo=1, routed)           0.371     2.251    LED_OBUF[5]
    U15                  OBUF (Prop_obuf_I_O)         1.216     3.467 r  LED_OBUF[5]_inst/O
                         net (fo=0)                   0.000     3.467    LED[5]
    U15                                                               r  LED[5] (OUT)
  -------------------------------------------------------------------    -------------------

Slack:                    inf
  Source:                 begin_conversion
                            (input port)
  Destination:            LED[4]
                            (output port)
  Path Group:             (none)
  Path Type:              Min at Fast Process Corner
  Data Path Delay:        3.521ns  (logic 1.612ns (45.766%)  route 1.910ns (54.234%))
  Logic Levels:           6  (IBUF=1 LUT6=4 OBUF=1)

    Location             Delay type                Incr(ns)  Path(ns)    Netlist Resource(s)
  -------------------------------------------------------------------    -------------------
    T18                                               0.000     0.000 r  begin_conversion (IN)
                         net (fo=0)                   0.000     0.000    begin_conversion
    T18                  IBUF (Prop_ibuf_I_O)         0.222     0.222 r  begin_conversion_IBUF_inst/O
                         net (fo=65, routed)          0.678     0.900    paralle_serial_sys_i/parallel2serial_0/inst/begin_r[0]
    SLICE_X2Y11          LUT6 (Prop_lut6_I1_O)        0.045     0.945 f  paralle_serial_sys_i/parallel2serial_0/inst/serial_start[0]_INST_0_i_6/O
                         net (fo=3, routed)           0.112     1.057    paralle_serial_sys_i/parallel2serial_0/inst/serial_start[0]_INST_0_i_6_n_0
    SLICE_X2Y11          LUT6 (Prop_lut6_I5_O)        0.045     1.102 r  paralle_serial_sys_i/parallel2serial_0/inst/serial_start[0]_INST_0/O
                         net (fo=97, routed)          0.327     1.429    paralle_serial_sys_i/serial2parallel_0/inst/serial_start[0]
    SLICE_X3Y11          LUT6 (Prop_lut6_I3_O)        0.045     1.474 r  paralle_serial_sys_i/serial2parallel_0/inst/a[7]_INST_0_i_4/O
                         net (fo=8, routed)           0.362     1.837    paralle_serial_sys_i/serial2parallel_0/inst/a[7]_INST_0_i_4_n_0
    SLICE_X2Y8           LUT6 (Prop_lut6_I4_O)        0.045     1.882 r  paralle_serial_sys_i/serial2parallel_0/inst/a[4]_INST_0/O
                         net (fo=1, routed)           0.430     2.312    LED_OBUF[4]
    W18                  OBUF (Prop_obuf_I_O)         1.210     3.521 r  LED_OBUF[4]_inst/O
                         net (fo=0)                   0.000     3.521    LED[4]
    W18                                                               r  LED[4] (OUT)
  -------------------------------------------------------------------    -------------------

Slack:                    inf
  Source:                 begin_conversion
                            (input port)
  Destination:            LED[1]
                            (output port)
  Path Group:             (none)
  Path Type:              Min at Fast Process Corner
  Data Path Delay:        3.809ns  (logic 1.632ns (42.861%)  route 2.176ns (57.139%))
  Logic Levels:           6  (IBUF=1 LUT6=4 OBUF=1)

    Location             Delay type                Incr(ns)  Path(ns)    Netlist Resource(s)
  -------------------------------------------------------------------    -------------------
    T18                                               0.000     0.000 f  begin_conversion (IN)
                         net (fo=0)                   0.000     0.000    begin_conversion
    T18                  IBUF (Prop_ibuf_I_O)         0.222     0.222 f  begin_conversion_IBUF_inst/O
                         net (fo=65, routed)          0.678     0.900    paralle_serial_sys_i/parallel2serial_0/inst/begin_r[0]
    SLICE_X2Y11          LUT6 (Prop_lut6_I1_O)        0.045     0.945 r  paralle_serial_sys_i/parallel2serial_0/inst/serial_start[0]_INST_0_i_6/O
                         net (fo=3, routed)           0.112     1.057    paralle_serial_sys_i/parallel2serial_0/inst/serial_start[0]_INST_0_i_6_n_0
    SLICE_X2Y11          LUT6 (Prop_lut6_I5_O)        0.045     1.102 f  paralle_serial_sys_i/parallel2serial_0/inst/serial_start[0]_INST_0/O
                         net (fo=97, routed)          0.280     1.382    paralle_serial_sys_i/serial2parallel_0/inst/serial_start[0]
    SLICE_X5Y11          LUT6 (Prop_lut6_I2_O)        0.045     1.427 r  paralle_serial_sys_i/serial2parallel_0/inst/a[7]_INST_0_i_1/O
                         net (fo=9, routed)           0.302     1.729    paralle_serial_sys_i/serial2parallel_0/inst/a[7]_INST_0_i_1_n_0
    SLICE_X3Y10          LUT6 (Prop_lut6_I1_O)        0.045     1.774 r  paralle_serial_sys_i/serial2parallel_0/inst/a[1]_INST_0/O
                         net (fo=1, routed)           0.804     2.578    LED_OBUF[1]
    E19                  OBUF (Prop_obuf_I_O)         1.231     3.809 r  LED_OBUF[1]_inst/O
                         net (fo=0)                   0.000     3.809    LED[1]
    E19                                                               r  LED[1] (OUT)
  -------------------------------------------------------------------    -------------------





--------------------------------------------------------------------------------------
Path Group:  (none)
From Clock:  sys_clk_pin
  To Clock:  

Max Delay             8 Endpoints
Min Delay             8 Endpoints
--------------------------------------------------------------------------------------


Max Delay Paths
--------------------------------------------------------------------------------------
Slack:                    inf
  Source:                 paralle_serial_sys_i/parallel2serial_0/inst/count_reg[23]/C
                            (rising edge-triggered cell FDRE clocked by sys_clk_pin  {rise@0.000ns fall@5.000ns period=10.000ns})
  Destination:            LED[1]
                            (output port)
  Path Group:             (none)
  Path Type:              Max at Slow Process Corner
  Data Path Delay:        12.895ns  (logic 4.933ns (38.253%)  route 7.962ns (61.747%))
  Logic Levels:           7  (LUT4=1 LUT5=2 LUT6=3 OBUF=1)
  Clock Uncertainty:      0.025ns  ((TSJ^2 + TIJ^2)^1/2 + DJ) / 2 + PE
    Total System Jitter     (TSJ):    0.050ns
    Total Input Jitter      (TIJ):    0.000ns
    Discrete Jitter          (DJ):    0.000ns
    Phase Error              (PE):    0.000ns

    Location             Delay type                Incr(ns)  Path(ns)    Netlist Resource(s)
  -------------------------------------------------------------------    -------------------
                         (clock sys_clk_pin rise edge)
                                                      0.000     0.000 r  
    W5                                                0.000     0.000 r  ap_clk (IN)
                         net (fo=0)                   0.000     0.000    ap_clk
    W5                   IBUF (Prop_ibuf_I_O)         1.458     1.458 r  ap_clk_IBUF_inst/O
                         net (fo=1, routed)           1.967     3.425    ap_clk_IBUF
    BUFGCTRL_X0Y0        BUFG (Prop_bufg_I_O)         0.096     3.521 r  ap_clk_IBUF_BUFG_inst/O
                         net (fo=79, routed)          1.633     5.154    paralle_serial_sys_i/parallel2serial_0/inst/ap_clk
    SLICE_X1Y14          FDRE                                         r  paralle_serial_sys_i/parallel2serial_0/inst/count_reg[23]/C
  -------------------------------------------------------------------    -------------------
    SLICE_X1Y14          FDRE (Prop_fdre_C_Q)         0.456     5.610 f  paralle_serial_sys_i/parallel2serial_0/inst/count_reg[23]/Q
                         net (fo=3, routed)           0.963     6.573    paralle_serial_sys_i/parallel2serial_0/inst/count_reg_n_0_[23]
    SLICE_X2Y13          LUT5 (Prop_lut5_I1_O)        0.124     6.697 r  paralle_serial_sys_i/parallel2serial_0/inst/serial_start[0]_INST_0_i_8/O
                         net (fo=1, routed)           0.778     7.476    paralle_serial_sys_i/parallel2serial_0/inst/serial_start[0]_INST_0_i_8_n_0
    SLICE_X2Y13          LUT4 (Prop_lut4_I1_O)        0.124     7.600 r  paralle_serial_sys_i/parallel2serial_0/inst/serial_start[0]_INST_0_i_1/O
                         net (fo=3, routed)           0.609     8.209    paralle_serial_sys_i/parallel2serial_0/inst/serial_start[0]_INST_0_i_1_n_0
    SLICE_X2Y11          LUT6 (Prop_lut6_I0_O)        0.124     8.333 r  paralle_serial_sys_i/parallel2serial_0/inst/serial_start[0]_INST_0/O
                         net (fo=97, routed)          0.687     9.020    paralle_serial_sys_i/serial2parallel_0/inst/serial_start[0]
    SLICE_X5Y12          LUT5 (Prop_lut5_I3_O)        0.119     9.139 f  paralle_serial_sys_i/serial2parallel_0/inst/a[7]_INST_0_i_9/O
                         net (fo=3, routed)           1.132    10.271    paralle_serial_sys_i/serial2parallel_0/inst/a[7]_INST_0_i_9_n_0
    SLICE_X3Y11          LUT6 (Prop_lut6_I5_O)        0.332    10.603 r  paralle_serial_sys_i/serial2parallel_0/inst/a[7]_INST_0_i_4/O
                         net (fo=8, routed)           1.068    11.672    paralle_serial_sys_i/serial2parallel_0/inst/a[7]_INST_0_i_4_n_0
    SLICE_X3Y10          LUT6 (Prop_lut6_I4_O)        0.124    11.796 r  paralle_serial_sys_i/serial2parallel_0/inst/a[1]_INST_0/O
                         net (fo=1, routed)           2.724    14.520    LED_OBUF[1]
    E19                  OBUF (Prop_obuf_I_O)         3.530    18.049 r  LED_OBUF[1]_inst/O
                         net (fo=0)                   0.000    18.049    LED[1]
    E19                                                               r  LED[1] (OUT)
  -------------------------------------------------------------------    -------------------

Slack:                    inf
  Source:                 paralle_serial_sys_i/parallel2serial_0/inst/count_reg[23]/C
                            (rising edge-triggered cell FDRE clocked by sys_clk_pin  {rise@0.000ns fall@5.000ns period=10.000ns})
  Destination:            LED[3]
                            (output port)
  Path Group:             (none)
  Path Type:              Max at Slow Process Corner
  Data Path Delay:        12.391ns  (logic 4.912ns (39.642%)  route 7.479ns (60.358%))
  Logic Levels:           7  (LUT4=1 LUT5=2 LUT6=3 OBUF=1)
  Clock Uncertainty:      0.025ns  ((TSJ^2 + TIJ^2)^1/2 + DJ) / 2 + PE
    Total System Jitter     (TSJ):    0.050ns
    Total Input Jitter      (TIJ):    0.000ns
    Discrete Jitter          (DJ):    0.000ns
    Phase Error              (PE):    0.000ns

    Location             Delay type                Incr(ns)  Path(ns)    Netlist Resource(s)
  -------------------------------------------------------------------    -------------------
                         (clock sys_clk_pin rise edge)
                                                      0.000     0.000 r  
    W5                                                0.000     0.000 r  ap_clk (IN)
                         net (fo=0)                   0.000     0.000    ap_clk
    W5                   IBUF (Prop_ibuf_I_O)         1.458     1.458 r  ap_clk_IBUF_inst/O
                         net (fo=1, routed)           1.967     3.425    ap_clk_IBUF
    BUFGCTRL_X0Y0        BUFG (Prop_bufg_I_O)         0.096     3.521 r  ap_clk_IBUF_BUFG_inst/O
                         net (fo=79, routed)          1.633     5.154    paralle_serial_sys_i/parallel2serial_0/inst/ap_clk
    SLICE_X1Y14          FDRE                                         r  paralle_serial_sys_i/parallel2serial_0/inst/count_reg[23]/C
  -------------------------------------------------------------------    -------------------
    SLICE_X1Y14          FDRE (Prop_fdre_C_Q)         0.456     5.610 f  paralle_serial_sys_i/parallel2serial_0/inst/count_reg[23]/Q
                         net (fo=3, routed)           0.963     6.573    paralle_serial_sys_i/parallel2serial_0/inst/count_reg_n_0_[23]
    SLICE_X2Y13          LUT5 (Prop_lut5_I1_O)        0.124     6.697 r  paralle_serial_sys_i/parallel2serial_0/inst/serial_start[0]_INST_0_i_8/O
                         net (fo=1, routed)           0.778     7.476    paralle_serial_sys_i/parallel2serial_0/inst/serial_start[0]_INST_0_i_8_n_0
    SLICE_X2Y13          LUT4 (Prop_lut4_I1_O)        0.124     7.600 r  paralle_serial_sys_i/parallel2serial_0/inst/serial_start[0]_INST_0_i_1/O
                         net (fo=3, routed)           0.609     8.209    paralle_serial_sys_i/parallel2serial_0/inst/serial_start[0]_INST_0_i_1_n_0
    SLICE_X2Y11          LUT6 (Prop_lut6_I0_O)        0.124     8.333 r  paralle_serial_sys_i/parallel2serial_0/inst/serial_start[0]_INST_0/O
                         net (fo=97, routed)          0.687     9.020    paralle_serial_sys_i/serial2parallel_0/inst/serial_start[0]
    SLICE_X5Y12          LUT5 (Prop_lut5_I3_O)        0.119     9.139 f  paralle_serial_sys_i/serial2parallel_0/inst/a[7]_INST_0_i_9/O
                         net (fo=3, routed)           1.132    10.271    paralle_serial_sys_i/serial2parallel_0/inst/a[7]_INST_0_i_9_n_0
    SLICE_X3Y11          LUT6 (Prop_lut6_I5_O)        0.332    10.603 r  paralle_serial_sys_i/serial2parallel_0/inst/a[7]_INST_0_i_4/O
                         net (fo=8, routed)           1.249    11.852    paralle_serial_sys_i/serial2parallel_0/inst/a[7]_INST_0_i_4_n_0
    SLICE_X3Y10          LUT6 (Prop_lut6_I4_O)        0.124    11.976 r  paralle_serial_sys_i/serial2parallel_0/inst/a[3]_INST_0/O
                         net (fo=1, routed)           2.060    14.036    LED_OBUF[3]
    V19                  OBUF (Prop_obuf_I_O)         3.509    17.545 r  LED_OBUF[3]_inst/O
                         net (fo=0)                   0.000    17.545    LED[3]
    V19                                                               r  LED[3] (OUT)
  -------------------------------------------------------------------    -------------------

Slack:                    inf
  Source:                 paralle_serial_sys_i/parallel2serial_0/inst/count_reg[23]/C
                            (rising edge-triggered cell FDRE clocked by sys_clk_pin  {rise@0.000ns fall@5.000ns period=10.000ns})
  Destination:            LED[7]
                            (output port)
  Path Group:             (none)
  Path Type:              Max at Slow Process Corner
  Data Path Delay:        12.367ns  (logic 4.904ns (39.653%)  route 7.463ns (60.347%))
  Logic Levels:           7  (LUT4=1 LUT5=2 LUT6=3 OBUF=1)
  Clock Uncertainty:      0.025ns  ((TSJ^2 + TIJ^2)^1/2 + DJ) / 2 + PE
    Total System Jitter     (TSJ):    0.050ns
    Total Input Jitter      (TIJ):    0.000ns
    Discrete Jitter          (DJ):    0.000ns
    Phase Error              (PE):    0.000ns

    Location             Delay type                Incr(ns)  Path(ns)    Netlist Resource(s)
  -------------------------------------------------------------------    -------------------
                         (clock sys_clk_pin rise edge)
                                                      0.000     0.000 r  
    W5                                                0.000     0.000 r  ap_clk (IN)
                         net (fo=0)                   0.000     0.000    ap_clk
    W5                   IBUF (Prop_ibuf_I_O)         1.458     1.458 r  ap_clk_IBUF_inst/O
                         net (fo=1, routed)           1.967     3.425    ap_clk_IBUF
    BUFGCTRL_X0Y0        BUFG (Prop_bufg_I_O)         0.096     3.521 r  ap_clk_IBUF_BUFG_inst/O
                         net (fo=79, routed)          1.633     5.154    paralle_serial_sys_i/parallel2serial_0/inst/ap_clk
    SLICE_X1Y14          FDRE                                         r  paralle_serial_sys_i/parallel2serial_0/inst/count_reg[23]/C
  -------------------------------------------------------------------    -------------------
    SLICE_X1Y14          FDRE (Prop_fdre_C_Q)         0.456     5.610 f  paralle_serial_sys_i/parallel2serial_0/inst/count_reg[23]/Q
                         net (fo=3, routed)           0.963     6.573    paralle_serial_sys_i/parallel2serial_0/inst/count_reg_n_0_[23]
    SLICE_X2Y13          LUT5 (Prop_lut5_I1_O)        0.124     6.697 r  paralle_serial_sys_i/parallel2serial_0/inst/serial_start[0]_INST_0_i_8/O
                         net (fo=1, routed)           0.778     7.476    paralle_serial_sys_i/parallel2serial_0/inst/serial_start[0]_INST_0_i_8_n_0
    SLICE_X2Y13          LUT4 (Prop_lut4_I1_O)        0.124     7.600 r  paralle_serial_sys_i/parallel2serial_0/inst/serial_start[0]_INST_0_i_1/O
                         net (fo=3, routed)           0.609     8.209    paralle_serial_sys_i/parallel2serial_0/inst/serial_start[0]_INST_0_i_1_n_0
    SLICE_X2Y11          LUT6 (Prop_lut6_I0_O)        0.124     8.333 r  paralle_serial_sys_i/parallel2serial_0/inst/serial_start[0]_INST_0/O
                         net (fo=97, routed)          0.687     9.020    paralle_serial_sys_i/serial2parallel_0/inst/serial_start[0]
    SLICE_X5Y12          LUT5 (Prop_lut5_I3_O)        0.119     9.139 f  paralle_serial_sys_i/serial2parallel_0/inst/a[7]_INST_0_i_9/O
                         net (fo=3, routed)           1.132    10.271    paralle_serial_sys_i/serial2parallel_0/inst/a[7]_INST_0_i_9_n_0
    SLICE_X3Y11          LUT6 (Prop_lut6_I5_O)        0.332    10.603 r  paralle_serial_sys_i/serial2parallel_0/inst/a[7]_INST_0_i_4/O
                         net (fo=8, routed)           1.378    11.982    paralle_serial_sys_i/serial2parallel_0/inst/a[7]_INST_0_i_4_n_0
    SLICE_X2Y8           LUT6 (Prop_lut6_I4_O)        0.124    12.106 r  paralle_serial_sys_i/serial2parallel_0/inst/a[7]_INST_0/O
                         net (fo=1, routed)           1.914    14.020    LED_OBUF[7]
    V14                  OBUF (Prop_obuf_I_O)         3.501    17.521 r  LED_OBUF[7]_inst/O
                         net (fo=0)                   0.000    17.521    LED[7]
    V14                                                               r  LED[7] (OUT)
  -------------------------------------------------------------------    -------------------

Slack:                    inf
  Source:                 paralle_serial_sys_i/parallel2serial_0/inst/count_reg[23]/C
                            (rising edge-triggered cell FDRE clocked by sys_clk_pin  {rise@0.000ns fall@5.000ns period=10.000ns})
  Destination:            LED[6]
                            (output port)
  Path Group:             (none)
  Path Type:              Max at Slow Process Corner
  Data Path Delay:        12.362ns  (logic 4.909ns (39.713%)  route 7.452ns (60.287%))
  Logic Levels:           7  (LUT4=1 LUT5=2 LUT6=3 OBUF=1)
  Clock Uncertainty:      0.025ns  ((TSJ^2 + TIJ^2)^1/2 + DJ) / 2 + PE
    Total System Jitter     (TSJ):    0.050ns
    Total Input Jitter      (TIJ):    0.000ns
    Discrete Jitter          (DJ):    0.000ns
    Phase Error              (PE):    0.000ns

    Location             Delay type                Incr(ns)  Path(ns)    Netlist Resource(s)
  -------------------------------------------------------------------    -------------------
                         (clock sys_clk_pin rise edge)
                                                      0.000     0.000 r  
    W5                                                0.000     0.000 r  ap_clk (IN)
                         net (fo=0)                   0.000     0.000    ap_clk
    W5                   IBUF (Prop_ibuf_I_O)         1.458     1.458 r  ap_clk_IBUF_inst/O
                         net (fo=1, routed)           1.967     3.425    ap_clk_IBUF
    BUFGCTRL_X0Y0        BUFG (Prop_bufg_I_O)         0.096     3.521 r  ap_clk_IBUF_BUFG_inst/O
                         net (fo=79, routed)          1.633     5.154    paralle_serial_sys_i/parallel2serial_0/inst/ap_clk
    SLICE_X1Y14          FDRE                                         r  paralle_serial_sys_i/parallel2serial_0/inst/count_reg[23]/C
  -------------------------------------------------------------------    -------------------
    SLICE_X1Y14          FDRE (Prop_fdre_C_Q)         0.456     5.610 f  paralle_serial_sys_i/parallel2serial_0/inst/count_reg[23]/Q
                         net (fo=3, routed)           0.963     6.573    paralle_serial_sys_i/parallel2serial_0/inst/count_reg_n_0_[23]
    SLICE_X2Y13          LUT5 (Prop_lut5_I1_O)        0.124     6.697 r  paralle_serial_sys_i/parallel2serial_0/inst/serial_start[0]_INST_0_i_8/O
                         net (fo=1, routed)           0.778     7.476    paralle_serial_sys_i/parallel2serial_0/inst/serial_start[0]_INST_0_i_8_n_0
    SLICE_X2Y13          LUT4 (Prop_lut4_I1_O)        0.124     7.600 r  paralle_serial_sys_i/parallel2serial_0/inst/serial_start[0]_INST_0_i_1/O
                         net (fo=3, routed)           0.609     8.209    paralle_serial_sys_i/parallel2serial_0/inst/serial_start[0]_INST_0_i_1_n_0
    SLICE_X2Y11          LUT6 (Prop_lut6_I0_O)        0.124     8.333 r  paralle_serial_sys_i/parallel2serial_0/inst/serial_start[0]_INST_0/O
                         net (fo=97, routed)          0.687     9.020    paralle_serial_sys_i/serial2parallel_0/inst/serial_start[0]
    SLICE_X5Y12          LUT5 (Prop_lut5_I3_O)        0.119     9.139 f  paralle_serial_sys_i/serial2parallel_0/inst/a[7]_INST_0_i_9/O
                         net (fo=3, routed)           1.132    10.271    paralle_serial_sys_i/serial2parallel_0/inst/a[7]_INST_0_i_9_n_0
    SLICE_X3Y11          LUT6 (Prop_lut6_I5_O)        0.332    10.603 r  paralle_serial_sys_i/serial2parallel_0/inst/a[7]_INST_0_i_4/O
                         net (fo=8, routed)           1.364    11.968    paralle_serial_sys_i/serial2parallel_0/inst/a[7]_INST_0_i_4_n_0
    SLICE_X2Y8           LUT6 (Prop_lut6_I4_O)        0.124    12.092 r  paralle_serial_sys_i/serial2parallel_0/inst/a[6]_INST_0/O
                         net (fo=1, routed)           1.918    14.010    LED_OBUF[6]
    U14                  OBUF (Prop_obuf_I_O)         3.506    17.516 r  LED_OBUF[6]_inst/O
                         net (fo=0)                   0.000    17.516    LED[6]
    U14                                                               r  LED[6] (OUT)
  -------------------------------------------------------------------    -------------------

Slack:                    inf
  Source:                 paralle_serial_sys_i/parallel2serial_0/inst/count_reg[23]/C
                            (rising edge-triggered cell FDRE clocked by sys_clk_pin  {rise@0.000ns fall@5.000ns period=10.000ns})
  Destination:            LED[4]
                            (output port)
  Path Group:             (none)
  Path Type:              Max at Slow Process Corner
  Data Path Delay:        11.857ns  (logic 4.912ns (41.424%)  route 6.945ns (58.576%))
  Logic Levels:           7  (LUT4=1 LUT5=2 LUT6=3 OBUF=1)
  Clock Uncertainty:      0.025ns  ((TSJ^2 + TIJ^2)^1/2 + DJ) / 2 + PE
    Total System Jitter     (TSJ):    0.050ns
    Total Input Jitter      (TIJ):    0.000ns
    Discrete Jitter          (DJ):    0.000ns
    Phase Error              (PE):    0.000ns

    Location             Delay type                Incr(ns)  Path(ns)    Netlist Resource(s)
  -------------------------------------------------------------------    -------------------
                         (clock sys_clk_pin rise edge)
                                                      0.000     0.000 r  
    W5                                                0.000     0.000 r  ap_clk (IN)
                         net (fo=0)                   0.000     0.000    ap_clk
    W5                   IBUF (Prop_ibuf_I_O)         1.458     1.458 r  ap_clk_IBUF_inst/O
                         net (fo=1, routed)           1.967     3.425    ap_clk_IBUF
    BUFGCTRL_X0Y0        BUFG (Prop_bufg_I_O)         0.096     3.521 r  ap_clk_IBUF_BUFG_inst/O
                         net (fo=79, routed)          1.633     5.154    paralle_serial_sys_i/parallel2serial_0/inst/ap_clk
    SLICE_X1Y14          FDRE                                         r  paralle_serial_sys_i/parallel2serial_0/inst/count_reg[23]/C
  -------------------------------------------------------------------    -------------------
    SLICE_X1Y14          FDRE (Prop_fdre_C_Q)         0.456     5.610 f  paralle_serial_sys_i/parallel2serial_0/inst/count_reg[23]/Q
                         net (fo=3, routed)           0.963     6.573    paralle_serial_sys_i/parallel2serial_0/inst/count_reg_n_0_[23]
    SLICE_X2Y13          LUT5 (Prop_lut5_I1_O)        0.124     6.697 r  paralle_serial_sys_i/parallel2serial_0/inst/serial_start[0]_INST_0_i_8/O
                         net (fo=1, routed)           0.778     7.476    paralle_serial_sys_i/parallel2serial_0/inst/serial_start[0]_INST_0_i_8_n_0
    SLICE_X2Y13          LUT4 (Prop_lut4_I1_O)        0.124     7.600 r  paralle_serial_sys_i/parallel2serial_0/inst/serial_start[0]_INST_0_i_1/O
                         net (fo=3, routed)           0.609     8.209    paralle_serial_sys_i/parallel2serial_0/inst/serial_start[0]_INST_0_i_1_n_0
    SLICE_X2Y11          LUT6 (Prop_lut6_I0_O)        0.124     8.333 r  paralle_serial_sys_i/parallel2serial_0/inst/serial_start[0]_INST_0/O
                         net (fo=97, routed)          0.687     9.020    paralle_serial_sys_i/serial2parallel_0/inst/serial_start[0]
    SLICE_X5Y12          LUT5 (Prop_lut5_I3_O)        0.119     9.139 f  paralle_serial_sys_i/serial2parallel_0/inst/a[7]_INST_0_i_9/O
                         net (fo=3, routed)           1.132    10.271    paralle_serial_sys_i/serial2parallel_0/inst/a[7]_INST_0_i_9_n_0
    SLICE_X3Y11          LUT6 (Prop_lut6_I5_O)        0.332    10.603 r  paralle_serial_sys_i/serial2parallel_0/inst/a[7]_INST_0_i_4/O
                         net (fo=8, routed)           0.874    11.478    paralle_serial_sys_i/serial2parallel_0/inst/a[7]_INST_0_i_4_n_0
    SLICE_X2Y8           LUT6 (Prop_lut6_I4_O)        0.124    11.602 r  paralle_serial_sys_i/serial2parallel_0/inst/a[4]_INST_0/O
                         net (fo=1, routed)           1.901    13.503    LED_OBUF[4]
    W18                  OBUF (Prop_obuf_I_O)         3.509    17.011 r  LED_OBUF[4]_inst/O
                         net (fo=0)                   0.000    17.011    LED[4]
    W18                                                               r  LED[4] (OUT)
  -------------------------------------------------------------------    -------------------

Slack:                    inf
  Source:                 paralle_serial_sys_i/parallel2serial_0/inst/count_reg[23]/C
                            (rising edge-triggered cell FDRE clocked by sys_clk_pin  {rise@0.000ns fall@5.000ns period=10.000ns})
  Destination:            LED[2]
                            (output port)
  Path Group:             (none)
  Path Type:              Max at Slow Process Corner
  Data Path Delay:        11.839ns  (logic 4.904ns (41.422%)  route 6.935ns (58.578%))
  Logic Levels:           7  (LUT4=1 LUT5=2 LUT6=3 OBUF=1)
  Clock Uncertainty:      0.025ns  ((TSJ^2 + TIJ^2)^1/2 + DJ) / 2 + PE
    Total System Jitter     (TSJ):    0.050ns
    Total Input Jitter      (TIJ):    0.000ns
    Discrete Jitter          (DJ):    0.000ns
    Phase Error              (PE):    0.000ns

    Location             Delay type                Incr(ns)  Path(ns)    Netlist Resource(s)
  -------------------------------------------------------------------    -------------------
                         (clock sys_clk_pin rise edge)
                                                      0.000     0.000 r  
    W5                                                0.000     0.000 r  ap_clk (IN)
                         net (fo=0)                   0.000     0.000    ap_clk
    W5                   IBUF (Prop_ibuf_I_O)         1.458     1.458 r  ap_clk_IBUF_inst/O
                         net (fo=1, routed)           1.967     3.425    ap_clk_IBUF
    BUFGCTRL_X0Y0        BUFG (Prop_bufg_I_O)         0.096     3.521 r  ap_clk_IBUF_BUFG_inst/O
                         net (fo=79, routed)          1.633     5.154    paralle_serial_sys_i/parallel2serial_0/inst/ap_clk
    SLICE_X1Y14          FDRE                                         r  paralle_serial_sys_i/parallel2serial_0/inst/count_reg[23]/C
  -------------------------------------------------------------------    -------------------
    SLICE_X1Y14          FDRE (Prop_fdre_C_Q)         0.456     5.610 f  paralle_serial_sys_i/parallel2serial_0/inst/count_reg[23]/Q
                         net (fo=3, routed)           0.963     6.573    paralle_serial_sys_i/parallel2serial_0/inst/count_reg_n_0_[23]
    SLICE_X2Y13          LUT5 (Prop_lut5_I1_O)        0.124     6.697 r  paralle_serial_sys_i/parallel2serial_0/inst/serial_start[0]_INST_0_i_8/O
                         net (fo=1, routed)           0.778     7.476    paralle_serial_sys_i/parallel2serial_0/inst/serial_start[0]_INST_0_i_8_n_0
    SLICE_X2Y13          LUT4 (Prop_lut4_I1_O)        0.124     7.600 r  paralle_serial_sys_i/parallel2serial_0/inst/serial_start[0]_INST_0_i_1/O
                         net (fo=3, routed)           0.609     8.209    paralle_serial_sys_i/parallel2serial_0/inst/serial_start[0]_INST_0_i_1_n_0
    SLICE_X2Y11          LUT6 (Prop_lut6_I0_O)        0.124     8.333 r  paralle_serial_sys_i/parallel2serial_0/inst/serial_start[0]_INST_0/O
                         net (fo=97, routed)          0.687     9.020    paralle_serial_sys_i/serial2parallel_0/inst/serial_start[0]
    SLICE_X5Y12          LUT5 (Prop_lut5_I3_O)        0.119     9.139 f  paralle_serial_sys_i/serial2parallel_0/inst/a[7]_INST_0_i_9/O
                         net (fo=3, routed)           1.132    10.271    paralle_serial_sys_i/serial2parallel_0/inst/a[7]_INST_0_i_9_n_0
    SLICE_X3Y11          LUT6 (Prop_lut6_I5_O)        0.332    10.603 r  paralle_serial_sys_i/serial2parallel_0/inst/a[7]_INST_0_i_4/O
                         net (fo=8, routed)           0.831    11.435    paralle_serial_sys_i/serial2parallel_0/inst/a[7]_INST_0_i_4_n_0
    SLICE_X3Y10          LUT6 (Prop_lut6_I4_O)        0.124    11.559 r  paralle_serial_sys_i/serial2parallel_0/inst/a[2]_INST_0/O
                         net (fo=1, routed)           1.934    13.492    LED_OBUF[2]
    U19                  OBUF (Prop_obuf_I_O)         3.501    16.993 r  LED_OBUF[2]_inst/O
                         net (fo=0)                   0.000    16.993    LED[2]
    U19                                                               r  LED[2] (OUT)
  -------------------------------------------------------------------    -------------------

Slack:                    inf
  Source:                 paralle_serial_sys_i/parallel2serial_0/inst/count_reg[23]/C
                            (rising edge-triggered cell FDRE clocked by sys_clk_pin  {rise@0.000ns fall@5.000ns period=10.000ns})
  Destination:            LED[5]
                            (output port)
  Path Group:             (none)
  Path Type:              Max at Slow Process Corner
  Data Path Delay:        11.690ns  (logic 4.917ns (42.065%)  route 6.773ns (57.935%))
  Logic Levels:           7  (LUT4=1 LUT5=2 LUT6=3 OBUF=1)
  Clock Uncertainty:      0.025ns  ((TSJ^2 + TIJ^2)^1/2 + DJ) / 2 + PE
    Total System Jitter     (TSJ):    0.050ns
    Total Input Jitter      (TIJ):    0.000ns
    Discrete Jitter          (DJ):    0.000ns
    Phase Error              (PE):    0.000ns

    Location             Delay type                Incr(ns)  Path(ns)    Netlist Resource(s)
  -------------------------------------------------------------------    -------------------
                         (clock sys_clk_pin rise edge)
                                                      0.000     0.000 r  
    W5                                                0.000     0.000 r  ap_clk (IN)
                         net (fo=0)                   0.000     0.000    ap_clk
    W5                   IBUF (Prop_ibuf_I_O)         1.458     1.458 r  ap_clk_IBUF_inst/O
                         net (fo=1, routed)           1.967     3.425    ap_clk_IBUF
    BUFGCTRL_X0Y0        BUFG (Prop_bufg_I_O)         0.096     3.521 r  ap_clk_IBUF_BUFG_inst/O
                         net (fo=79, routed)          1.633     5.154    paralle_serial_sys_i/parallel2serial_0/inst/ap_clk
    SLICE_X1Y14          FDRE                                         r  paralle_serial_sys_i/parallel2serial_0/inst/count_reg[23]/C
  -------------------------------------------------------------------    -------------------
    SLICE_X1Y14          FDRE (Prop_fdre_C_Q)         0.456     5.610 f  paralle_serial_sys_i/parallel2serial_0/inst/count_reg[23]/Q
                         net (fo=3, routed)           0.963     6.573    paralle_serial_sys_i/parallel2serial_0/inst/count_reg_n_0_[23]
    SLICE_X2Y13          LUT5 (Prop_lut5_I1_O)        0.124     6.697 r  paralle_serial_sys_i/parallel2serial_0/inst/serial_start[0]_INST_0_i_8/O
                         net (fo=1, routed)           0.778     7.476    paralle_serial_sys_i/parallel2serial_0/inst/serial_start[0]_INST_0_i_8_n_0
    SLICE_X2Y13          LUT4 (Prop_lut4_I1_O)        0.124     7.600 r  paralle_serial_sys_i/parallel2serial_0/inst/serial_start[0]_INST_0_i_1/O
                         net (fo=3, routed)           0.609     8.209    paralle_serial_sys_i/parallel2serial_0/inst/serial_start[0]_INST_0_i_1_n_0
    SLICE_X2Y11          LUT6 (Prop_lut6_I0_O)        0.124     8.333 r  paralle_serial_sys_i/parallel2serial_0/inst/serial_start[0]_INST_0/O
                         net (fo=97, routed)          0.687     9.020    paralle_serial_sys_i/serial2parallel_0/inst/serial_start[0]
    SLICE_X5Y12          LUT5 (Prop_lut5_I3_O)        0.119     9.139 f  paralle_serial_sys_i/serial2parallel_0/inst/a[7]_INST_0_i_9/O
                         net (fo=3, routed)           1.132    10.271    paralle_serial_sys_i/serial2parallel_0/inst/a[7]_INST_0_i_9_n_0
    SLICE_X3Y11          LUT6 (Prop_lut6_I5_O)        0.332    10.603 r  paralle_serial_sys_i/serial2parallel_0/inst/a[7]_INST_0_i_4/O
                         net (fo=8, routed)           0.871    11.475    paralle_serial_sys_i/serial2parallel_0/inst/a[7]_INST_0_i_4_n_0
    SLICE_X2Y8           LUT6 (Prop_lut6_I4_O)        0.124    11.599 r  paralle_serial_sys_i/serial2parallel_0/inst/a[5]_INST_0/O
                         net (fo=1, routed)           1.731    13.330    LED_OBUF[5]
    U15                  OBUF (Prop_obuf_I_O)         3.514    16.845 r  LED_OBUF[5]_inst/O
                         net (fo=0)                   0.000    16.845    LED[5]
    U15                                                               r  LED[5] (OUT)
  -------------------------------------------------------------------    -------------------

Slack:                    inf
  Source:                 paralle_serial_sys_i/parallel2serial_0/inst/count_reg[23]/C
                            (rising edge-triggered cell FDRE clocked by sys_clk_pin  {rise@0.000ns fall@5.000ns period=10.000ns})
  Destination:            LED[0]
                            (output port)
  Path Group:             (none)
  Path Type:              Max at Slow Process Corner
  Data Path Delay:        11.514ns  (logic 4.908ns (42.626%)  route 6.606ns (57.374%))
  Logic Levels:           7  (LUT4=1 LUT5=2 LUT6=3 OBUF=1)
  Clock Uncertainty:      0.025ns  ((TSJ^2 + TIJ^2)^1/2 + DJ) / 2 + PE
    Total System Jitter     (TSJ):    0.050ns
    Total Input Jitter      (TIJ):    0.000ns
    Discrete Jitter          (DJ):    0.000ns
    Phase Error              (PE):    0.000ns

    Location             Delay type                Incr(ns)  Path(ns)    Netlist Resource(s)
  -------------------------------------------------------------------    -------------------
                         (clock sys_clk_pin rise edge)
                                                      0.000     0.000 r  
    W5                                                0.000     0.000 r  ap_clk (IN)
                         net (fo=0)                   0.000     0.000    ap_clk
    W5                   IBUF (Prop_ibuf_I_O)         1.458     1.458 r  ap_clk_IBUF_inst/O
                         net (fo=1, routed)           1.967     3.425    ap_clk_IBUF
    BUFGCTRL_X0Y0        BUFG (Prop_bufg_I_O)         0.096     3.521 r  ap_clk_IBUF_BUFG_inst/O
                         net (fo=79, routed)          1.633     5.154    paralle_serial_sys_i/parallel2serial_0/inst/ap_clk
    SLICE_X1Y14          FDRE                                         r  paralle_serial_sys_i/parallel2serial_0/inst/count_reg[23]/C
  -------------------------------------------------------------------    -------------------
    SLICE_X1Y14          FDRE (Prop_fdre_C_Q)         0.456     5.610 f  paralle_serial_sys_i/parallel2serial_0/inst/count_reg[23]/Q
                         net (fo=3, routed)           0.963     6.573    paralle_serial_sys_i/parallel2serial_0/inst/count_reg_n_0_[23]
    SLICE_X2Y13          LUT5 (Prop_lut5_I1_O)        0.124     6.697 r  paralle_serial_sys_i/parallel2serial_0/inst/serial_start[0]_INST_0_i_8/O
                         net (fo=1, routed)           0.778     7.476    paralle_serial_sys_i/parallel2serial_0/inst/serial_start[0]_INST_0_i_8_n_0
    SLICE_X2Y13          LUT4 (Prop_lut4_I1_O)        0.124     7.600 r  paralle_serial_sys_i/parallel2serial_0/inst/serial_start[0]_INST_0_i_1/O
                         net (fo=3, routed)           0.609     8.209    paralle_serial_sys_i/parallel2serial_0/inst/serial_start[0]_INST_0_i_1_n_0
    SLICE_X2Y11          LUT6 (Prop_lut6_I0_O)        0.124     8.333 r  paralle_serial_sys_i/parallel2serial_0/inst/serial_start[0]_INST_0/O
                         net (fo=97, routed)          0.687     9.020    paralle_serial_sys_i/serial2parallel_0/inst/serial_start[0]
    SLICE_X5Y12          LUT5 (Prop_lut5_I3_O)        0.119     9.139 f  paralle_serial_sys_i/serial2parallel_0/inst/a[7]_INST_0_i_9/O
                         net (fo=3, routed)           1.132    10.271    paralle_serial_sys_i/serial2parallel_0/inst/a[7]_INST_0_i_9_n_0
    SLICE_X3Y11          LUT6 (Prop_lut6_I5_O)        0.332    10.603 r  paralle_serial_sys_i/serial2parallel_0/inst/a[7]_INST_0_i_4/O
                         net (fo=8, routed)           0.555    11.159    paralle_serial_sys_i/serial2parallel_0/inst/a[7]_INST_0_i_4_n_0
    SLICE_X3Y10          LUT6 (Prop_lut6_I4_O)        0.124    11.283 r  paralle_serial_sys_i/serial2parallel_0/inst/a[0]_INST_0/O
                         net (fo=1, routed)           1.880    13.163    LED_OBUF[0]
    U16                  OBUF (Prop_obuf_I_O)         3.505    16.668 r  LED_OBUF[0]_inst/O
                         net (fo=0)                   0.000    16.668    LED[0]
    U16                                                               r  LED[0] (OUT)
  -------------------------------------------------------------------    -------------------





Min Delay Paths
--------------------------------------------------------------------------------------
Slack:                    inf
  Source:                 paralle_serial_sys_i/serial2parallel_0/inst/a_reg_out_reg[7]/C
                            (rising edge-triggered cell FDRE clocked by sys_clk_pin  {rise@0.000ns fall@5.000ns period=10.000ns})
  Destination:            LED[7]
                            (output port)
  Path Group:             (none)
  Path Type:              Min at Fast Process Corner
  Data Path Delay:        1.904ns  (logic 1.388ns (72.875%)  route 0.517ns (27.125%))
  Logic Levels:           2  (LUT6=1 OBUF=1)
  Clock Uncertainty:      0.025ns  ((TSJ^2 + TIJ^2)^1/2 + DJ) / 2 + PE
    Total System Jitter     (TSJ):    0.050ns
    Total Input Jitter      (TIJ):    0.000ns
    Discrete Jitter          (DJ):    0.000ns
    Phase Error              (PE):    0.000ns

    Location             Delay type                Incr(ns)  Path(ns)    Netlist Resource(s)
  -------------------------------------------------------------------    -------------------
                         (clock sys_clk_pin rise edge)
                                                      0.000     0.000 r  
    W5                                                0.000     0.000 r  ap_clk (IN)
                         net (fo=0)                   0.000     0.000    ap_clk
    W5                   IBUF (Prop_ibuf_I_O)         0.226     0.226 r  ap_clk_IBUF_inst/O
                         net (fo=1, routed)           0.631     0.858    ap_clk_IBUF
    BUFGCTRL_X0Y0        BUFG (Prop_bufg_I_O)         0.026     0.884 r  ap_clk_IBUF_BUFG_inst/O
                         net (fo=79, routed)          0.594     1.477    paralle_serial_sys_i/serial2parallel_0/inst/ap_clk
    SLICE_X3Y8           FDRE                                         r  paralle_serial_sys_i/serial2parallel_0/inst/a_reg_out_reg[7]/C
  -------------------------------------------------------------------    -------------------
    SLICE_X3Y8           FDRE (Prop_fdre_C_Q)         0.141     1.618 r  paralle_serial_sys_i/serial2parallel_0/inst/a_reg_out_reg[7]/Q
                         net (fo=1, routed)           0.080     1.698    paralle_serial_sys_i/serial2parallel_0/inst/a_reg_out[7]
    SLICE_X2Y8           LUT6 (Prop_lut6_I0_O)        0.045     1.743 r  paralle_serial_sys_i/serial2parallel_0/inst/a[7]_INST_0/O
                         net (fo=1, routed)           0.436     2.180    LED_OBUF[7]
    V14                  OBUF (Prop_obuf_I_O)         1.202     3.382 r  LED_OBUF[7]_inst/O
                         net (fo=0)                   0.000     3.382    LED[7]
    V14                                                               r  LED[7] (OUT)
  -------------------------------------------------------------------    -------------------

Slack:                    inf
  Source:                 paralle_serial_sys_i/serial2parallel_0/inst/a_reg_out_reg[5]/C
                            (rising edge-triggered cell FDRE clocked by sys_clk_pin  {rise@0.000ns fall@5.000ns period=10.000ns})
  Destination:            LED[5]
                            (output port)
  Path Group:             (none)
  Path Type:              Min at Fast Process Corner
  Data Path Delay:        1.912ns  (logic 1.402ns (73.303%)  route 0.510ns (26.697%))
  Logic Levels:           2  (LUT6=1 OBUF=1)
  Clock Uncertainty:      0.025ns  ((TSJ^2 + TIJ^2)^1/2 + DJ) / 2 + PE
    Total System Jitter     (TSJ):    0.050ns
    Total Input Jitter      (TIJ):    0.000ns
    Discrete Jitter          (DJ):    0.000ns
    Phase Error              (PE):    0.000ns

    Location             Delay type                Incr(ns)  Path(ns)    Netlist Resource(s)
  -------------------------------------------------------------------    -------------------
                         (clock sys_clk_pin rise edge)
                                                      0.000     0.000 r  
    W5                                                0.000     0.000 r  ap_clk (IN)
                         net (fo=0)                   0.000     0.000    ap_clk
    W5                   IBUF (Prop_ibuf_I_O)         0.226     0.226 r  ap_clk_IBUF_inst/O
                         net (fo=1, routed)           0.631     0.858    ap_clk_IBUF
    BUFGCTRL_X0Y0        BUFG (Prop_bufg_I_O)         0.026     0.884 r  ap_clk_IBUF_BUFG_inst/O
                         net (fo=79, routed)          0.594     1.477    paralle_serial_sys_i/serial2parallel_0/inst/ap_clk
    SLICE_X3Y8           FDRE                                         r  paralle_serial_sys_i/serial2parallel_0/inst/a_reg_out_reg[5]/C
  -------------------------------------------------------------------    -------------------
    SLICE_X3Y8           FDRE (Prop_fdre_C_Q)         0.141     1.618 r  paralle_serial_sys_i/serial2parallel_0/inst/a_reg_out_reg[5]/Q
                         net (fo=1, routed)           0.139     1.757    paralle_serial_sys_i/serial2parallel_0/inst/a_reg_out[5]
    SLICE_X2Y8           LUT6 (Prop_lut6_I0_O)        0.045     1.802 r  paralle_serial_sys_i/serial2parallel_0/inst/a[5]_INST_0/O
                         net (fo=1, routed)           0.371     2.174    LED_OBUF[5]
    U15                  OBUF (Prop_obuf_I_O)         1.216     3.389 r  LED_OBUF[5]_inst/O
                         net (fo=0)                   0.000     3.389    LED[5]
    U15                                                               r  LED[5] (OUT)
  -------------------------------------------------------------------    -------------------

Slack:                    inf
  Source:                 paralle_serial_sys_i/serial2parallel_0/inst/a_reg_out_reg[4]/C
                            (rising edge-triggered cell FDRE clocked by sys_clk_pin  {rise@0.000ns fall@5.000ns period=10.000ns})
  Destination:            LED[4]
                            (output port)
  Path Group:             (none)
  Path Type:              Min at Fast Process Corner
  Data Path Delay:        1.913ns  (logic 1.396ns (72.969%)  route 0.517ns (27.031%))
  Logic Levels:           2  (LUT6=1 OBUF=1)
  Clock Uncertainty:      0.025ns  ((TSJ^2 + TIJ^2)^1/2 + DJ) / 2 + PE
    Total System Jitter     (TSJ):    0.050ns
    Total Input Jitter      (TIJ):    0.000ns
    Discrete Jitter          (DJ):    0.000ns
    Phase Error              (PE):    0.000ns

    Location             Delay type                Incr(ns)  Path(ns)    Netlist Resource(s)
  -------------------------------------------------------------------    -------------------
                         (clock sys_clk_pin rise edge)
                                                      0.000     0.000 r  
    W5                                                0.000     0.000 r  ap_clk (IN)
                         net (fo=0)                   0.000     0.000    ap_clk
    W5                   IBUF (Prop_ibuf_I_O)         0.226     0.226 r  ap_clk_IBUF_inst/O
                         net (fo=1, routed)           0.631     0.858    ap_clk_IBUF
    BUFGCTRL_X0Y0        BUFG (Prop_bufg_I_O)         0.026     0.884 r  ap_clk_IBUF_BUFG_inst/O
                         net (fo=79, routed)          0.594     1.477    paralle_serial_sys_i/serial2parallel_0/inst/ap_clk
    SLICE_X3Y8           FDRE                                         r  paralle_serial_sys_i/serial2parallel_0/inst/a_reg_out_reg[4]/C
  -------------------------------------------------------------------    -------------------
    SLICE_X3Y8           FDRE (Prop_fdre_C_Q)         0.141     1.618 r  paralle_serial_sys_i/serial2parallel_0/inst/a_reg_out_reg[4]/Q
                         net (fo=1, routed)           0.087     1.705    paralle_serial_sys_i/serial2parallel_0/inst/a_reg_out[4]
    SLICE_X2Y8           LUT6 (Prop_lut6_I0_O)        0.045     1.750 r  paralle_serial_sys_i/serial2parallel_0/inst/a[4]_INST_0/O
                         net (fo=1, routed)           0.430     2.180    LED_OBUF[4]
    W18                  OBUF (Prop_obuf_I_O)         1.210     3.390 r  LED_OBUF[4]_inst/O
                         net (fo=0)                   0.000     3.390    LED[4]
    W18                                                               r  LED[4] (OUT)
  -------------------------------------------------------------------    -------------------

Slack:                    inf
  Source:                 paralle_serial_sys_i/serial2parallel_0/inst/a_reg_out_reg[6]/C
                            (rising edge-triggered cell FDRE clocked by sys_clk_pin  {rise@0.000ns fall@5.000ns period=10.000ns})
  Destination:            LED[6]
                            (output port)
  Path Group:             (none)
  Path Type:              Min at Fast Process Corner
  Data Path Delay:        1.974ns  (logic 1.393ns (70.571%)  route 0.581ns (29.429%))
  Logic Levels:           2  (LUT6=1 OBUF=1)
  Clock Uncertainty:      0.025ns  ((TSJ^2 + TIJ^2)^1/2 + DJ) / 2 + PE
    Total System Jitter     (TSJ):    0.050ns
    Total Input Jitter      (TIJ):    0.000ns
    Discrete Jitter          (DJ):    0.000ns
    Phase Error              (PE):    0.000ns

    Location             Delay type                Incr(ns)  Path(ns)    Netlist Resource(s)
  -------------------------------------------------------------------    -------------------
                         (clock sys_clk_pin rise edge)
                                                      0.000     0.000 r  
    W5                                                0.000     0.000 r  ap_clk (IN)
                         net (fo=0)                   0.000     0.000    ap_clk
    W5                   IBUF (Prop_ibuf_I_O)         0.226     0.226 r  ap_clk_IBUF_inst/O
                         net (fo=1, routed)           0.631     0.858    ap_clk_IBUF
    BUFGCTRL_X0Y0        BUFG (Prop_bufg_I_O)         0.026     0.884 r  ap_clk_IBUF_BUFG_inst/O
                         net (fo=79, routed)          0.594     1.477    paralle_serial_sys_i/serial2parallel_0/inst/ap_clk
    SLICE_X3Y8           FDRE                                         r  paralle_serial_sys_i/serial2parallel_0/inst/a_reg_out_reg[6]/C
  -------------------------------------------------------------------    -------------------
    SLICE_X3Y8           FDRE (Prop_fdre_C_Q)         0.141     1.618 r  paralle_serial_sys_i/serial2parallel_0/inst/a_reg_out_reg[6]/Q
                         net (fo=1, routed)           0.138     1.756    paralle_serial_sys_i/serial2parallel_0/inst/a_reg_out[6]
    SLICE_X2Y8           LUT6 (Prop_lut6_I0_O)        0.045     1.801 r  paralle_serial_sys_i/serial2parallel_0/inst/a[6]_INST_0/O
                         net (fo=1, routed)           0.443     2.244    LED_OBUF[6]
    U14                  OBUF (Prop_obuf_I_O)         1.207     3.451 r  LED_OBUF[6]_inst/O
                         net (fo=0)                   0.000     3.451    LED[6]
    U14                                                               r  LED[6] (OUT)
  -------------------------------------------------------------------    -------------------

Slack:                    inf
  Source:                 paralle_serial_sys_i/serial2parallel_0/inst/a_reg_out_reg[3]/C
                            (rising edge-triggered cell FDRE clocked by sys_clk_pin  {rise@0.000ns fall@5.000ns period=10.000ns})
  Destination:            LED[3]
                            (output port)
  Path Group:             (none)
  Path Type:              Min at Fast Process Corner
  Data Path Delay:        2.035ns  (logic 1.396ns (68.595%)  route 0.639ns (31.405%))
  Logic Levels:           2  (LUT6=1 OBUF=1)
  Clock Uncertainty:      0.025ns  ((TSJ^2 + TIJ^2)^1/2 + DJ) / 2 + PE
    Total System Jitter     (TSJ):    0.050ns
    Total Input Jitter      (TIJ):    0.000ns
    Discrete Jitter          (DJ):    0.000ns
    Phase Error              (PE):    0.000ns

    Location             Delay type                Incr(ns)  Path(ns)    Netlist Resource(s)
  -------------------------------------------------------------------    -------------------
                         (clock sys_clk_pin rise edge)
                                                      0.000     0.000 r  
    W5                                                0.000     0.000 r  ap_clk (IN)
                         net (fo=0)                   0.000     0.000    ap_clk
    W5                   IBUF (Prop_ibuf_I_O)         0.226     0.226 r  ap_clk_IBUF_inst/O
                         net (fo=1, routed)           0.631     0.858    ap_clk_IBUF
    BUFGCTRL_X0Y0        BUFG (Prop_bufg_I_O)         0.026     0.884 r  ap_clk_IBUF_BUFG_inst/O
                         net (fo=79, routed)          0.593     1.476    paralle_serial_sys_i/serial2parallel_0/inst/ap_clk
    SLICE_X3Y10          FDRE                                         r  paralle_serial_sys_i/serial2parallel_0/inst/a_reg_out_reg[3]/C
  -------------------------------------------------------------------    -------------------
    SLICE_X3Y10          FDRE (Prop_fdre_C_Q)         0.141     1.617 r  paralle_serial_sys_i/serial2parallel_0/inst/a_reg_out_reg[3]/Q
                         net (fo=1, routed)           0.158     1.775    paralle_serial_sys_i/serial2parallel_0/inst/a_reg_out[3]
    SLICE_X3Y10          LUT6 (Prop_lut6_I0_O)        0.045     1.820 r  paralle_serial_sys_i/serial2parallel_0/inst/a[3]_INST_0/O
                         net (fo=1, routed)           0.481     2.301    LED_OBUF[3]
    V19                  OBUF (Prop_obuf_I_O)         1.210     3.511 r  LED_OBUF[3]_inst/O
                         net (fo=0)                   0.000     3.511    LED[3]
    V19                                                               r  LED[3] (OUT)
  -------------------------------------------------------------------    -------------------

Slack:                    inf
  Source:                 paralle_serial_sys_i/serial2parallel_0/inst/a_reg_out_reg[2]/C
                            (rising edge-triggered cell FDRE clocked by sys_clk_pin  {rise@0.000ns fall@5.000ns period=10.000ns})
  Destination:            LED[2]
                            (output port)
  Path Group:             (none)
  Path Type:              Min at Fast Process Corner
  Data Path Delay:        2.065ns  (logic 1.388ns (67.223%)  route 0.677ns (32.777%))
  Logic Levels:           2  (LUT6=1 OBUF=1)
  Clock Uncertainty:      0.025ns  ((TSJ^2 + TIJ^2)^1/2 + DJ) / 2 + PE
    Total System Jitter     (TSJ):    0.050ns
    Total Input Jitter      (TIJ):    0.000ns
    Discrete Jitter          (DJ):    0.000ns
    Phase Error              (PE):    0.000ns

    Location             Delay type                Incr(ns)  Path(ns)    Netlist Resource(s)
  -------------------------------------------------------------------    -------------------
                         (clock sys_clk_pin rise edge)
                                                      0.000     0.000 r  
    W5                                                0.000     0.000 r  ap_clk (IN)
                         net (fo=0)                   0.000     0.000    ap_clk
    W5                   IBUF (Prop_ibuf_I_O)         0.226     0.226 r  ap_clk_IBUF_inst/O
                         net (fo=1, routed)           0.631     0.858    ap_clk_IBUF
    BUFGCTRL_X0Y0        BUFG (Prop_bufg_I_O)         0.026     0.884 r  ap_clk_IBUF_BUFG_inst/O
                         net (fo=79, routed)          0.593     1.476    paralle_serial_sys_i/serial2parallel_0/inst/ap_clk
    SLICE_X3Y10          FDRE                                         r  paralle_serial_sys_i/serial2parallel_0/inst/a_reg_out_reg[2]/C
  -------------------------------------------------------------------    -------------------
    SLICE_X3Y10          FDRE (Prop_fdre_C_Q)         0.141     1.617 r  paralle_serial_sys_i/serial2parallel_0/inst/a_reg_out_reg[2]/Q
                         net (fo=1, routed)           0.220     1.837    paralle_serial_sys_i/serial2parallel_0/inst/a_reg_out[2]
    SLICE_X3Y10          LUT6 (Prop_lut6_I0_O)        0.045     1.882 r  paralle_serial_sys_i/serial2parallel_0/inst/a[2]_INST_0/O
                         net (fo=1, routed)           0.457     2.339    LED_OBUF[2]
    U19                  OBUF (Prop_obuf_I_O)         1.202     3.541 r  LED_OBUF[2]_inst/O
                         net (fo=0)                   0.000     3.541    LED[2]
    U19                                                               r  LED[2] (OUT)
  -------------------------------------------------------------------    -------------------

Slack:                    inf
  Source:                 paralle_serial_sys_i/serial2parallel_0/inst/a_reg_out_reg[0]/C
                            (rising edge-triggered cell FDRE clocked by sys_clk_pin  {rise@0.000ns fall@5.000ns period=10.000ns})
  Destination:            LED[0]
                            (output port)
  Path Group:             (none)
  Path Type:              Min at Fast Process Corner
  Data Path Delay:        2.077ns  (logic 1.392ns (67.002%)  route 0.686ns (32.998%))
  Logic Levels:           2  (LUT6=1 OBUF=1)
  Clock Uncertainty:      0.025ns  ((TSJ^2 + TIJ^2)^1/2 + DJ) / 2 + PE
    Total System Jitter     (TSJ):    0.050ns
    Total Input Jitter      (TIJ):    0.000ns
    Discrete Jitter          (DJ):    0.000ns
    Phase Error              (PE):    0.000ns

    Location             Delay type                Incr(ns)  Path(ns)    Netlist Resource(s)
  -------------------------------------------------------------------    -------------------
                         (clock sys_clk_pin rise edge)
                                                      0.000     0.000 r  
    W5                                                0.000     0.000 r  ap_clk (IN)
                         net (fo=0)                   0.000     0.000    ap_clk
    W5                   IBUF (Prop_ibuf_I_O)         0.226     0.226 r  ap_clk_IBUF_inst/O
                         net (fo=1, routed)           0.631     0.858    ap_clk_IBUF
    BUFGCTRL_X0Y0        BUFG (Prop_bufg_I_O)         0.026     0.884 r  ap_clk_IBUF_BUFG_inst/O
                         net (fo=79, routed)          0.593     1.476    paralle_serial_sys_i/serial2parallel_0/inst/ap_clk
    SLICE_X3Y10          FDRE                                         r  paralle_serial_sys_i/serial2parallel_0/inst/a_reg_out_reg[0]/C
  -------------------------------------------------------------------    -------------------
    SLICE_X3Y10          FDRE (Prop_fdre_C_Q)         0.141     1.617 r  paralle_serial_sys_i/serial2parallel_0/inst/a_reg_out_reg[0]/Q
                         net (fo=1, routed)           0.275     1.892    paralle_serial_sys_i/serial2parallel_0/inst/a_reg_out[0]
    SLICE_X3Y10          LUT6 (Prop_lut6_I0_O)        0.045     1.937 r  paralle_serial_sys_i/serial2parallel_0/inst/a[0]_INST_0/O
                         net (fo=1, routed)           0.410     2.348    LED_OBUF[0]
    U16                  OBUF (Prop_obuf_I_O)         1.206     3.554 r  LED_OBUF[0]_inst/O
                         net (fo=0)                   0.000     3.554    LED[0]
    U16                                                               r  LED[0] (OUT)
  -------------------------------------------------------------------    -------------------

Slack:                    inf
  Source:                 paralle_serial_sys_i/serial2parallel_0/inst/state_reg_reg[2]/C
                            (rising edge-triggered cell FDRE clocked by sys_clk_pin  {rise@0.000ns fall@5.000ns period=10.000ns})
  Destination:            LED[1]
                            (output port)
  Path Group:             (none)
  Path Type:              Min at Fast Process Corner
  Data Path Delay:        2.354ns  (logic 1.417ns (60.188%)  route 0.937ns (39.812%))
  Logic Levels:           2  (LUT6=1 OBUF=1)
  Clock Uncertainty:      0.025ns  ((TSJ^2 + TIJ^2)^1/2 + DJ) / 2 + PE
    Total System Jitter     (TSJ):    0.050ns
    Total Input Jitter      (TIJ):    0.000ns
    Discrete Jitter          (DJ):    0.000ns
    Phase Error              (PE):    0.000ns

    Location             Delay type                Incr(ns)  Path(ns)    Netlist Resource(s)
  -------------------------------------------------------------------    -------------------
                         (clock sys_clk_pin rise edge)
                                                      0.000     0.000 r  
    W5                                                0.000     0.000 r  ap_clk (IN)
                         net (fo=0)                   0.000     0.000    ap_clk
    W5                   IBUF (Prop_ibuf_I_O)         0.226     0.226 r  ap_clk_IBUF_inst/O
                         net (fo=1, routed)           0.631     0.858    ap_clk_IBUF
    BUFGCTRL_X0Y0        BUFG (Prop_bufg_I_O)         0.026     0.884 r  ap_clk_IBUF_BUFG_inst/O
                         net (fo=79, routed)          0.591     1.474    paralle_serial_sys_i/serial2parallel_0/inst/ap_clk
    SLICE_X4Y10          FDRE                                         r  paralle_serial_sys_i/serial2parallel_0/inst/state_reg_reg[2]/C
  -------------------------------------------------------------------    -------------------
    SLICE_X4Y10          FDRE (Prop_fdre_C_Q)         0.141     1.615 r  paralle_serial_sys_i/serial2parallel_0/inst/state_reg_reg[2]/Q
                         net (fo=3, routed)           0.133     1.748    paralle_serial_sys_i/serial2parallel_0/inst/next_state_2_fu_171_p3[1]
    SLICE_X3Y10          LUT6 (Prop_lut6_I5_O)        0.045     1.793 r  paralle_serial_sys_i/serial2parallel_0/inst/a[1]_INST_0/O
                         net (fo=1, routed)           0.804     2.597    LED_OBUF[1]
    E19                  OBUF (Prop_obuf_I_O)         1.231     3.828 r  LED_OBUF[1]_inst/O
                         net (fo=0)                   0.000     3.828    LED[1]
    E19                                                               r  LED[1] (OUT)
  -------------------------------------------------------------------    -------------------





--------------------------------------------------------------------------------------
Path Group:  (none)
From Clock:  
  To Clock:  sys_clk_pin

Max Delay           111 Endpoints
Min Delay           111 Endpoints
--------------------------------------------------------------------------------------


Max Delay Paths
--------------------------------------------------------------------------------------
Slack:                    inf
  Source:                 begin_conversion
                            (input port)
  Destination:            paralle_serial_sys_i/serial2parallel_0/inst/counter_reg[29]/D
                            (rising edge-triggered cell FDRE clocked by sys_clk_pin  {rise@0.000ns fall@5.000ns period=10.000ns})
  Path Group:             (none)
  Path Type:              Setup (Max at Slow Process Corner)
  Data Path Delay:        8.973ns  (logic 3.761ns (41.910%)  route 5.213ns (58.090%))
  Logic Levels:           14  (CARRY4=8 IBUF=1 LUT2=1 LUT4=1 LUT5=1 LUT6=2)
  Clock Path Skew:        4.852ns (DCD - SCD + CPR)
    Destination Clock Delay (DCD):    4.852ns
    Source Clock Delay      (SCD):    0.000ns
    Clock Pessimism Removal (CPR):    0.000ns
  Clock Uncertainty:      0.025ns  ((TSJ^2 + TIJ^2)^1/2 + DJ) / 2 + PE
    Total System Jitter     (TSJ):    0.050ns
    Total Input Jitter      (TIJ):    0.000ns
    Discrete Jitter          (DJ):    0.000ns
    Phase Error              (PE):    0.000ns

    Location             Delay type                Incr(ns)  Path(ns)    Netlist Resource(s)
  -------------------------------------------------------------------    -------------------
    T18                                               0.000     0.000 f  begin_conversion (IN)
                         net (fo=0)                   0.000     0.000    begin_conversion
    T18                  IBUF (Prop_ibuf_I_O)         1.454     1.454 f  begin_conversion_IBUF_inst/O
                         net (fo=65, routed)          2.089     3.543    paralle_serial_sys_i/parallel2serial_0/inst/begin_r[0]
    SLICE_X2Y14          LUT5 (Prop_lut5_I3_O)        0.124     3.667 r  paralle_serial_sys_i/parallel2serial_0/inst/serial_start[0]_INST_0_i_9/O
                         net (fo=1, routed)           0.471     4.138    paralle_serial_sys_i/parallel2serial_0/inst/serial_start[0]_INST_0_i_9_n_0
    SLICE_X2Y13          LUT4 (Prop_lut4_I2_O)        0.124     4.262 f  paralle_serial_sys_i/parallel2serial_0/inst/serial_start[0]_INST_0_i_1/O
                         net (fo=3, routed)           0.609     4.872    paralle_serial_sys_i/parallel2serial_0/inst/serial_start[0]_INST_0_i_1_n_0
    SLICE_X2Y11          LUT6 (Prop_lut6_I0_O)        0.124     4.996 f  paralle_serial_sys_i/parallel2serial_0/inst/serial_start[0]_INST_0/O
                         net (fo=97, routed)          0.953     5.948    paralle_serial_sys_i/serial2parallel_0/inst/serial_start[0]
    SLICE_X5Y9           LUT2 (Prop_lut2_I1_O)        0.124     6.072 r  paralle_serial_sys_i/serial2parallel_0/inst/counter[4]_i_3/O
                         net (fo=1, routed)           0.465     6.537    paralle_serial_sys_i/serial2parallel_0/inst/next_counter_1_fu_135_p3[0]
    SLICE_X6Y8           CARRY4 (Prop_carry4_CYINIT_CO[3])
                                                      0.595     7.132 r  paralle_serial_sys_i/serial2parallel_0/inst/counter_reg[4]_i_2/CO[3]
                         net (fo=1, routed)           0.000     7.132    paralle_serial_sys_i/serial2parallel_0/inst/counter_reg[4]_i_2_n_0
    SLICE_X6Y9           CARRY4 (Prop_carry4_CI_CO[3])
                                                      0.117     7.249 r  paralle_serial_sys_i/serial2parallel_0/inst/counter_reg[8]_i_2/CO[3]
                         net (fo=1, routed)           0.000     7.249    paralle_serial_sys_i/serial2parallel_0/inst/counter_reg[8]_i_2_n_0
    SLICE_X6Y10          CARRY4 (Prop_carry4_CI_CO[3])
                                                      0.117     7.366 r  paralle_serial_sys_i/serial2parallel_0/inst/counter_reg[12]_i_2/CO[3]
                         net (fo=1, routed)           0.000     7.366    paralle_serial_sys_i/serial2parallel_0/inst/counter_reg[12]_i_2_n_0
    SLICE_X6Y11          CARRY4 (Prop_carry4_CI_CO[3])
                                                      0.117     7.483 r  paralle_serial_sys_i/serial2parallel_0/inst/counter_reg[16]_i_2/CO[3]
                         net (fo=1, routed)           0.000     7.483    paralle_serial_sys_i/serial2parallel_0/inst/counter_reg[16]_i_2_n_0
    SLICE_X6Y12          CARRY4 (Prop_carry4_CI_CO[3])
                                                      0.117     7.600 r  paralle_serial_sys_i/serial2parallel_0/inst/counter_reg[20]_i_2/CO[3]
                         net (fo=1, routed)           0.000     7.600    paralle_serial_sys_i/serial2parallel_0/inst/counter_reg[20]_i_2_n_0
    SLICE_X6Y13          CARRY4 (Prop_carry4_CI_CO[3])
                                                      0.117     7.717 r  paralle_serial_sys_i/serial2parallel_0/inst/counter_reg[24]_i_2/CO[3]
                         net (fo=1, routed)           0.000     7.717    paralle_serial_sys_i/serial2parallel_0/inst/counter_reg[24]_i_2_n_0
    SLICE_X6Y14          CARRY4 (Prop_carry4_CI_CO[3])
                                                      0.117     7.834 r  paralle_serial_sys_i/serial2parallel_0/inst/counter_reg[28]_i_2/CO[3]
                         net (fo=1, routed)           0.000     7.834    paralle_serial_sys_i/serial2parallel_0/inst/counter_reg[28]_i_2_n_0
    SLICE_X6Y15          CARRY4 (Prop_carry4_CI_O[0])
                                                      0.219     8.053 r  paralle_serial_sys_i/serial2parallel_0/inst/counter_reg[31]_i_4/O[0]
                         net (fo=1, routed)           0.625     8.678    paralle_serial_sys_i/serial2parallel_0/inst/next_counter_3_fu_180_p2[29]
    SLICE_X7Y15          LUT6 (Prop_lut6_I5_O)        0.295     8.973 r  paralle_serial_sys_i/serial2parallel_0/inst/counter[29]_i_1/O
                         net (fo=1, routed)           0.000     8.973    paralle_serial_sys_i/serial2parallel_0/inst/counter[29]_i_1_n_0
    SLICE_X7Y15          FDRE                                         r  paralle_serial_sys_i/serial2parallel_0/inst/counter_reg[29]/D
  -------------------------------------------------------------------    -------------------

                         (clock sys_clk_pin rise edge)
                                                      0.000     0.000 r  
    W5                                                0.000     0.000 r  ap_clk (IN)
                         net (fo=0)                   0.000     0.000    ap_clk
    W5                   IBUF (Prop_ibuf_I_O)         1.388     1.388 r  ap_clk_IBUF_inst/O
                         net (fo=1, routed)           1.862     3.250    ap_clk_IBUF
    BUFGCTRL_X0Y0        BUFG (Prop_bufg_I_O)         0.091     3.341 r  ap_clk_IBUF_BUFG_inst/O
                         net (fo=79, routed)          1.511     4.852    paralle_serial_sys_i/serial2parallel_0/inst/ap_clk
    SLICE_X7Y15          FDRE                                         r  paralle_serial_sys_i/serial2parallel_0/inst/counter_reg[29]/C

Slack:                    inf
  Source:                 begin_conversion
                            (input port)
  Destination:            paralle_serial_sys_i/serial2parallel_0/inst/counter_reg[28]/D
                            (rising edge-triggered cell FDRE clocked by sys_clk_pin  {rise@0.000ns fall@5.000ns period=10.000ns})
  Path Group:             (none)
  Path Type:              Setup (Max at Slow Process Corner)
  Data Path Delay:        8.922ns  (logic 3.752ns (42.052%)  route 5.170ns (57.948%))
  Logic Levels:           13  (CARRY4=7 IBUF=1 LUT2=1 LUT4=1 LUT5=1 LUT6=2)
  Clock Path Skew:        4.853ns (DCD - SCD + CPR)
    Destination Clock Delay (DCD):    4.853ns
    Source Clock Delay      (SCD):    0.000ns
    Clock Pessimism Removal (CPR):    0.000ns
  Clock Uncertainty:      0.025ns  ((TSJ^2 + TIJ^2)^1/2 + DJ) / 2 + PE
    Total System Jitter     (TSJ):    0.050ns
    Total Input Jitter      (TIJ):    0.000ns
    Discrete Jitter          (DJ):    0.000ns
    Phase Error              (PE):    0.000ns

    Location             Delay type                Incr(ns)  Path(ns)    Netlist Resource(s)
  -------------------------------------------------------------------    -------------------
    T18                                               0.000     0.000 f  begin_conversion (IN)
                         net (fo=0)                   0.000     0.000    begin_conversion
    T18                  IBUF (Prop_ibuf_I_O)         1.454     1.454 f  begin_conversion_IBUF_inst/O
                         net (fo=65, routed)          2.089     3.543    paralle_serial_sys_i/parallel2serial_0/inst/begin_r[0]
    SLICE_X2Y14          LUT5 (Prop_lut5_I3_O)        0.124     3.667 r  paralle_serial_sys_i/parallel2serial_0/inst/serial_start[0]_INST_0_i_9/O
                         net (fo=1, routed)           0.471     4.138    paralle_serial_sys_i/parallel2serial_0/inst/serial_start[0]_INST_0_i_9_n_0
    SLICE_X2Y13          LUT4 (Prop_lut4_I2_O)        0.124     4.262 f  paralle_serial_sys_i/parallel2serial_0/inst/serial_start[0]_INST_0_i_1/O
                         net (fo=3, routed)           0.609     4.872    paralle_serial_sys_i/parallel2serial_0/inst/serial_start[0]_INST_0_i_1_n_0
    SLICE_X2Y11          LUT6 (Prop_lut6_I0_O)        0.124     4.996 f  paralle_serial_sys_i/parallel2serial_0/inst/serial_start[0]_INST_0/O
                         net (fo=97, routed)          0.953     5.948    paralle_serial_sys_i/serial2parallel_0/inst/serial_start[0]
    SLICE_X5Y9           LUT2 (Prop_lut2_I1_O)        0.124     6.072 r  paralle_serial_sys_i/serial2parallel_0/inst/counter[4]_i_3/O
                         net (fo=1, routed)           0.465     6.537    paralle_serial_sys_i/serial2parallel_0/inst/next_counter_1_fu_135_p3[0]
    SLICE_X6Y8           CARRY4 (Prop_carry4_CYINIT_CO[3])
                                                      0.595     7.132 r  paralle_serial_sys_i/serial2parallel_0/inst/counter_reg[4]_i_2/CO[3]
                         net (fo=1, routed)           0.000     7.132    paralle_serial_sys_i/serial2parallel_0/inst/counter_reg[4]_i_2_n_0
    SLICE_X6Y9           CARRY4 (Prop_carry4_CI_CO[3])
                                                      0.117     7.249 r  paralle_serial_sys_i/serial2parallel_0/inst/counter_reg[8]_i_2/CO[3]
                         net (fo=1, routed)           0.000     7.249    paralle_serial_sys_i/serial2parallel_0/inst/counter_reg[8]_i_2_n_0
    SLICE_X6Y10          CARRY4 (Prop_carry4_CI_CO[3])
                                                      0.117     7.366 r  paralle_serial_sys_i/serial2parallel_0/inst/counter_reg[12]_i_2/CO[3]
                         net (fo=1, routed)           0.000     7.366    paralle_serial_sys_i/serial2parallel_0/inst/counter_reg[12]_i_2_n_0
    SLICE_X6Y11          CARRY4 (Prop_carry4_CI_CO[3])
                                                      0.117     7.483 r  paralle_serial_sys_i/serial2parallel_0/inst/counter_reg[16]_i_2/CO[3]
                         net (fo=1, routed)           0.000     7.483    paralle_serial_sys_i/serial2parallel_0/inst/counter_reg[16]_i_2_n_0
    SLICE_X6Y12          CARRY4 (Prop_carry4_CI_CO[3])
                                                      0.117     7.600 r  paralle_serial_sys_i/serial2parallel_0/inst/counter_reg[20]_i_2/CO[3]
                         net (fo=1, routed)           0.000     7.600    paralle_serial_sys_i/serial2parallel_0/inst/counter_reg[20]_i_2_n_0
    SLICE_X6Y13          CARRY4 (Prop_carry4_CI_CO[3])
                                                      0.117     7.717 r  paralle_serial_sys_i/serial2parallel_0/inst/counter_reg[24]_i_2/CO[3]
                         net (fo=1, routed)           0.000     7.717    paralle_serial_sys_i/serial2parallel_0/inst/counter_reg[24]_i_2_n_0
    SLICE_X6Y14          CARRY4 (Prop_carry4_CI_O[3])
                                                      0.315     8.032 r  paralle_serial_sys_i/serial2parallel_0/inst/counter_reg[28]_i_2/O[3]
                         net (fo=1, routed)           0.583     8.615    paralle_serial_sys_i/serial2parallel_0/inst/next_counter_3_fu_180_p2[28]
    SLICE_X7Y14          LUT6 (Prop_lut6_I5_O)        0.307     8.922 r  paralle_serial_sys_i/serial2parallel_0/inst/counter[28]_i_1/O
                         net (fo=1, routed)           0.000     8.922    paralle_serial_sys_i/serial2parallel_0/inst/counter[28]_i_1_n_0
    SLICE_X7Y14          FDRE                                         r  paralle_serial_sys_i/serial2parallel_0/inst/counter_reg[28]/D
  -------------------------------------------------------------------    -------------------

                         (clock sys_clk_pin rise edge)
                                                      0.000     0.000 r  
    W5                                                0.000     0.000 r  ap_clk (IN)
                         net (fo=0)                   0.000     0.000    ap_clk
    W5                   IBUF (Prop_ibuf_I_O)         1.388     1.388 r  ap_clk_IBUF_inst/O
                         net (fo=1, routed)           1.862     3.250    ap_clk_IBUF
    BUFGCTRL_X0Y0        BUFG (Prop_bufg_I_O)         0.091     3.341 r  ap_clk_IBUF_BUFG_inst/O
                         net (fo=79, routed)          1.512     4.853    paralle_serial_sys_i/serial2parallel_0/inst/ap_clk
    SLICE_X7Y14          FDRE                                         r  paralle_serial_sys_i/serial2parallel_0/inst/counter_reg[28]/C

Slack:                    inf
  Source:                 begin_conversion
                            (input port)
  Destination:            paralle_serial_sys_i/serial2parallel_0/inst/counter_reg[25]/D
                            (rising edge-triggered cell FDRE clocked by sys_clk_pin  {rise@0.000ns fall@5.000ns period=10.000ns})
  Path Group:             (none)
  Path Type:              Setup (Max at Slow Process Corner)
  Data Path Delay:        8.856ns  (logic 3.644ns (41.143%)  route 5.213ns (58.857%))
  Logic Levels:           13  (CARRY4=7 IBUF=1 LUT2=1 LUT4=1 LUT5=1 LUT6=2)
  Clock Path Skew:        4.853ns (DCD - SCD + CPR)
    Destination Clock Delay (DCD):    4.853ns
    Source Clock Delay      (SCD):    0.000ns
    Clock Pessimism Removal (CPR):    0.000ns
  Clock Uncertainty:      0.025ns  ((TSJ^2 + TIJ^2)^1/2 + DJ) / 2 + PE
    Total System Jitter     (TSJ):    0.050ns
    Total Input Jitter      (TIJ):    0.000ns
    Discrete Jitter          (DJ):    0.000ns
    Phase Error              (PE):    0.000ns

    Location             Delay type                Incr(ns)  Path(ns)    Netlist Resource(s)
  -------------------------------------------------------------------    -------------------
    T18                                               0.000     0.000 f  begin_conversion (IN)
                         net (fo=0)                   0.000     0.000    begin_conversion
    T18                  IBUF (Prop_ibuf_I_O)         1.454     1.454 f  begin_conversion_IBUF_inst/O
                         net (fo=65, routed)          2.089     3.543    paralle_serial_sys_i/parallel2serial_0/inst/begin_r[0]
    SLICE_X2Y14          LUT5 (Prop_lut5_I3_O)        0.124     3.667 r  paralle_serial_sys_i/parallel2serial_0/inst/serial_start[0]_INST_0_i_9/O
                         net (fo=1, routed)           0.471     4.138    paralle_serial_sys_i/parallel2serial_0/inst/serial_start[0]_INST_0_i_9_n_0
    SLICE_X2Y13          LUT4 (Prop_lut4_I2_O)        0.124     4.262 f  paralle_serial_sys_i/parallel2serial_0/inst/serial_start[0]_INST_0_i_1/O
                         net (fo=3, routed)           0.609     4.872    paralle_serial_sys_i/parallel2serial_0/inst/serial_start[0]_INST_0_i_1_n_0
    SLICE_X2Y11          LUT6 (Prop_lut6_I0_O)        0.124     4.996 f  paralle_serial_sys_i/parallel2serial_0/inst/serial_start[0]_INST_0/O
                         net (fo=97, routed)          0.953     5.948    paralle_serial_sys_i/serial2parallel_0/inst/serial_start[0]
    SLICE_X5Y9           LUT2 (Prop_lut2_I1_O)        0.124     6.072 r  paralle_serial_sys_i/serial2parallel_0/inst/counter[4]_i_3/O
                         net (fo=1, routed)           0.465     6.537    paralle_serial_sys_i/serial2parallel_0/inst/next_counter_1_fu_135_p3[0]
    SLICE_X6Y8           CARRY4 (Prop_carry4_CYINIT_CO[3])
                                                      0.595     7.132 r  paralle_serial_sys_i/serial2parallel_0/inst/counter_reg[4]_i_2/CO[3]
                         net (fo=1, routed)           0.000     7.132    paralle_serial_sys_i/serial2parallel_0/inst/counter_reg[4]_i_2_n_0
    SLICE_X6Y9           CARRY4 (Prop_carry4_CI_CO[3])
                                                      0.117     7.249 r  paralle_serial_sys_i/serial2parallel_0/inst/counter_reg[8]_i_2/CO[3]
                         net (fo=1, routed)           0.000     7.249    paralle_serial_sys_i/serial2parallel_0/inst/counter_reg[8]_i_2_n_0
    SLICE_X6Y10          CARRY4 (Prop_carry4_CI_CO[3])
                                                      0.117     7.366 r  paralle_serial_sys_i/serial2parallel_0/inst/counter_reg[12]_i_2/CO[3]
                         net (fo=1, routed)           0.000     7.366    paralle_serial_sys_i/serial2parallel_0/inst/counter_reg[12]_i_2_n_0
    SLICE_X6Y11          CARRY4 (Prop_carry4_CI_CO[3])
                                                      0.117     7.483 r  paralle_serial_sys_i/serial2parallel_0/inst/counter_reg[16]_i_2/CO[3]
                         net (fo=1, routed)           0.000     7.483    paralle_serial_sys_i/serial2parallel_0/inst/counter_reg[16]_i_2_n_0
    SLICE_X6Y12          CARRY4 (Prop_carry4_CI_CO[3])
                                                      0.117     7.600 r  paralle_serial_sys_i/serial2parallel_0/inst/counter_reg[20]_i_2/CO[3]
                         net (fo=1, routed)           0.000     7.600    paralle_serial_sys_i/serial2parallel_0/inst/counter_reg[20]_i_2_n_0
    SLICE_X6Y13          CARRY4 (Prop_carry4_CI_CO[3])
                                                      0.117     7.717 r  paralle_serial_sys_i/serial2parallel_0/inst/counter_reg[24]_i_2/CO[3]
                         net (fo=1, routed)           0.000     7.717    paralle_serial_sys_i/serial2parallel_0/inst/counter_reg[24]_i_2_n_0
    SLICE_X6Y14          CARRY4 (Prop_carry4_CI_O[0])
                                                      0.219     7.936 r  paralle_serial_sys_i/serial2parallel_0/inst/counter_reg[28]_i_2/O[0]
                         net (fo=1, routed)           0.625     8.561    paralle_serial_sys_i/serial2parallel_0/inst/next_counter_3_fu_180_p2[25]
    SLICE_X7Y14          LUT6 (Prop_lut6_I5_O)        0.295     8.856 r  paralle_serial_sys_i/serial2parallel_0/inst/counter[25]_i_1/O
                         net (fo=1, routed)           0.000     8.856    paralle_serial_sys_i/serial2parallel_0/inst/counter[25]_i_1_n_0
    SLICE_X7Y14          FDRE                                         r  paralle_serial_sys_i/serial2parallel_0/inst/counter_reg[25]/D
  -------------------------------------------------------------------    -------------------

                         (clock sys_clk_pin rise edge)
                                                      0.000     0.000 r  
    W5                                                0.000     0.000 r  ap_clk (IN)
                         net (fo=0)                   0.000     0.000    ap_clk
    W5                   IBUF (Prop_ibuf_I_O)         1.388     1.388 r  ap_clk_IBUF_inst/O
                         net (fo=1, routed)           1.862     3.250    ap_clk_IBUF
    BUFGCTRL_X0Y0        BUFG (Prop_bufg_I_O)         0.091     3.341 r  ap_clk_IBUF_BUFG_inst/O
                         net (fo=79, routed)          1.512     4.853    paralle_serial_sys_i/serial2parallel_0/inst/ap_clk
    SLICE_X7Y14          FDRE                                         r  paralle_serial_sys_i/serial2parallel_0/inst/counter_reg[25]/C

Slack:                    inf
  Source:                 begin_conversion
                            (input port)
  Destination:            paralle_serial_sys_i/serial2parallel_0/inst/counter_reg[24]/D
                            (rising edge-triggered cell FDRE clocked by sys_clk_pin  {rise@0.000ns fall@5.000ns period=10.000ns})
  Path Group:             (none)
  Path Type:              Setup (Max at Slow Process Corner)
  Data Path Delay:        8.848ns  (logic 3.635ns (41.082%)  route 5.213ns (58.918%))
  Logic Levels:           12  (CARRY4=6 IBUF=1 LUT2=1 LUT4=1 LUT5=1 LUT6=2)
  Clock Path Skew:        4.853ns (DCD - SCD + CPR)
    Destination Clock Delay (DCD):    4.853ns
    Source Clock Delay      (SCD):    0.000ns
    Clock Pessimism Removal (CPR):    0.000ns
  Clock Uncertainty:      0.025ns  ((TSJ^2 + TIJ^2)^1/2 + DJ) / 2 + PE
    Total System Jitter     (TSJ):    0.050ns
    Total Input Jitter      (TIJ):    0.000ns
    Discrete Jitter          (DJ):    0.000ns
    Phase Error              (PE):    0.000ns

    Location             Delay type                Incr(ns)  Path(ns)    Netlist Resource(s)
  -------------------------------------------------------------------    -------------------
    T18                                               0.000     0.000 f  begin_conversion (IN)
                         net (fo=0)                   0.000     0.000    begin_conversion
    T18                  IBUF (Prop_ibuf_I_O)         1.454     1.454 f  begin_conversion_IBUF_inst/O
                         net (fo=65, routed)          2.089     3.543    paralle_serial_sys_i/parallel2serial_0/inst/begin_r[0]
    SLICE_X2Y14          LUT5 (Prop_lut5_I3_O)        0.124     3.667 r  paralle_serial_sys_i/parallel2serial_0/inst/serial_start[0]_INST_0_i_9/O
                         net (fo=1, routed)           0.471     4.138    paralle_serial_sys_i/parallel2serial_0/inst/serial_start[0]_INST_0_i_9_n_0
    SLICE_X2Y13          LUT4 (Prop_lut4_I2_O)        0.124     4.262 f  paralle_serial_sys_i/parallel2serial_0/inst/serial_start[0]_INST_0_i_1/O
                         net (fo=3, routed)           0.609     4.872    paralle_serial_sys_i/parallel2serial_0/inst/serial_start[0]_INST_0_i_1_n_0
    SLICE_X2Y11          LUT6 (Prop_lut6_I0_O)        0.124     4.996 f  paralle_serial_sys_i/parallel2serial_0/inst/serial_start[0]_INST_0/O
                         net (fo=97, routed)          0.953     5.948    paralle_serial_sys_i/serial2parallel_0/inst/serial_start[0]
    SLICE_X5Y9           LUT2 (Prop_lut2_I1_O)        0.124     6.072 r  paralle_serial_sys_i/serial2parallel_0/inst/counter[4]_i_3/O
                         net (fo=1, routed)           0.465     6.537    paralle_serial_sys_i/serial2parallel_0/inst/next_counter_1_fu_135_p3[0]
    SLICE_X6Y8           CARRY4 (Prop_carry4_CYINIT_CO[3])
                                                      0.595     7.132 r  paralle_serial_sys_i/serial2parallel_0/inst/counter_reg[4]_i_2/CO[3]
                         net (fo=1, routed)           0.000     7.132    paralle_serial_sys_i/serial2parallel_0/inst/counter_reg[4]_i_2_n_0
    SLICE_X6Y9           CARRY4 (Prop_carry4_CI_CO[3])
                                                      0.117     7.249 r  paralle_serial_sys_i/serial2parallel_0/inst/counter_reg[8]_i_2/CO[3]
                         net (fo=1, routed)           0.000     7.249    paralle_serial_sys_i/serial2parallel_0/inst/counter_reg[8]_i_2_n_0
    SLICE_X6Y10          CARRY4 (Prop_carry4_CI_CO[3])
                                                      0.117     7.366 r  paralle_serial_sys_i/serial2parallel_0/inst/counter_reg[12]_i_2/CO[3]
                         net (fo=1, routed)           0.000     7.366    paralle_serial_sys_i/serial2parallel_0/inst/counter_reg[12]_i_2_n_0
    SLICE_X6Y11          CARRY4 (Prop_carry4_CI_CO[3])
                                                      0.117     7.483 r  paralle_serial_sys_i/serial2parallel_0/inst/counter_reg[16]_i_2/CO[3]
                         net (fo=1, routed)           0.000     7.483    paralle_serial_sys_i/serial2parallel_0/inst/counter_reg[16]_i_2_n_0
    SLICE_X6Y12          CARRY4 (Prop_carry4_CI_CO[3])
                                                      0.117     7.600 r  paralle_serial_sys_i/serial2parallel_0/inst/counter_reg[20]_i_2/CO[3]
                         net (fo=1, routed)           0.000     7.600    paralle_serial_sys_i/serial2parallel_0/inst/counter_reg[20]_i_2_n_0
    SLICE_X6Y13          CARRY4 (Prop_carry4_CI_O[3])
                                                      0.315     7.915 r  paralle_serial_sys_i/serial2parallel_0/inst/counter_reg[24]_i_2/O[3]
                         net (fo=1, routed)           0.626     8.541    paralle_serial_sys_i/serial2parallel_0/inst/next_counter_3_fu_180_p2[24]
    SLICE_X7Y13          LUT6 (Prop_lut6_I5_O)        0.307     8.848 r  paralle_serial_sys_i/serial2parallel_0/inst/counter[24]_i_1/O
                         net (fo=1, routed)           0.000     8.848    paralle_serial_sys_i/serial2parallel_0/inst/counter[24]_i_1_n_0
    SLICE_X7Y13          FDRE                                         r  paralle_serial_sys_i/serial2parallel_0/inst/counter_reg[24]/D
  -------------------------------------------------------------------    -------------------

                         (clock sys_clk_pin rise edge)
                                                      0.000     0.000 r  
    W5                                                0.000     0.000 r  ap_clk (IN)
                         net (fo=0)                   0.000     0.000    ap_clk
    W5                   IBUF (Prop_ibuf_I_O)         1.388     1.388 r  ap_clk_IBUF_inst/O
                         net (fo=1, routed)           1.862     3.250    ap_clk_IBUF
    BUFGCTRL_X0Y0        BUFG (Prop_bufg_I_O)         0.091     3.341 r  ap_clk_IBUF_BUFG_inst/O
                         net (fo=79, routed)          1.512     4.853    paralle_serial_sys_i/serial2parallel_0/inst/ap_clk
    SLICE_X7Y13          FDRE                                         r  paralle_serial_sys_i/serial2parallel_0/inst/counter_reg[24]/C

Slack:                    inf
  Source:                 begin_conversion
                            (input port)
  Destination:            paralle_serial_sys_i/serial2parallel_0/inst/counter_reg[30]/D
                            (rising edge-triggered cell FDRE clocked by sys_clk_pin  {rise@0.000ns fall@5.000ns period=10.000ns})
  Path Group:             (none)
  Path Type:              Setup (Max at Slow Process Corner)
  Data Path Delay:        8.807ns  (logic 3.876ns (44.008%)  route 4.931ns (55.992%))
  Logic Levels:           14  (CARRY4=8 IBUF=1 LUT2=1 LUT4=1 LUT5=1 LUT6=2)
  Clock Path Skew:        4.852ns (DCD - SCD + CPR)
    Destination Clock Delay (DCD):    4.852ns
    Source Clock Delay      (SCD):    0.000ns
    Clock Pessimism Removal (CPR):    0.000ns
  Clock Uncertainty:      0.025ns  ((TSJ^2 + TIJ^2)^1/2 + DJ) / 2 + PE
    Total System Jitter     (TSJ):    0.050ns
    Total Input Jitter      (TIJ):    0.000ns
    Discrete Jitter          (DJ):    0.000ns
    Phase Error              (PE):    0.000ns

    Location             Delay type                Incr(ns)  Path(ns)    Netlist Resource(s)
  -------------------------------------------------------------------    -------------------
    T18                                               0.000     0.000 f  begin_conversion (IN)
                         net (fo=0)                   0.000     0.000    begin_conversion
    T18                  IBUF (Prop_ibuf_I_O)         1.454     1.454 f  begin_conversion_IBUF_inst/O
                         net (fo=65, routed)          2.089     3.543    paralle_serial_sys_i/parallel2serial_0/inst/begin_r[0]
    SLICE_X2Y14          LUT5 (Prop_lut5_I3_O)        0.124     3.667 r  paralle_serial_sys_i/parallel2serial_0/inst/serial_start[0]_INST_0_i_9/O
                         net (fo=1, routed)           0.471     4.138    paralle_serial_sys_i/parallel2serial_0/inst/serial_start[0]_INST_0_i_9_n_0
    SLICE_X2Y13          LUT4 (Prop_lut4_I2_O)        0.124     4.262 f  paralle_serial_sys_i/parallel2serial_0/inst/serial_start[0]_INST_0_i_1/O
                         net (fo=3, routed)           0.609     4.872    paralle_serial_sys_i/parallel2serial_0/inst/serial_start[0]_INST_0_i_1_n_0
    SLICE_X2Y11          LUT6 (Prop_lut6_I0_O)        0.124     4.996 f  paralle_serial_sys_i/parallel2serial_0/inst/serial_start[0]_INST_0/O
                         net (fo=97, routed)          0.953     5.948    paralle_serial_sys_i/serial2parallel_0/inst/serial_start[0]
    SLICE_X5Y9           LUT2 (Prop_lut2_I1_O)        0.124     6.072 r  paralle_serial_sys_i/serial2parallel_0/inst/counter[4]_i_3/O
                         net (fo=1, routed)           0.465     6.537    paralle_serial_sys_i/serial2parallel_0/inst/next_counter_1_fu_135_p3[0]
    SLICE_X6Y8           CARRY4 (Prop_carry4_CYINIT_CO[3])
                                                      0.595     7.132 r  paralle_serial_sys_i/serial2parallel_0/inst/counter_reg[4]_i_2/CO[3]
                         net (fo=1, routed)           0.000     7.132    paralle_serial_sys_i/serial2parallel_0/inst/counter_reg[4]_i_2_n_0
    SLICE_X6Y9           CARRY4 (Prop_carry4_CI_CO[3])
                                                      0.117     7.249 r  paralle_serial_sys_i/serial2parallel_0/inst/counter_reg[8]_i_2/CO[3]
                         net (fo=1, routed)           0.000     7.249    paralle_serial_sys_i/serial2parallel_0/inst/counter_reg[8]_i_2_n_0
    SLICE_X6Y10          CARRY4 (Prop_carry4_CI_CO[3])
                                                      0.117     7.366 r  paralle_serial_sys_i/serial2parallel_0/inst/counter_reg[12]_i_2/CO[3]
                         net (fo=1, routed)           0.000     7.366    paralle_serial_sys_i/serial2parallel_0/inst/counter_reg[12]_i_2_n_0
    SLICE_X6Y11          CARRY4 (Prop_carry4_CI_CO[3])
                                                      0.117     7.483 r  paralle_serial_sys_i/serial2parallel_0/inst/counter_reg[16]_i_2/CO[3]
                         net (fo=1, routed)           0.000     7.483    paralle_serial_sys_i/serial2parallel_0/inst/counter_reg[16]_i_2_n_0
    SLICE_X6Y12          CARRY4 (Prop_carry4_CI_CO[3])
                                                      0.117     7.600 r  paralle_serial_sys_i/serial2parallel_0/inst/counter_reg[20]_i_2/CO[3]
                         net (fo=1, routed)           0.000     7.600    paralle_serial_sys_i/serial2parallel_0/inst/counter_reg[20]_i_2_n_0
    SLICE_X6Y13          CARRY4 (Prop_carry4_CI_CO[3])
                                                      0.117     7.717 r  paralle_serial_sys_i/serial2parallel_0/inst/counter_reg[24]_i_2/CO[3]
                         net (fo=1, routed)           0.000     7.717    paralle_serial_sys_i/serial2parallel_0/inst/counter_reg[24]_i_2_n_0
    SLICE_X6Y14          CARRY4 (Prop_carry4_CI_CO[3])
                                                      0.117     7.834 r  paralle_serial_sys_i/serial2parallel_0/inst/counter_reg[28]_i_2/CO[3]
                         net (fo=1, routed)           0.000     7.834    paralle_serial_sys_i/serial2parallel_0/inst/counter_reg[28]_i_2_n_0
    SLICE_X6Y15          CARRY4 (Prop_carry4_CI_O[1])
                                                      0.323     8.157 r  paralle_serial_sys_i/serial2parallel_0/inst/counter_reg[31]_i_4/O[1]
                         net (fo=1, routed)           0.344     8.501    paralle_serial_sys_i/serial2parallel_0/inst/next_counter_3_fu_180_p2[30]
    SLICE_X7Y15          LUT6 (Prop_lut6_I5_O)        0.306     8.807 r  paralle_serial_sys_i/serial2parallel_0/inst/counter[30]_i_1/O
                         net (fo=1, routed)           0.000     8.807    paralle_serial_sys_i/serial2parallel_0/inst/counter[30]_i_1_n_0
    SLICE_X7Y15          FDRE                                         r  paralle_serial_sys_i/serial2parallel_0/inst/counter_reg[30]/D
  -------------------------------------------------------------------    -------------------

                         (clock sys_clk_pin rise edge)
                                                      0.000     0.000 r  
    W5                                                0.000     0.000 r  ap_clk (IN)
                         net (fo=0)                   0.000     0.000    ap_clk
    W5                   IBUF (Prop_ibuf_I_O)         1.388     1.388 r  ap_clk_IBUF_inst/O
                         net (fo=1, routed)           1.862     3.250    ap_clk_IBUF
    BUFGCTRL_X0Y0        BUFG (Prop_bufg_I_O)         0.091     3.341 r  ap_clk_IBUF_BUFG_inst/O
                         net (fo=79, routed)          1.511     4.852    paralle_serial_sys_i/serial2parallel_0/inst/ap_clk
    SLICE_X7Y15          FDRE                                         r  paralle_serial_sys_i/serial2parallel_0/inst/counter_reg[30]/C

Slack:                    inf
  Source:                 begin_conversion
                            (input port)
  Destination:            paralle_serial_sys_i/serial2parallel_0/inst/counter_reg[21]/D
                            (rising edge-triggered cell FDRE clocked by sys_clk_pin  {rise@0.000ns fall@5.000ns period=10.000ns})
  Path Group:             (none)
  Path Type:              Setup (Max at Slow Process Corner)
  Data Path Delay:        8.739ns  (logic 3.527ns (40.355%)  route 5.213ns (59.645%))
  Logic Levels:           12  (CARRY4=6 IBUF=1 LUT2=1 LUT4=1 LUT5=1 LUT6=2)
  Clock Path Skew:        4.853ns (DCD - SCD + CPR)
    Destination Clock Delay (DCD):    4.853ns
    Source Clock Delay      (SCD):    0.000ns
    Clock Pessimism Removal (CPR):    0.000ns
  Clock Uncertainty:      0.025ns  ((TSJ^2 + TIJ^2)^1/2 + DJ) / 2 + PE
    Total System Jitter     (TSJ):    0.050ns
    Total Input Jitter      (TIJ):    0.000ns
    Discrete Jitter          (DJ):    0.000ns
    Phase Error              (PE):    0.000ns

    Location             Delay type                Incr(ns)  Path(ns)    Netlist Resource(s)
  -------------------------------------------------------------------    -------------------
    T18                                               0.000     0.000 f  begin_conversion (IN)
                         net (fo=0)                   0.000     0.000    begin_conversion
    T18                  IBUF (Prop_ibuf_I_O)         1.454     1.454 f  begin_conversion_IBUF_inst/O
                         net (fo=65, routed)          2.089     3.543    paralle_serial_sys_i/parallel2serial_0/inst/begin_r[0]
    SLICE_X2Y14          LUT5 (Prop_lut5_I3_O)        0.124     3.667 r  paralle_serial_sys_i/parallel2serial_0/inst/serial_start[0]_INST_0_i_9/O
                         net (fo=1, routed)           0.471     4.138    paralle_serial_sys_i/parallel2serial_0/inst/serial_start[0]_INST_0_i_9_n_0
    SLICE_X2Y13          LUT4 (Prop_lut4_I2_O)        0.124     4.262 f  paralle_serial_sys_i/parallel2serial_0/inst/serial_start[0]_INST_0_i_1/O
                         net (fo=3, routed)           0.609     4.872    paralle_serial_sys_i/parallel2serial_0/inst/serial_start[0]_INST_0_i_1_n_0
    SLICE_X2Y11          LUT6 (Prop_lut6_I0_O)        0.124     4.996 f  paralle_serial_sys_i/parallel2serial_0/inst/serial_start[0]_INST_0/O
                         net (fo=97, routed)          0.953     5.948    paralle_serial_sys_i/serial2parallel_0/inst/serial_start[0]
    SLICE_X5Y9           LUT2 (Prop_lut2_I1_O)        0.124     6.072 r  paralle_serial_sys_i/serial2parallel_0/inst/counter[4]_i_3/O
                         net (fo=1, routed)           0.465     6.537    paralle_serial_sys_i/serial2parallel_0/inst/next_counter_1_fu_135_p3[0]
    SLICE_X6Y8           CARRY4 (Prop_carry4_CYINIT_CO[3])
                                                      0.595     7.132 r  paralle_serial_sys_i/serial2parallel_0/inst/counter_reg[4]_i_2/CO[3]
                         net (fo=1, routed)           0.000     7.132    paralle_serial_sys_i/serial2parallel_0/inst/counter_reg[4]_i_2_n_0
    SLICE_X6Y9           CARRY4 (Prop_carry4_CI_CO[3])
                                                      0.117     7.249 r  paralle_serial_sys_i/serial2parallel_0/inst/counter_reg[8]_i_2/CO[3]
                         net (fo=1, routed)           0.000     7.249    paralle_serial_sys_i/serial2parallel_0/inst/counter_reg[8]_i_2_n_0
    SLICE_X6Y10          CARRY4 (Prop_carry4_CI_CO[3])
                                                      0.117     7.366 r  paralle_serial_sys_i/serial2parallel_0/inst/counter_reg[12]_i_2/CO[3]
                         net (fo=1, routed)           0.000     7.366    paralle_serial_sys_i/serial2parallel_0/inst/counter_reg[12]_i_2_n_0
    SLICE_X6Y11          CARRY4 (Prop_carry4_CI_CO[3])
                                                      0.117     7.483 r  paralle_serial_sys_i/serial2parallel_0/inst/counter_reg[16]_i_2/CO[3]
                         net (fo=1, routed)           0.000     7.483    paralle_serial_sys_i/serial2parallel_0/inst/counter_reg[16]_i_2_n_0
    SLICE_X6Y12          CARRY4 (Prop_carry4_CI_CO[3])
                                                      0.117     7.600 r  paralle_serial_sys_i/serial2parallel_0/inst/counter_reg[20]_i_2/CO[3]
                         net (fo=1, routed)           0.000     7.600    paralle_serial_sys_i/serial2parallel_0/inst/counter_reg[20]_i_2_n_0
    SLICE_X6Y13          CARRY4 (Prop_carry4_CI_O[0])
                                                      0.219     7.819 r  paralle_serial_sys_i/serial2parallel_0/inst/counter_reg[24]_i_2/O[0]
                         net (fo=1, routed)           0.625     8.444    paralle_serial_sys_i/serial2parallel_0/inst/next_counter_3_fu_180_p2[21]
    SLICE_X7Y13          LUT6 (Prop_lut6_I5_O)        0.295     8.739 r  paralle_serial_sys_i/serial2parallel_0/inst/counter[21]_i_1/O
                         net (fo=1, routed)           0.000     8.739    paralle_serial_sys_i/serial2parallel_0/inst/counter[21]_i_1_n_0
    SLICE_X7Y13          FDRE                                         r  paralle_serial_sys_i/serial2parallel_0/inst/counter_reg[21]/D
  -------------------------------------------------------------------    -------------------

                         (clock sys_clk_pin rise edge)
                                                      0.000     0.000 r  
    W5                                                0.000     0.000 r  ap_clk (IN)
                         net (fo=0)                   0.000     0.000    ap_clk
    W5                   IBUF (Prop_ibuf_I_O)         1.388     1.388 r  ap_clk_IBUF_inst/O
                         net (fo=1, routed)           1.862     3.250    ap_clk_IBUF
    BUFGCTRL_X0Y0        BUFG (Prop_bufg_I_O)         0.091     3.341 r  ap_clk_IBUF_BUFG_inst/O
                         net (fo=79, routed)          1.512     4.853    paralle_serial_sys_i/serial2parallel_0/inst/ap_clk
    SLICE_X7Y13          FDRE                                         r  paralle_serial_sys_i/serial2parallel_0/inst/counter_reg[21]/C

Slack:                    inf
  Source:                 begin_conversion
                            (input port)
  Destination:            paralle_serial_sys_i/serial2parallel_0/inst/counter_reg[20]/D
                            (rising edge-triggered cell FDRE clocked by sys_clk_pin  {rise@0.000ns fall@5.000ns period=10.000ns})
  Path Group:             (none)
  Path Type:              Setup (Max at Slow Process Corner)
  Data Path Delay:        8.731ns  (logic 3.518ns (40.293%)  route 5.213ns (59.707%))
  Logic Levels:           11  (CARRY4=5 IBUF=1 LUT2=1 LUT4=1 LUT5=1 LUT6=2)
  Clock Path Skew:        4.854ns (DCD - SCD + CPR)
    Destination Clock Delay (DCD):    4.854ns
    Source Clock Delay      (SCD):    0.000ns
    Clock Pessimism Removal (CPR):    0.000ns
  Clock Uncertainty:      0.025ns  ((TSJ^2 + TIJ^2)^1/2 + DJ) / 2 + PE
    Total System Jitter     (TSJ):    0.050ns
    Total Input Jitter      (TIJ):    0.000ns
    Discrete Jitter          (DJ):    0.000ns
    Phase Error              (PE):    0.000ns

    Location             Delay type                Incr(ns)  Path(ns)    Netlist Resource(s)
  -------------------------------------------------------------------    -------------------
    T18                                               0.000     0.000 f  begin_conversion (IN)
                         net (fo=0)                   0.000     0.000    begin_conversion
    T18                  IBUF (Prop_ibuf_I_O)         1.454     1.454 f  begin_conversion_IBUF_inst/O
                         net (fo=65, routed)          2.089     3.543    paralle_serial_sys_i/parallel2serial_0/inst/begin_r[0]
    SLICE_X2Y14          LUT5 (Prop_lut5_I3_O)        0.124     3.667 r  paralle_serial_sys_i/parallel2serial_0/inst/serial_start[0]_INST_0_i_9/O
                         net (fo=1, routed)           0.471     4.138    paralle_serial_sys_i/parallel2serial_0/inst/serial_start[0]_INST_0_i_9_n_0
    SLICE_X2Y13          LUT4 (Prop_lut4_I2_O)        0.124     4.262 f  paralle_serial_sys_i/parallel2serial_0/inst/serial_start[0]_INST_0_i_1/O
                         net (fo=3, routed)           0.609     4.872    paralle_serial_sys_i/parallel2serial_0/inst/serial_start[0]_INST_0_i_1_n_0
    SLICE_X2Y11          LUT6 (Prop_lut6_I0_O)        0.124     4.996 f  paralle_serial_sys_i/parallel2serial_0/inst/serial_start[0]_INST_0/O
                         net (fo=97, routed)          0.953     5.948    paralle_serial_sys_i/serial2parallel_0/inst/serial_start[0]
    SLICE_X5Y9           LUT2 (Prop_lut2_I1_O)        0.124     6.072 r  paralle_serial_sys_i/serial2parallel_0/inst/counter[4]_i_3/O
                         net (fo=1, routed)           0.465     6.537    paralle_serial_sys_i/serial2parallel_0/inst/next_counter_1_fu_135_p3[0]
    SLICE_X6Y8           CARRY4 (Prop_carry4_CYINIT_CO[3])
                                                      0.595     7.132 r  paralle_serial_sys_i/serial2parallel_0/inst/counter_reg[4]_i_2/CO[3]
                         net (fo=1, routed)           0.000     7.132    paralle_serial_sys_i/serial2parallel_0/inst/counter_reg[4]_i_2_n_0
    SLICE_X6Y9           CARRY4 (Prop_carry4_CI_CO[3])
                                                      0.117     7.249 r  paralle_serial_sys_i/serial2parallel_0/inst/counter_reg[8]_i_2/CO[3]
                         net (fo=1, routed)           0.000     7.249    paralle_serial_sys_i/serial2parallel_0/inst/counter_reg[8]_i_2_n_0
    SLICE_X6Y10          CARRY4 (Prop_carry4_CI_CO[3])
                                                      0.117     7.366 r  paralle_serial_sys_i/serial2parallel_0/inst/counter_reg[12]_i_2/CO[3]
                         net (fo=1, routed)           0.000     7.366    paralle_serial_sys_i/serial2parallel_0/inst/counter_reg[12]_i_2_n_0
    SLICE_X6Y11          CARRY4 (Prop_carry4_CI_CO[3])
                                                      0.117     7.483 r  paralle_serial_sys_i/serial2parallel_0/inst/counter_reg[16]_i_2/CO[3]
                         net (fo=1, routed)           0.000     7.483    paralle_serial_sys_i/serial2parallel_0/inst/counter_reg[16]_i_2_n_0
    SLICE_X6Y12          CARRY4 (Prop_carry4_CI_O[3])
                                                      0.315     7.798 r  paralle_serial_sys_i/serial2parallel_0/inst/counter_reg[20]_i_2/O[3]
                         net (fo=1, routed)           0.626     8.424    paralle_serial_sys_i/serial2parallel_0/inst/next_counter_3_fu_180_p2[20]
    SLICE_X7Y12          LUT6 (Prop_lut6_I5_O)        0.307     8.731 r  paralle_serial_sys_i/serial2parallel_0/inst/counter[20]_i_1/O
                         net (fo=1, routed)           0.000     8.731    paralle_serial_sys_i/serial2parallel_0/inst/counter[20]_i_1_n_0
    SLICE_X7Y12          FDRE                                         r  paralle_serial_sys_i/serial2parallel_0/inst/counter_reg[20]/D
  -------------------------------------------------------------------    -------------------

                         (clock sys_clk_pin rise edge)
                                                      0.000     0.000 r  
    W5                                                0.000     0.000 r  ap_clk (IN)
                         net (fo=0)                   0.000     0.000    ap_clk
    W5                   IBUF (Prop_ibuf_I_O)         1.388     1.388 r  ap_clk_IBUF_inst/O
                         net (fo=1, routed)           1.862     3.250    ap_clk_IBUF
    BUFGCTRL_X0Y0        BUFG (Prop_bufg_I_O)         0.091     3.341 r  ap_clk_IBUF_BUFG_inst/O
                         net (fo=79, routed)          1.513     4.854    paralle_serial_sys_i/serial2parallel_0/inst/ap_clk
    SLICE_X7Y12          FDRE                                         r  paralle_serial_sys_i/serial2parallel_0/inst/counter_reg[20]/C

Slack:                    inf
  Source:                 begin_conversion
                            (input port)
  Destination:            paralle_serial_sys_i/serial2parallel_0/inst/counter_reg[31]/D
                            (rising edge-triggered cell FDRE clocked by sys_clk_pin  {rise@0.000ns fall@5.000ns period=10.000ns})
  Path Group:             (none)
  Path Type:              Setup (Max at Slow Process Corner)
  Data Path Delay:        8.715ns  (logic 3.787ns (43.449%)  route 4.929ns (56.551%))
  Logic Levels:           14  (CARRY4=8 IBUF=1 LUT2=1 LUT4=1 LUT5=1 LUT6=2)
  Clock Path Skew:        4.852ns (DCD - SCD + CPR)
    Destination Clock Delay (DCD):    4.852ns
    Source Clock Delay      (SCD):    0.000ns
    Clock Pessimism Removal (CPR):    0.000ns
  Clock Uncertainty:      0.025ns  ((TSJ^2 + TIJ^2)^1/2 + DJ) / 2 + PE
    Total System Jitter     (TSJ):    0.050ns
    Total Input Jitter      (TIJ):    0.000ns
    Discrete Jitter          (DJ):    0.000ns
    Phase Error              (PE):    0.000ns

    Location             Delay type                Incr(ns)  Path(ns)    Netlist Resource(s)
  -------------------------------------------------------------------    -------------------
    T18                                               0.000     0.000 f  begin_conversion (IN)
                         net (fo=0)                   0.000     0.000    begin_conversion
    T18                  IBUF (Prop_ibuf_I_O)         1.454     1.454 f  begin_conversion_IBUF_inst/O
                         net (fo=65, routed)          2.089     3.543    paralle_serial_sys_i/parallel2serial_0/inst/begin_r[0]
    SLICE_X2Y14          LUT5 (Prop_lut5_I3_O)        0.124     3.667 r  paralle_serial_sys_i/parallel2serial_0/inst/serial_start[0]_INST_0_i_9/O
                         net (fo=1, routed)           0.471     4.138    paralle_serial_sys_i/parallel2serial_0/inst/serial_start[0]_INST_0_i_9_n_0
    SLICE_X2Y13          LUT4 (Prop_lut4_I2_O)        0.124     4.262 f  paralle_serial_sys_i/parallel2serial_0/inst/serial_start[0]_INST_0_i_1/O
                         net (fo=3, routed)           0.609     4.872    paralle_serial_sys_i/parallel2serial_0/inst/serial_start[0]_INST_0_i_1_n_0
    SLICE_X2Y11          LUT6 (Prop_lut6_I0_O)        0.124     4.996 f  paralle_serial_sys_i/parallel2serial_0/inst/serial_start[0]_INST_0/O
                         net (fo=97, routed)          0.953     5.948    paralle_serial_sys_i/serial2parallel_0/inst/serial_start[0]
    SLICE_X5Y9           LUT2 (Prop_lut2_I1_O)        0.124     6.072 r  paralle_serial_sys_i/serial2parallel_0/inst/counter[4]_i_3/O
                         net (fo=1, routed)           0.465     6.537    paralle_serial_sys_i/serial2parallel_0/inst/next_counter_1_fu_135_p3[0]
    SLICE_X6Y8           CARRY4 (Prop_carry4_CYINIT_CO[3])
                                                      0.595     7.132 r  paralle_serial_sys_i/serial2parallel_0/inst/counter_reg[4]_i_2/CO[3]
                         net (fo=1, routed)           0.000     7.132    paralle_serial_sys_i/serial2parallel_0/inst/counter_reg[4]_i_2_n_0
    SLICE_X6Y9           CARRY4 (Prop_carry4_CI_CO[3])
                                                      0.117     7.249 r  paralle_serial_sys_i/serial2parallel_0/inst/counter_reg[8]_i_2/CO[3]
                         net (fo=1, routed)           0.000     7.249    paralle_serial_sys_i/serial2parallel_0/inst/counter_reg[8]_i_2_n_0
    SLICE_X6Y10          CARRY4 (Prop_carry4_CI_CO[3])
                                                      0.117     7.366 r  paralle_serial_sys_i/serial2parallel_0/inst/counter_reg[12]_i_2/CO[3]
                         net (fo=1, routed)           0.000     7.366    paralle_serial_sys_i/serial2parallel_0/inst/counter_reg[12]_i_2_n_0
    SLICE_X6Y11          CARRY4 (Prop_carry4_CI_CO[3])
                                                      0.117     7.483 r  paralle_serial_sys_i/serial2parallel_0/inst/counter_reg[16]_i_2/CO[3]
                         net (fo=1, routed)           0.000     7.483    paralle_serial_sys_i/serial2parallel_0/inst/counter_reg[16]_i_2_n_0
    SLICE_X6Y12          CARRY4 (Prop_carry4_CI_CO[3])
                                                      0.117     7.600 r  paralle_serial_sys_i/serial2parallel_0/inst/counter_reg[20]_i_2/CO[3]
                         net (fo=1, routed)           0.000     7.600    paralle_serial_sys_i/serial2parallel_0/inst/counter_reg[20]_i_2_n_0
    SLICE_X6Y13          CARRY4 (Prop_carry4_CI_CO[3])
                                                      0.117     7.717 r  paralle_serial_sys_i/serial2parallel_0/inst/counter_reg[24]_i_2/CO[3]
                         net (fo=1, routed)           0.000     7.717    paralle_serial_sys_i/serial2parallel_0/inst/counter_reg[24]_i_2_n_0
    SLICE_X6Y14          CARRY4 (Prop_carry4_CI_CO[3])
                                                      0.117     7.834 r  paralle_serial_sys_i/serial2parallel_0/inst/counter_reg[28]_i_2/CO[3]
                         net (fo=1, routed)           0.000     7.834    paralle_serial_sys_i/serial2parallel_0/inst/counter_reg[28]_i_2_n_0
    SLICE_X6Y15          CARRY4 (Prop_carry4_CI_O[2])
                                                      0.239     8.073 r  paralle_serial_sys_i/serial2parallel_0/inst/counter_reg[31]_i_4/O[2]
                         net (fo=1, routed)           0.341     8.414    paralle_serial_sys_i/serial2parallel_0/inst/next_counter_3_fu_180_p2[31]
    SLICE_X7Y15          LUT6 (Prop_lut6_I5_O)        0.301     8.715 r  paralle_serial_sys_i/serial2parallel_0/inst/counter[31]_i_1/O
                         net (fo=1, routed)           0.000     8.715    paralle_serial_sys_i/serial2parallel_0/inst/counter[31]_i_1_n_0
    SLICE_X7Y15          FDRE                                         r  paralle_serial_sys_i/serial2parallel_0/inst/counter_reg[31]/D
  -------------------------------------------------------------------    -------------------

                         (clock sys_clk_pin rise edge)
                                                      0.000     0.000 r  
    W5                                                0.000     0.000 r  ap_clk (IN)
                         net (fo=0)                   0.000     0.000    ap_clk
    W5                   IBUF (Prop_ibuf_I_O)         1.388     1.388 r  ap_clk_IBUF_inst/O
                         net (fo=1, routed)           1.862     3.250    ap_clk_IBUF
    BUFGCTRL_X0Y0        BUFG (Prop_bufg_I_O)         0.091     3.341 r  ap_clk_IBUF_BUFG_inst/O
                         net (fo=79, routed)          1.511     4.852    paralle_serial_sys_i/serial2parallel_0/inst/ap_clk
    SLICE_X7Y15          FDRE                                         r  paralle_serial_sys_i/serial2parallel_0/inst/counter_reg[31]/C

Slack:                    inf
  Source:                 begin_conversion
                            (input port)
  Destination:            paralle_serial_sys_i/serial2parallel_0/inst/counter_reg[26]/D
                            (rising edge-triggered cell FDRE clocked by sys_clk_pin  {rise@0.000ns fall@5.000ns period=10.000ns})
  Path Group:             (none)
  Path Type:              Setup (Max at Slow Process Corner)
  Data Path Delay:        8.690ns  (logic 3.759ns (43.255%)  route 4.931ns (56.745%))
  Logic Levels:           13  (CARRY4=7 IBUF=1 LUT2=1 LUT4=1 LUT5=1 LUT6=2)
  Clock Path Skew:        4.853ns (DCD - SCD + CPR)
    Destination Clock Delay (DCD):    4.853ns
    Source Clock Delay      (SCD):    0.000ns
    Clock Pessimism Removal (CPR):    0.000ns
  Clock Uncertainty:      0.025ns  ((TSJ^2 + TIJ^2)^1/2 + DJ) / 2 + PE
    Total System Jitter     (TSJ):    0.050ns
    Total Input Jitter      (TIJ):    0.000ns
    Discrete Jitter          (DJ):    0.000ns
    Phase Error              (PE):    0.000ns

    Location             Delay type                Incr(ns)  Path(ns)    Netlist Resource(s)
  -------------------------------------------------------------------    -------------------
    T18                                               0.000     0.000 f  begin_conversion (IN)
                         net (fo=0)                   0.000     0.000    begin_conversion
    T18                  IBUF (Prop_ibuf_I_O)         1.454     1.454 f  begin_conversion_IBUF_inst/O
                         net (fo=65, routed)          2.089     3.543    paralle_serial_sys_i/parallel2serial_0/inst/begin_r[0]
    SLICE_X2Y14          LUT5 (Prop_lut5_I3_O)        0.124     3.667 r  paralle_serial_sys_i/parallel2serial_0/inst/serial_start[0]_INST_0_i_9/O
                         net (fo=1, routed)           0.471     4.138    paralle_serial_sys_i/parallel2serial_0/inst/serial_start[0]_INST_0_i_9_n_0
    SLICE_X2Y13          LUT4 (Prop_lut4_I2_O)        0.124     4.262 f  paralle_serial_sys_i/parallel2serial_0/inst/serial_start[0]_INST_0_i_1/O
                         net (fo=3, routed)           0.609     4.872    paralle_serial_sys_i/parallel2serial_0/inst/serial_start[0]_INST_0_i_1_n_0
    SLICE_X2Y11          LUT6 (Prop_lut6_I0_O)        0.124     4.996 f  paralle_serial_sys_i/parallel2serial_0/inst/serial_start[0]_INST_0/O
                         net (fo=97, routed)          0.953     5.948    paralle_serial_sys_i/serial2parallel_0/inst/serial_start[0]
    SLICE_X5Y9           LUT2 (Prop_lut2_I1_O)        0.124     6.072 r  paralle_serial_sys_i/serial2parallel_0/inst/counter[4]_i_3/O
                         net (fo=1, routed)           0.465     6.537    paralle_serial_sys_i/serial2parallel_0/inst/next_counter_1_fu_135_p3[0]
    SLICE_X6Y8           CARRY4 (Prop_carry4_CYINIT_CO[3])
                                                      0.595     7.132 r  paralle_serial_sys_i/serial2parallel_0/inst/counter_reg[4]_i_2/CO[3]
                         net (fo=1, routed)           0.000     7.132    paralle_serial_sys_i/serial2parallel_0/inst/counter_reg[4]_i_2_n_0
    SLICE_X6Y9           CARRY4 (Prop_carry4_CI_CO[3])
                                                      0.117     7.249 r  paralle_serial_sys_i/serial2parallel_0/inst/counter_reg[8]_i_2/CO[3]
                         net (fo=1, routed)           0.000     7.249    paralle_serial_sys_i/serial2parallel_0/inst/counter_reg[8]_i_2_n_0
    SLICE_X6Y10          CARRY4 (Prop_carry4_CI_CO[3])
                                                      0.117     7.366 r  paralle_serial_sys_i/serial2parallel_0/inst/counter_reg[12]_i_2/CO[3]
                         net (fo=1, routed)           0.000     7.366    paralle_serial_sys_i/serial2parallel_0/inst/counter_reg[12]_i_2_n_0
    SLICE_X6Y11          CARRY4 (Prop_carry4_CI_CO[3])
                                                      0.117     7.483 r  paralle_serial_sys_i/serial2parallel_0/inst/counter_reg[16]_i_2/CO[3]
                         net (fo=1, routed)           0.000     7.483    paralle_serial_sys_i/serial2parallel_0/inst/counter_reg[16]_i_2_n_0
    SLICE_X6Y12          CARRY4 (Prop_carry4_CI_CO[3])
                                                      0.117     7.600 r  paralle_serial_sys_i/serial2parallel_0/inst/counter_reg[20]_i_2/CO[3]
                         net (fo=1, routed)           0.000     7.600    paralle_serial_sys_i/serial2parallel_0/inst/counter_reg[20]_i_2_n_0
    SLICE_X6Y13          CARRY4 (Prop_carry4_CI_CO[3])
                                                      0.117     7.717 r  paralle_serial_sys_i/serial2parallel_0/inst/counter_reg[24]_i_2/CO[3]
                         net (fo=1, routed)           0.000     7.717    paralle_serial_sys_i/serial2parallel_0/inst/counter_reg[24]_i_2_n_0
    SLICE_X6Y14          CARRY4 (Prop_carry4_CI_O[1])
                                                      0.323     8.040 r  paralle_serial_sys_i/serial2parallel_0/inst/counter_reg[28]_i_2/O[1]
                         net (fo=1, routed)           0.344     8.384    paralle_serial_sys_i/serial2parallel_0/inst/next_counter_3_fu_180_p2[26]
    SLICE_X7Y14          LUT6 (Prop_lut6_I5_O)        0.306     8.690 r  paralle_serial_sys_i/serial2parallel_0/inst/counter[26]_i_1/O
                         net (fo=1, routed)           0.000     8.690    paralle_serial_sys_i/serial2parallel_0/inst/counter[26]_i_1_n_0
    SLICE_X7Y14          FDRE                                         r  paralle_serial_sys_i/serial2parallel_0/inst/counter_reg[26]/D
  -------------------------------------------------------------------    -------------------

                         (clock sys_clk_pin rise edge)
                                                      0.000     0.000 r  
    W5                                                0.000     0.000 r  ap_clk (IN)
                         net (fo=0)                   0.000     0.000    ap_clk
    W5                   IBUF (Prop_ibuf_I_O)         1.388     1.388 r  ap_clk_IBUF_inst/O
                         net (fo=1, routed)           1.862     3.250    ap_clk_IBUF
    BUFGCTRL_X0Y0        BUFG (Prop_bufg_I_O)         0.091     3.341 r  ap_clk_IBUF_BUFG_inst/O
                         net (fo=79, routed)          1.512     4.853    paralle_serial_sys_i/serial2parallel_0/inst/ap_clk
    SLICE_X7Y14          FDRE                                         r  paralle_serial_sys_i/serial2parallel_0/inst/counter_reg[26]/C

Slack:                    inf
  Source:                 begin_conversion
                            (input port)
  Destination:            paralle_serial_sys_i/serial2parallel_0/inst/counter_reg[16]/D
                            (rising edge-triggered cell FDRE clocked by sys_clk_pin  {rise@0.000ns fall@5.000ns period=10.000ns})
  Path Group:             (none)
  Path Type:              Setup (Max at Slow Process Corner)
  Data Path Delay:        8.627ns  (logic 3.401ns (39.421%)  route 5.226ns (60.579%))
  Logic Levels:           10  (CARRY4=4 IBUF=1 LUT2=1 LUT4=1 LUT5=1 LUT6=2)
  Clock Path Skew:        4.855ns (DCD - SCD + CPR)
    Destination Clock Delay (DCD):    4.855ns
    Source Clock Delay      (SCD):    0.000ns
    Clock Pessimism Removal (CPR):    0.000ns
  Clock Uncertainty:      0.025ns  ((TSJ^2 + TIJ^2)^1/2 + DJ) / 2 + PE
    Total System Jitter     (TSJ):    0.050ns
    Total Input Jitter      (TIJ):    0.000ns
    Discrete Jitter          (DJ):    0.000ns
    Phase Error              (PE):    0.000ns

    Location             Delay type                Incr(ns)  Path(ns)    Netlist Resource(s)
  -------------------------------------------------------------------    -------------------
    T18                                               0.000     0.000 f  begin_conversion (IN)
                         net (fo=0)                   0.000     0.000    begin_conversion
    T18                  IBUF (Prop_ibuf_I_O)         1.454     1.454 f  begin_conversion_IBUF_inst/O
                         net (fo=65, routed)          2.089     3.543    paralle_serial_sys_i/parallel2serial_0/inst/begin_r[0]
    SLICE_X2Y14          LUT5 (Prop_lut5_I3_O)        0.124     3.667 r  paralle_serial_sys_i/parallel2serial_0/inst/serial_start[0]_INST_0_i_9/O
                         net (fo=1, routed)           0.471     4.138    paralle_serial_sys_i/parallel2serial_0/inst/serial_start[0]_INST_0_i_9_n_0
    SLICE_X2Y13          LUT4 (Prop_lut4_I2_O)        0.124     4.262 f  paralle_serial_sys_i/parallel2serial_0/inst/serial_start[0]_INST_0_i_1/O
                         net (fo=3, routed)           0.609     4.872    paralle_serial_sys_i/parallel2serial_0/inst/serial_start[0]_INST_0_i_1_n_0
    SLICE_X2Y11          LUT6 (Prop_lut6_I0_O)        0.124     4.996 f  paralle_serial_sys_i/parallel2serial_0/inst/serial_start[0]_INST_0/O
                         net (fo=97, routed)          0.953     5.948    paralle_serial_sys_i/serial2parallel_0/inst/serial_start[0]
    SLICE_X5Y9           LUT2 (Prop_lut2_I1_O)        0.124     6.072 r  paralle_serial_sys_i/serial2parallel_0/inst/counter[4]_i_3/O
                         net (fo=1, routed)           0.465     6.537    paralle_serial_sys_i/serial2parallel_0/inst/next_counter_1_fu_135_p3[0]
    SLICE_X6Y8           CARRY4 (Prop_carry4_CYINIT_CO[3])
                                                      0.595     7.132 r  paralle_serial_sys_i/serial2parallel_0/inst/counter_reg[4]_i_2/CO[3]
                         net (fo=1, routed)           0.000     7.132    paralle_serial_sys_i/serial2parallel_0/inst/counter_reg[4]_i_2_n_0
    SLICE_X6Y9           CARRY4 (Prop_carry4_CI_CO[3])
                                                      0.117     7.249 r  paralle_serial_sys_i/serial2parallel_0/inst/counter_reg[8]_i_2/CO[3]
                         net (fo=1, routed)           0.000     7.249    paralle_serial_sys_i/serial2parallel_0/inst/counter_reg[8]_i_2_n_0
    SLICE_X6Y10          CARRY4 (Prop_carry4_CI_CO[3])
                                                      0.117     7.366 r  paralle_serial_sys_i/serial2parallel_0/inst/counter_reg[12]_i_2/CO[3]
                         net (fo=1, routed)           0.000     7.366    paralle_serial_sys_i/serial2parallel_0/inst/counter_reg[12]_i_2_n_0
    SLICE_X6Y11          CARRY4 (Prop_carry4_CI_O[3])
                                                      0.315     7.681 r  paralle_serial_sys_i/serial2parallel_0/inst/counter_reg[16]_i_2/O[3]
                         net (fo=1, routed)           0.639     8.320    paralle_serial_sys_i/serial2parallel_0/inst/next_counter_3_fu_180_p2[16]
    SLICE_X7Y11          LUT6 (Prop_lut6_I5_O)        0.307     8.627 r  paralle_serial_sys_i/serial2parallel_0/inst/counter[16]_i_1/O
                         net (fo=1, routed)           0.000     8.627    paralle_serial_sys_i/serial2parallel_0/inst/counter[16]_i_1_n_0
    SLICE_X7Y11          FDRE                                         r  paralle_serial_sys_i/serial2parallel_0/inst/counter_reg[16]/D
  -------------------------------------------------------------------    -------------------

                         (clock sys_clk_pin rise edge)
                                                      0.000     0.000 r  
    W5                                                0.000     0.000 r  ap_clk (IN)
                         net (fo=0)                   0.000     0.000    ap_clk
    W5                   IBUF (Prop_ibuf_I_O)         1.388     1.388 r  ap_clk_IBUF_inst/O
                         net (fo=1, routed)           1.862     3.250    ap_clk_IBUF
    BUFGCTRL_X0Y0        BUFG (Prop_bufg_I_O)         0.091     3.341 r  ap_clk_IBUF_BUFG_inst/O
                         net (fo=79, routed)          1.514     4.855    paralle_serial_sys_i/serial2parallel_0/inst/ap_clk
    SLICE_X7Y11          FDRE                                         r  paralle_serial_sys_i/serial2parallel_0/inst/counter_reg[16]/C





Min Delay Paths
--------------------------------------------------------------------------------------
Slack:                    inf
  Source:                 begin_conversion
                            (input port)
  Destination:            paralle_serial_sys_i/parallel2serial_0/inst/count_reg[25]/D
                            (rising edge-triggered cell FDRE clocked by sys_clk_pin  {rise@0.000ns fall@5.000ns period=10.000ns})
  Path Group:             (none)
  Path Type:              Hold (Min at Fast Process Corner)
  Data Path Delay:        0.736ns  (logic 0.337ns (45.745%)  route 0.400ns (54.255%))
  Logic Levels:           3  (CARRY4=1 IBUF=1 LUT2=1)
  Clock Path Skew:        1.987ns (DCD - SCD - CPR)
    Destination Clock Delay (DCD):    1.987ns
    Source Clock Delay      (SCD):    0.000ns
    Clock Pessimism Removal (CPR):    -0.000ns

    Location             Delay type                Incr(ns)  Path(ns)    Netlist Resource(s)
  -------------------------------------------------------------------    -------------------
    T18                                               0.000     0.000 f  begin_conversion (IN)
                         net (fo=0)                   0.000     0.000    begin_conversion
    T18                  IBUF (Prop_ibuf_I_O)         0.222     0.222 f  begin_conversion_IBUF_inst/O
                         net (fo=65, routed)          0.400     0.621    paralle_serial_sys_i/parallel2serial_0/inst/begin_r[0]
    SLICE_X1Y15          LUT2 (Prop_lut2_I1_O)        0.045     0.666 r  paralle_serial_sys_i/parallel2serial_0/inst/count[28]_i_5/O
                         net (fo=1, routed)           0.000     0.666    paralle_serial_sys_i/parallel2serial_0/inst/select_ln25_fu_107_p3[25]
    SLICE_X1Y15          CARRY4 (Prop_carry4_S[0]_O[0])
                                                      0.070     0.736 r  paralle_serial_sys_i/parallel2serial_0/inst/count_reg[28]_i_1/O[0]
                         net (fo=1, routed)           0.000     0.736    paralle_serial_sys_i/parallel2serial_0/inst/add_ln56_fu_147_p2[25]
    SLICE_X1Y15          FDRE                                         r  paralle_serial_sys_i/parallel2serial_0/inst/count_reg[25]/D
  -------------------------------------------------------------------    -------------------

                         (clock sys_clk_pin rise edge)
                                                      0.000     0.000 r  
    W5                                                0.000     0.000 r  ap_clk (IN)
                         net (fo=0)                   0.000     0.000    ap_clk
    W5                   IBUF (Prop_ibuf_I_O)         0.414     0.414 r  ap_clk_IBUF_inst/O
                         net (fo=1, routed)           0.685     1.099    ap_clk_IBUF
    BUFGCTRL_X0Y0        BUFG (Prop_bufg_I_O)         0.029     1.128 r  ap_clk_IBUF_BUFG_inst/O
                         net (fo=79, routed)          0.860     1.987    paralle_serial_sys_i/parallel2serial_0/inst/ap_clk
    SLICE_X1Y15          FDRE                                         r  paralle_serial_sys_i/parallel2serial_0/inst/count_reg[25]/C

Slack:                    inf
  Source:                 begin_conversion
                            (input port)
  Destination:            paralle_serial_sys_i/parallel2serial_0/inst/count_reg[26]/D
                            (rising edge-triggered cell FDRE clocked by sys_clk_pin  {rise@0.000ns fall@5.000ns period=10.000ns})
  Path Group:             (none)
  Path Type:              Hold (Min at Fast Process Corner)
  Data Path Delay:        0.772ns  (logic 0.373ns (48.274%)  route 0.400ns (51.726%))
  Logic Levels:           3  (CARRY4=1 IBUF=1 LUT2=1)
  Clock Path Skew:        1.987ns (DCD - SCD - CPR)
    Destination Clock Delay (DCD):    1.987ns
    Source Clock Delay      (SCD):    0.000ns
    Clock Pessimism Removal (CPR):    -0.000ns

    Location             Delay type                Incr(ns)  Path(ns)    Netlist Resource(s)
  -------------------------------------------------------------------    -------------------
    T18                                               0.000     0.000 f  begin_conversion (IN)
                         net (fo=0)                   0.000     0.000    begin_conversion
    T18                  IBUF (Prop_ibuf_I_O)         0.222     0.222 f  begin_conversion_IBUF_inst/O
                         net (fo=65, routed)          0.400     0.621    paralle_serial_sys_i/parallel2serial_0/inst/begin_r[0]
    SLICE_X1Y15          LUT2 (Prop_lut2_I1_O)        0.045     0.666 r  paralle_serial_sys_i/parallel2serial_0/inst/count[28]_i_5/O
                         net (fo=1, routed)           0.000     0.666    paralle_serial_sys_i/parallel2serial_0/inst/select_ln25_fu_107_p3[25]
    SLICE_X1Y15          CARRY4 (Prop_carry4_S[0]_O[1])
                                                      0.106     0.772 r  paralle_serial_sys_i/parallel2serial_0/inst/count_reg[28]_i_1/O[1]
                         net (fo=1, routed)           0.000     0.772    paralle_serial_sys_i/parallel2serial_0/inst/add_ln56_fu_147_p2[26]
    SLICE_X1Y15          FDRE                                         r  paralle_serial_sys_i/parallel2serial_0/inst/count_reg[26]/D
  -------------------------------------------------------------------    -------------------

                         (clock sys_clk_pin rise edge)
                                                      0.000     0.000 r  
    W5                                                0.000     0.000 r  ap_clk (IN)
                         net (fo=0)                   0.000     0.000    ap_clk
    W5                   IBUF (Prop_ibuf_I_O)         0.414     0.414 r  ap_clk_IBUF_inst/O
                         net (fo=1, routed)           0.685     1.099    ap_clk_IBUF
    BUFGCTRL_X0Y0        BUFG (Prop_bufg_I_O)         0.029     1.128 r  ap_clk_IBUF_BUFG_inst/O
                         net (fo=79, routed)          0.860     1.987    paralle_serial_sys_i/parallel2serial_0/inst/ap_clk
    SLICE_X1Y15          FDRE                                         r  paralle_serial_sys_i/parallel2serial_0/inst/count_reg[26]/C

Slack:                    inf
  Source:                 begin_conversion
                            (input port)
  Destination:            paralle_serial_sys_i/parallel2serial_0/inst/count_reg[29]/D
                            (rising edge-triggered cell FDRE clocked by sys_clk_pin  {rise@0.000ns fall@5.000ns period=10.000ns})
  Path Group:             (none)
  Path Type:              Hold (Min at Fast Process Corner)
  Data Path Delay:        0.810ns  (logic 0.337ns (41.614%)  route 0.473ns (58.386%))
  Logic Levels:           3  (CARRY4=1 IBUF=1 LUT2=1)
  Clock Path Skew:        1.986ns (DCD - SCD - CPR)
    Destination Clock Delay (DCD):    1.986ns
    Source Clock Delay      (SCD):    0.000ns
    Clock Pessimism Removal (CPR):    -0.000ns

    Location             Delay type                Incr(ns)  Path(ns)    Netlist Resource(s)
  -------------------------------------------------------------------    -------------------
    T18                                               0.000     0.000 f  begin_conversion (IN)
                         net (fo=0)                   0.000     0.000    begin_conversion
    T18                  IBUF (Prop_ibuf_I_O)         0.222     0.222 f  begin_conversion_IBUF_inst/O
                         net (fo=65, routed)          0.473     0.695    paralle_serial_sys_i/parallel2serial_0/inst/begin_r[0]
    SLICE_X1Y16          LUT2 (Prop_lut2_I1_O)        0.045     0.740 r  paralle_serial_sys_i/parallel2serial_0/inst/count[31]_i_4/O
                         net (fo=1, routed)           0.000     0.740    paralle_serial_sys_i/parallel2serial_0/inst/select_ln25_fu_107_p3[29]
    SLICE_X1Y16          CARRY4 (Prop_carry4_S[0]_O[0])
                                                      0.070     0.810 r  paralle_serial_sys_i/parallel2serial_0/inst/count_reg[31]_i_1/O[0]
                         net (fo=1, routed)           0.000     0.810    paralle_serial_sys_i/parallel2serial_0/inst/add_ln56_fu_147_p2[29]
    SLICE_X1Y16          FDRE                                         r  paralle_serial_sys_i/parallel2serial_0/inst/count_reg[29]/D
  -------------------------------------------------------------------    -------------------

                         (clock sys_clk_pin rise edge)
                                                      0.000     0.000 r  
    W5                                                0.000     0.000 r  ap_clk (IN)
                         net (fo=0)                   0.000     0.000    ap_clk
    W5                   IBUF (Prop_ibuf_I_O)         0.414     0.414 r  ap_clk_IBUF_inst/O
                         net (fo=1, routed)           0.685     1.099    ap_clk_IBUF
    BUFGCTRL_X0Y0        BUFG (Prop_bufg_I_O)         0.029     1.128 r  ap_clk_IBUF_BUFG_inst/O
                         net (fo=79, routed)          0.859     1.986    paralle_serial_sys_i/parallel2serial_0/inst/ap_clk
    SLICE_X1Y16          FDRE                                         r  paralle_serial_sys_i/parallel2serial_0/inst/count_reg[29]/C

Slack:                    inf
  Source:                 begin_conversion
                            (input port)
  Destination:            paralle_serial_sys_i/parallel2serial_0/inst/count_reg[27]/D
                            (rising edge-triggered cell FDRE clocked by sys_clk_pin  {rise@0.000ns fall@5.000ns period=10.000ns})
  Path Group:             (none)
  Path Type:              Hold (Min at Fast Process Corner)
  Data Path Delay:        0.812ns  (logic 0.413ns (50.821%)  route 0.400ns (49.179%))
  Logic Levels:           3  (CARRY4=1 IBUF=1 LUT2=1)
  Clock Path Skew:        1.987ns (DCD - SCD - CPR)
    Destination Clock Delay (DCD):    1.987ns
    Source Clock Delay      (SCD):    0.000ns
    Clock Pessimism Removal (CPR):    -0.000ns

    Location             Delay type                Incr(ns)  Path(ns)    Netlist Resource(s)
  -------------------------------------------------------------------    -------------------
    T18                                               0.000     0.000 f  begin_conversion (IN)
                         net (fo=0)                   0.000     0.000    begin_conversion
    T18                  IBUF (Prop_ibuf_I_O)         0.222     0.222 f  begin_conversion_IBUF_inst/O
                         net (fo=65, routed)          0.400     0.621    paralle_serial_sys_i/parallel2serial_0/inst/begin_r[0]
    SLICE_X1Y15          LUT2 (Prop_lut2_I1_O)        0.045     0.666 r  paralle_serial_sys_i/parallel2serial_0/inst/count[28]_i_5/O
                         net (fo=1, routed)           0.000     0.666    paralle_serial_sys_i/parallel2serial_0/inst/select_ln25_fu_107_p3[25]
    SLICE_X1Y15          CARRY4 (Prop_carry4_S[0]_O[2])
                                                      0.146     0.812 r  paralle_serial_sys_i/parallel2serial_0/inst/count_reg[28]_i_1/O[2]
                         net (fo=1, routed)           0.000     0.812    paralle_serial_sys_i/parallel2serial_0/inst/add_ln56_fu_147_p2[27]
    SLICE_X1Y15          FDRE                                         r  paralle_serial_sys_i/parallel2serial_0/inst/count_reg[27]/D
  -------------------------------------------------------------------    -------------------

                         (clock sys_clk_pin rise edge)
                                                      0.000     0.000 r  
    W5                                                0.000     0.000 r  ap_clk (IN)
                         net (fo=0)                   0.000     0.000    ap_clk
    W5                   IBUF (Prop_ibuf_I_O)         0.414     0.414 r  ap_clk_IBUF_inst/O
                         net (fo=1, routed)           0.685     1.099    ap_clk_IBUF
    BUFGCTRL_X0Y0        BUFG (Prop_bufg_I_O)         0.029     1.128 r  ap_clk_IBUF_BUFG_inst/O
                         net (fo=79, routed)          0.860     1.987    paralle_serial_sys_i/parallel2serial_0/inst/ap_clk
    SLICE_X1Y15          FDRE                                         r  paralle_serial_sys_i/parallel2serial_0/inst/count_reg[27]/C

Slack:                    inf
  Source:                 begin_conversion
                            (input port)
  Destination:            paralle_serial_sys_i/parallel2serial_0/inst/count_reg[28]/D
                            (rising edge-triggered cell FDRE clocked by sys_clk_pin  {rise@0.000ns fall@5.000ns period=10.000ns})
  Path Group:             (none)
  Path Type:              Hold (Min at Fast Process Corner)
  Data Path Delay:        0.832ns  (logic 0.433ns (52.002%)  route 0.400ns (47.998%))
  Logic Levels:           3  (CARRY4=1 IBUF=1 LUT2=1)
  Clock Path Skew:        1.987ns (DCD - SCD - CPR)
    Destination Clock Delay (DCD):    1.987ns
    Source Clock Delay      (SCD):    0.000ns
    Clock Pessimism Removal (CPR):    -0.000ns

    Location             Delay type                Incr(ns)  Path(ns)    Netlist Resource(s)
  -------------------------------------------------------------------    -------------------
    T18                                               0.000     0.000 f  begin_conversion (IN)
                         net (fo=0)                   0.000     0.000    begin_conversion
    T18                  IBUF (Prop_ibuf_I_O)         0.222     0.222 f  begin_conversion_IBUF_inst/O
                         net (fo=65, routed)          0.400     0.621    paralle_serial_sys_i/parallel2serial_0/inst/begin_r[0]
    SLICE_X1Y15          LUT2 (Prop_lut2_I1_O)        0.045     0.666 r  paralle_serial_sys_i/parallel2serial_0/inst/count[28]_i_5/O
                         net (fo=1, routed)           0.000     0.666    paralle_serial_sys_i/parallel2serial_0/inst/select_ln25_fu_107_p3[25]
    SLICE_X1Y15          CARRY4 (Prop_carry4_S[0]_O[3])
                                                      0.166     0.832 r  paralle_serial_sys_i/parallel2serial_0/inst/count_reg[28]_i_1/O[3]
                         net (fo=1, routed)           0.000     0.832    paralle_serial_sys_i/parallel2serial_0/inst/add_ln56_fu_147_p2[28]
    SLICE_X1Y15          FDRE                                         r  paralle_serial_sys_i/parallel2serial_0/inst/count_reg[28]/D
  -------------------------------------------------------------------    -------------------

                         (clock sys_clk_pin rise edge)
                                                      0.000     0.000 r  
    W5                                                0.000     0.000 r  ap_clk (IN)
                         net (fo=0)                   0.000     0.000    ap_clk
    W5                   IBUF (Prop_ibuf_I_O)         0.414     0.414 r  ap_clk_IBUF_inst/O
                         net (fo=1, routed)           0.685     1.099    ap_clk_IBUF
    BUFGCTRL_X0Y0        BUFG (Prop_bufg_I_O)         0.029     1.128 r  ap_clk_IBUF_BUFG_inst/O
                         net (fo=79, routed)          0.860     1.987    paralle_serial_sys_i/parallel2serial_0/inst/ap_clk
    SLICE_X1Y15          FDRE                                         r  paralle_serial_sys_i/parallel2serial_0/inst/count_reg[28]/C

Slack:                    inf
  Source:                 sw[0]
                            (input port)
  Destination:            paralle_serial_sys_i/serial2parallel_0/inst/state_reg_reg[7]/D
                            (rising edge-triggered cell FDRE clocked by sys_clk_pin  {rise@0.000ns fall@5.000ns period=10.000ns})
  Path Group:             (none)
  Path Type:              Hold (Min at Fast Process Corner)
  Data Path Delay:        0.838ns  (logic 0.266ns (31.735%)  route 0.572ns (68.265%))
  Logic Levels:           2  (IBUF=1 LUT5=1)
  Clock Path Skew:        1.992ns (DCD - SCD - CPR)
    Destination Clock Delay (DCD):    1.992ns
    Source Clock Delay      (SCD):    0.000ns
    Clock Pessimism Removal (CPR):    -0.000ns

    Location             Delay type                Incr(ns)  Path(ns)    Netlist Resource(s)
  -------------------------------------------------------------------    -------------------
    V17                                               0.000     0.000 r  sw[0] (IN)
                         net (fo=0)                   0.000     0.000    sw[0]
    V17                  IBUF (Prop_ibuf_I_O)         0.221     0.221 r  sw_IBUF[0]_inst/O
                         net (fo=2, routed)           0.450     0.671    paralle_serial_sys_i/parallel2serial_0/inst/a[0]
    SLICE_X0Y9           LUT5 (Prop_lut5_I0_O)        0.045     0.716 r  paralle_serial_sys_i/parallel2serial_0/inst/d[0]_INST_0/O
                         net (fo=3, routed)           0.122     0.838    paralle_serial_sys_i/serial2parallel_0/inst/d[0]
    SLICE_X2Y8           FDRE                                         r  paralle_serial_sys_i/serial2parallel_0/inst/state_reg_reg[7]/D
  -------------------------------------------------------------------    -------------------

                         (clock sys_clk_pin rise edge)
                                                      0.000     0.000 r  
    W5                                                0.000     0.000 r  ap_clk (IN)
                         net (fo=0)                   0.000     0.000    ap_clk
    W5                   IBUF (Prop_ibuf_I_O)         0.414     0.414 r  ap_clk_IBUF_inst/O
                         net (fo=1, routed)           0.685     1.099    ap_clk_IBUF
    BUFGCTRL_X0Y0        BUFG (Prop_bufg_I_O)         0.029     1.128 r  ap_clk_IBUF_BUFG_inst/O
                         net (fo=79, routed)          0.865     1.992    paralle_serial_sys_i/serial2parallel_0/inst/ap_clk
    SLICE_X2Y8           FDRE                                         r  paralle_serial_sys_i/serial2parallel_0/inst/state_reg_reg[7]/C

Slack:                    inf
  Source:                 begin_conversion
                            (input port)
  Destination:            paralle_serial_sys_i/parallel2serial_0/inst/count_reg[30]/D
                            (rising edge-triggered cell FDRE clocked by sys_clk_pin  {rise@0.000ns fall@5.000ns period=10.000ns})
  Path Group:             (none)
  Path Type:              Hold (Min at Fast Process Corner)
  Data Path Delay:        0.846ns  (logic 0.373ns (44.100%)  route 0.473ns (55.900%))
  Logic Levels:           3  (CARRY4=1 IBUF=1 LUT2=1)
  Clock Path Skew:        1.986ns (DCD - SCD - CPR)
    Destination Clock Delay (DCD):    1.986ns
    Source Clock Delay      (SCD):    0.000ns
    Clock Pessimism Removal (CPR):    -0.000ns

    Location             Delay type                Incr(ns)  Path(ns)    Netlist Resource(s)
  -------------------------------------------------------------------    -------------------
    T18                                               0.000     0.000 f  begin_conversion (IN)
                         net (fo=0)                   0.000     0.000    begin_conversion
    T18                  IBUF (Prop_ibuf_I_O)         0.222     0.222 f  begin_conversion_IBUF_inst/O
                         net (fo=65, routed)          0.473     0.695    paralle_serial_sys_i/parallel2serial_0/inst/begin_r[0]
    SLICE_X1Y16          LUT2 (Prop_lut2_I1_O)        0.045     0.740 r  paralle_serial_sys_i/parallel2serial_0/inst/count[31]_i_4/O
                         net (fo=1, routed)           0.000     0.740    paralle_serial_sys_i/parallel2serial_0/inst/select_ln25_fu_107_p3[29]
    SLICE_X1Y16          CARRY4 (Prop_carry4_S[0]_O[1])
                                                      0.106     0.846 r  paralle_serial_sys_i/parallel2serial_0/inst/count_reg[31]_i_1/O[1]
                         net (fo=1, routed)           0.000     0.846    paralle_serial_sys_i/parallel2serial_0/inst/add_ln56_fu_147_p2[30]
    SLICE_X1Y16          FDRE                                         r  paralle_serial_sys_i/parallel2serial_0/inst/count_reg[30]/D
  -------------------------------------------------------------------    -------------------

                         (clock sys_clk_pin rise edge)
                                                      0.000     0.000 r  
    W5                                                0.000     0.000 r  ap_clk (IN)
                         net (fo=0)                   0.000     0.000    ap_clk
    W5                   IBUF (Prop_ibuf_I_O)         0.414     0.414 r  ap_clk_IBUF_inst/O
                         net (fo=1, routed)           0.685     1.099    ap_clk_IBUF
    BUFGCTRL_X0Y0        BUFG (Prop_bufg_I_O)         0.029     1.128 r  ap_clk_IBUF_BUFG_inst/O
                         net (fo=79, routed)          0.859     1.986    paralle_serial_sys_i/parallel2serial_0/inst/ap_clk
    SLICE_X1Y16          FDRE                                         r  paralle_serial_sys_i/parallel2serial_0/inst/count_reg[30]/C

Slack:                    inf
  Source:                 begin_conversion
                            (input port)
  Destination:            paralle_serial_sys_i/parallel2serial_0/inst/count_reg[21]/D
                            (rising edge-triggered cell FDRE clocked by sys_clk_pin  {rise@0.000ns fall@5.000ns period=10.000ns})
  Path Group:             (none)
  Path Type:              Hold (Min at Fast Process Corner)
  Data Path Delay:        0.854ns  (logic 0.337ns (39.467%)  route 0.517ns (60.533%))
  Logic Levels:           3  (CARRY4=1 IBUF=1 LUT2=1)
  Clock Path Skew:        1.988ns (DCD - SCD - CPR)
    Destination Clock Delay (DCD):    1.988ns
    Source Clock Delay      (SCD):    0.000ns
    Clock Pessimism Removal (CPR):    -0.000ns

    Location             Delay type                Incr(ns)  Path(ns)    Netlist Resource(s)
  -------------------------------------------------------------------    -------------------
    T18                                               0.000     0.000 f  begin_conversion (IN)
                         net (fo=0)                   0.000     0.000    begin_conversion
    T18                  IBUF (Prop_ibuf_I_O)         0.222     0.222 f  begin_conversion_IBUF_inst/O
                         net (fo=65, routed)          0.517     0.739    paralle_serial_sys_i/parallel2serial_0/inst/begin_r[0]
    SLICE_X1Y14          LUT2 (Prop_lut2_I1_O)        0.045     0.784 r  paralle_serial_sys_i/parallel2serial_0/inst/count[24]_i_5/O
                         net (fo=1, routed)           0.000     0.784    paralle_serial_sys_i/parallel2serial_0/inst/select_ln25_fu_107_p3[21]
    SLICE_X1Y14          CARRY4 (Prop_carry4_S[0]_O[0])
                                                      0.070     0.854 r  paralle_serial_sys_i/parallel2serial_0/inst/count_reg[24]_i_1/O[0]
                         net (fo=1, routed)           0.000     0.854    paralle_serial_sys_i/parallel2serial_0/inst/add_ln56_fu_147_p2[21]
    SLICE_X1Y14          FDRE                                         r  paralle_serial_sys_i/parallel2serial_0/inst/count_reg[21]/D
  -------------------------------------------------------------------    -------------------

                         (clock sys_clk_pin rise edge)
                                                      0.000     0.000 r  
    W5                                                0.000     0.000 r  ap_clk (IN)
                         net (fo=0)                   0.000     0.000    ap_clk
    W5                   IBUF (Prop_ibuf_I_O)         0.414     0.414 r  ap_clk_IBUF_inst/O
                         net (fo=1, routed)           0.685     1.099    ap_clk_IBUF
    BUFGCTRL_X0Y0        BUFG (Prop_bufg_I_O)         0.029     1.128 r  ap_clk_IBUF_BUFG_inst/O
                         net (fo=79, routed)          0.861     1.988    paralle_serial_sys_i/parallel2serial_0/inst/ap_clk
    SLICE_X1Y14          FDRE                                         r  paralle_serial_sys_i/parallel2serial_0/inst/count_reg[21]/C

Slack:                    inf
  Source:                 begin_conversion
                            (input port)
  Destination:            paralle_serial_sys_i/parallel2serial_0/inst/count_reg[31]/D
                            (rising edge-triggered cell FDRE clocked by sys_clk_pin  {rise@0.000ns fall@5.000ns period=10.000ns})
  Path Group:             (none)
  Path Type:              Hold (Min at Fast Process Corner)
  Data Path Delay:        0.883ns  (logic 0.484ns (54.773%)  route 0.400ns (45.227%))
  Logic Levels:           4  (CARRY4=2 IBUF=1 LUT2=1)
  Clock Path Skew:        1.986ns (DCD - SCD - CPR)
    Destination Clock Delay (DCD):    1.986ns
    Source Clock Delay      (SCD):    0.000ns
    Clock Pessimism Removal (CPR):    -0.000ns

    Location             Delay type                Incr(ns)  Path(ns)    Netlist Resource(s)
  -------------------------------------------------------------------    -------------------
    T18                                               0.000     0.000 f  begin_conversion (IN)
                         net (fo=0)                   0.000     0.000    begin_conversion
    T18                  IBUF (Prop_ibuf_I_O)         0.222     0.222 f  begin_conversion_IBUF_inst/O
                         net (fo=65, routed)          0.400     0.621    paralle_serial_sys_i/parallel2serial_0/inst/begin_r[0]
    SLICE_X1Y15          LUT2 (Prop_lut2_I1_O)        0.045     0.666 r  paralle_serial_sys_i/parallel2serial_0/inst/count[28]_i_5/O
                         net (fo=1, routed)           0.000     0.666    paralle_serial_sys_i/parallel2serial_0/inst/select_ln25_fu_107_p3[25]
    SLICE_X1Y15          CARRY4 (Prop_carry4_S[0]_CO[3])
                                                      0.152     0.818 r  paralle_serial_sys_i/parallel2serial_0/inst/count_reg[28]_i_1/CO[3]
                         net (fo=1, routed)           0.000     0.818    paralle_serial_sys_i/parallel2serial_0/inst/count_reg[28]_i_1_n_0
    SLICE_X1Y16          CARRY4 (Prop_carry4_CI_O[2])
                                                      0.065     0.883 r  paralle_serial_sys_i/parallel2serial_0/inst/count_reg[31]_i_1/O[2]
                         net (fo=1, routed)           0.000     0.883    paralle_serial_sys_i/parallel2serial_0/inst/add_ln56_fu_147_p2[31]
    SLICE_X1Y16          FDRE                                         r  paralle_serial_sys_i/parallel2serial_0/inst/count_reg[31]/D
  -------------------------------------------------------------------    -------------------

                         (clock sys_clk_pin rise edge)
                                                      0.000     0.000 r  
    W5                                                0.000     0.000 r  ap_clk (IN)
                         net (fo=0)                   0.000     0.000    ap_clk
    W5                   IBUF (Prop_ibuf_I_O)         0.414     0.414 r  ap_clk_IBUF_inst/O
                         net (fo=1, routed)           0.685     1.099    ap_clk_IBUF
    BUFGCTRL_X0Y0        BUFG (Prop_bufg_I_O)         0.029     1.128 r  ap_clk_IBUF_BUFG_inst/O
                         net (fo=79, routed)          0.859     1.986    paralle_serial_sys_i/parallel2serial_0/inst/ap_clk
    SLICE_X1Y16          FDRE                                         r  paralle_serial_sys_i/parallel2serial_0/inst/count_reg[31]/C

Slack:                    inf
  Source:                 sw[0]
                            (input port)
  Destination:            paralle_serial_sys_i/serial2parallel_0/inst/a_reg_out_reg[7]/D
                            (rising edge-triggered cell FDRE clocked by sys_clk_pin  {rise@0.000ns fall@5.000ns period=10.000ns})
  Path Group:             (none)
  Path Type:              Hold (Min at Fast Process Corner)
  Data Path Delay:        0.885ns  (logic 0.266ns (30.067%)  route 0.619ns (69.933%))
  Logic Levels:           2  (IBUF=1 LUT5=1)
  Clock Path Skew:        1.992ns (DCD - SCD - CPR)
    Destination Clock Delay (DCD):    1.992ns
    Source Clock Delay      (SCD):    0.000ns
    Clock Pessimism Removal (CPR):    -0.000ns

    Location             Delay type                Incr(ns)  Path(ns)    Netlist Resource(s)
  -------------------------------------------------------------------    -------------------
    V17                                               0.000     0.000 r  sw[0] (IN)
                         net (fo=0)                   0.000     0.000    sw[0]
    V17                  IBUF (Prop_ibuf_I_O)         0.221     0.221 r  sw_IBUF[0]_inst/O
                         net (fo=2, routed)           0.450     0.671    paralle_serial_sys_i/parallel2serial_0/inst/a[0]
    SLICE_X0Y9           LUT5 (Prop_lut5_I0_O)        0.045     0.716 r  paralle_serial_sys_i/parallel2serial_0/inst/d[0]_INST_0/O
                         net (fo=3, routed)           0.169     0.885    paralle_serial_sys_i/serial2parallel_0/inst/d[0]
    SLICE_X3Y8           FDRE                                         r  paralle_serial_sys_i/serial2parallel_0/inst/a_reg_out_reg[7]/D
  -------------------------------------------------------------------    -------------------

                         (clock sys_clk_pin rise edge)
                                                      0.000     0.000 r  
    W5                                                0.000     0.000 r  ap_clk (IN)
                         net (fo=0)                   0.000     0.000    ap_clk
    W5                   IBUF (Prop_ibuf_I_O)         0.414     0.414 r  ap_clk_IBUF_inst/O
                         net (fo=1, routed)           0.685     1.099    ap_clk_IBUF
    BUFGCTRL_X0Y0        BUFG (Prop_bufg_I_O)         0.029     1.128 r  ap_clk_IBUF_BUFG_inst/O
                         net (fo=79, routed)          0.865     1.992    paralle_serial_sys_i/serial2parallel_0/inst/ap_clk
    SLICE_X3Y8           FDRE                                         r  paralle_serial_sys_i/serial2parallel_0/inst/a_reg_out_reg[7]/C





