This is pdfTeX, Version 3.141592653-2.6-1.40.25 (TeX Live 2023/Debian) (preloaded format=pdflatex 2025.5.12)  16 NOV 2025 18:06
entering extended mode
 restricted \write18 enabled.
 %&-line parsing enabled.
**main_hls.tex
(./main_hls.tex
LaTeX2e <2023-11-01> patch level 1
L3 programming layer <2024-01-22>
(/usr/share/texlive/texmf-dist/tex/latex/base/book.cls
Document Class: book 2023/05/17 v1.4n Standard LaTeX document class
(/usr/share/texlive/texmf-dist/tex/latex/base/bk12.clo
File: bk12.clo 2023/05/17 v1.4n Standard LaTeX file (size option)
)
\c@part=\count187
\c@chapter=\count188
\c@section=\count189
\c@subsection=\count190
\c@subsubsection=\count191
\c@paragraph=\count192
\c@subparagraph=\count193
\c@figure=\count194
\c@table=\count195
\abovecaptionskip=\skip48
\belowcaptionskip=\skip49
\bibindent=\dimen140
) (./Files/Packages.tex
(/usr/share/texlive/texmf-dist/tex/latex/geometry/geometry.sty
Package: geometry 2020/01/02 v5.9 Page Geometry

(/usr/share/texlive/texmf-dist/tex/latex/graphics/keyval.sty
Package: keyval 2022/05/29 v1.15 key=value parser (DPC)
\KV@toks@=\toks17
)
(/usr/share/texlive/texmf-dist/tex/generic/iftex/ifvtex.sty
Package: ifvtex 2019/10/25 v1.7 ifvtex legacy package. Use iftex instead.

(/usr/share/texlive/texmf-dist/tex/generic/iftex/iftex.sty
Package: iftex 2022/02/03 v1.0f TeX engine tests
))
\Gm@cnth=\count196
\Gm@cntv=\count197
\c@Gm@tempcnt=\count198
\Gm@bindingoffset=\dimen141
\Gm@wd@mp=\dimen142
\Gm@odd@mp=\dimen143
\Gm@even@mp=\dimen144
\Gm@layoutwidth=\dimen145
\Gm@layoutheight=\dimen146
\Gm@layouthoffset=\dimen147
\Gm@layoutvoffset=\dimen148
\Gm@dimlist=\toks18
)
(/usr/share/texlive/texmf-dist/tex/latex/fancyhdr/fancyhdr.sty
Package: fancyhdr 2022/11/09 v4.1 Extensive control of page headers and footers

\f@nch@headwidth=\skip50
\f@nch@O@elh=\skip51
\f@nch@O@erh=\skip52
\f@nch@O@olh=\skip53
\f@nch@O@orh=\skip54
\f@nch@O@elf=\skip55
\f@nch@O@erf=\skip56
\f@nch@O@olf=\skip57
\f@nch@O@orf=\skip58
)
(/usr/share/texlive/texmf-dist/tex/latex/amsmath/amsmath.sty
Package: amsmath 2023/05/13 v2.17o AMS math features
\@mathmargin=\skip59

For additional information on amsmath, use the `?' option.
(/usr/share/texlive/texmf-dist/tex/latex/amsmath/amstext.sty
Package: amstext 2021/08/26 v2.01 AMS text

(/usr/share/texlive/texmf-dist/tex/latex/amsmath/amsgen.sty
File: amsgen.sty 1999/11/30 v2.0 generic functions
\@emptytoks=\toks19
\ex@=\dimen149
))
(/usr/share/texlive/texmf-dist/tex/latex/amsmath/amsbsy.sty
Package: amsbsy 1999/11/29 v1.2d Bold Symbols
\pmbraise@=\dimen150
)
(/usr/share/texlive/texmf-dist/tex/latex/amsmath/amsopn.sty
Package: amsopn 2022/04/08 v2.04 operator names
)
\inf@bad=\count199
LaTeX Info: Redefining \frac on input line 234.
\uproot@=\count266
\leftroot@=\count267
LaTeX Info: Redefining \overline on input line 399.
LaTeX Info: Redefining \colon on input line 410.
\classnum@=\count268
\DOTSCASE@=\count269
LaTeX Info: Redefining \ldots on input line 496.
LaTeX Info: Redefining \dots on input line 499.
LaTeX Info: Redefining \cdots on input line 620.
\Mathstrutbox@=\box51
\strutbox@=\box52
LaTeX Info: Redefining \big on input line 722.
LaTeX Info: Redefining \Big on input line 723.
LaTeX Info: Redefining \bigg on input line 724.
LaTeX Info: Redefining \Bigg on input line 725.
\big@size=\dimen151
LaTeX Font Info:    Redeclaring font encoding OML on input line 743.
LaTeX Font Info:    Redeclaring font encoding OMS on input line 744.
\macc@depth=\count270
LaTeX Info: Redefining \bmod on input line 905.
LaTeX Info: Redefining \pmod on input line 910.
LaTeX Info: Redefining \smash on input line 940.
LaTeX Info: Redefining \relbar on input line 970.
LaTeX Info: Redefining \Relbar on input line 971.
\c@MaxMatrixCols=\count271
\dotsspace@=\muskip16
\c@parentequation=\count272
\dspbrk@lvl=\count273
\tag@help=\toks20
\row@=\count274
\column@=\count275
\maxfields@=\count276
\andhelp@=\toks21
\eqnshift@=\dimen152
\alignsep@=\dimen153
\tagshift@=\dimen154
\tagwidth@=\dimen155
\totwidth@=\dimen156
\lineht@=\dimen157
\@envbody=\toks22
\multlinegap=\skip60
\multlinetaggap=\skip61
\mathdisplay@stack=\toks23
LaTeX Info: Redefining \[ on input line 2953.
LaTeX Info: Redefining \] on input line 2954.
)
(/usr/share/texlive/texmf-dist/tex/latex/amsfonts/amsfonts.sty
Package: amsfonts 2013/01/14 v3.01 Basic AMSFonts support
\symAMSa=\mathgroup4
\symAMSb=\mathgroup5
LaTeX Font Info:    Redeclaring math symbol \hbar on input line 98.
LaTeX Font Info:    Overwriting math alphabet `\mathfrak' in version `bold'
(Font)                  U/euf/m/n --> U/euf/b/n on input line 106.
)
(/usr/share/texlive/texmf-dist/tex/latex/graphics/graphicx.sty
Package: graphicx 2021/09/16 v1.2d Enhanced LaTeX Graphics (DPC,SPQR)

(/usr/share/texlive/texmf-dist/tex/latex/graphics/graphics.sty
Package: graphics 2022/03/10 v1.4e Standard LaTeX Graphics (DPC,SPQR)

(/usr/share/texlive/texmf-dist/tex/latex/graphics/trig.sty
Package: trig 2021/08/11 v1.11 sin cos tan (DPC)
)
(/usr/share/texlive/texmf-dist/tex/latex/graphics-cfg/graphics.cfg
File: graphics.cfg 2016/06/04 v1.11 sample graphics configuration
)
Package graphics Info: Driver file: pdftex.def on input line 107.

(/usr/share/texlive/texmf-dist/tex/latex/graphics-def/pdftex.def
File: pdftex.def 2022/09/22 v1.2b Graphics/color driver for pdftex
))
\Gin@req@height=\dimen158
\Gin@req@width=\dimen159
)
(/usr/share/texlive/texmf-dist/tex/latex/adjustbox/adjustbox.sty
Package: adjustbox 2022/10/17 v1.3a Adjusting TeX boxes (trim, clip, ...)

(/usr/share/texlive/texmf-dist/tex/latex/xkeyval/xkeyval.sty
Package: xkeyval 2022/06/16 v2.9 package option processing (HA)

(/usr/share/texlive/texmf-dist/tex/generic/xkeyval/xkeyval.tex
(/usr/share/texlive/texmf-dist/tex/generic/xkeyval/xkvutils.tex
\XKV@toks=\toks24
\XKV@tempa@toks=\toks25
)
\XKV@depth=\count277
File: xkeyval.tex 2014/12/03 v2.7a key=value parser (HA)
))
(/usr/share/texlive/texmf-dist/tex/latex/adjustbox/adjcalc.sty
Package: adjcalc 2012/05/16 v1.1 Provides advanced setlength with multiple back
-ends (calc, etex, pgfmath)
)
(/usr/share/texlive/texmf-dist/tex/latex/adjustbox/trimclip.sty
Package: trimclip 2020/08/19 v1.2 Trim and clip general TeX material

(/usr/share/texlive/texmf-dist/tex/latex/collectbox/collectbox.sty
Package: collectbox 2022/10/17 v0.4c Collect macro arguments as boxes
\collectedbox=\box53
)
\tc@llx=\dimen160
\tc@lly=\dimen161
\tc@urx=\dimen162
\tc@ury=\dimen163
Package trimclip Info: Using driver 'tc-pdftex.def'.

(/usr/share/texlive/texmf-dist/tex/latex/adjustbox/tc-pdftex.def
File: tc-pdftex.def 2019/01/04 v2.2 Clipping driver for pdftex
))
\adjbox@Width=\dimen164
\adjbox@Height=\dimen165
\adjbox@Depth=\dimen166
\adjbox@Totalheight=\dimen167
\adjbox@pwidth=\dimen168
\adjbox@pheight=\dimen169
\adjbox@pdepth=\dimen170
\adjbox@ptotalheight=\dimen171

(/usr/share/texlive/texmf-dist/tex/latex/ifoddpage/ifoddpage.sty
Package: ifoddpage 2022/10/18 v1.2 Conditionals for odd/even page detection
\c@checkoddpage=\count278
)
(/usr/share/texlive/texmf-dist/tex/latex/varwidth/varwidth.sty
Package: varwidth 2009/03/30 ver 0.92;  Variable-width minipages
\@vwid@box=\box54
\sift@deathcycles=\count279
\@vwid@loff=\dimen172
\@vwid@roff=\dimen173
))
(/usr/share/texlive/texmf-dist/tex/latex/caption/caption.sty
Package: caption 2023/08/05 v3.6o Customizing captions (AR)

(/usr/share/texlive/texmf-dist/tex/latex/caption/caption3.sty
Package: caption3 2023/07/31 v2.4d caption3 kernel (AR)
\caption@tempdima=\dimen174
\captionmargin=\dimen175
\caption@leftmargin=\dimen176
\caption@rightmargin=\dimen177
\caption@width=\dimen178
\caption@indent=\dimen179
\caption@parindent=\dimen180
\caption@hangindent=\dimen181
Package caption Info: Standard document class detected.
)
\c@caption@flags=\count280
\c@continuedfloat=\count281
)
(/usr/share/texlive/texmf-dist/tex/latex/refstyle/refstyle.sty
Package: refstyle 2024/02/01 v0.6b Reference formatting (DNJ Els)
Package refstyle Info: Config file refstyle.cfg used on input line 323.

(/usr/share/texlive/texmf-dist/tex/latex/refstyle/refstyle.cfg
File: refstyle.cfg 2024/02/01 v0.6b Configuration file for refstyle (DNJ Els)
Package refstyle Info: New reference template \newref{part} on input line 468.
Package refstyle Info: \partkey created on input line 468.
Package refstyle Info: \partlabel created on input line 468.
Package refstyle Info: \partref created on input line 468.
Package refstyle Info: \Partref created on input line 468.
Package refstyle Info: \partrangeref created on input line 468.
Package refstyle Info: \Partrangeref created on input line 468.
Package refstyle Info: \partpageref created on input line 468.
Package refstyle Info: New reference template \newref{chap} on input line 501.
Package refstyle Info: \chapkey created on input line 501.
Package refstyle Info: \chaplabel created on input line 501.
Package refstyle Info: \chapref created on input line 501.
Package refstyle Info: \Chapref created on input line 501.
Package refstyle Info: \chaprangeref created on input line 501.
Package refstyle Info: \Chaprangeref created on input line 501.
Package refstyle Info: \chappageref created on input line 501.
Package refstyle Info: New reference template \newref{sec} on input line 511.
Package refstyle Info: \seckey created on input line 511.
Package refstyle Info: \seclabel created on input line 511.
Package refstyle Info: \secref created on input line 511.
Package refstyle Info: \Secref created on input line 511.
Package refstyle Info: \secrangeref created on input line 511.
Package refstyle Info: \Secrangeref created on input line 511.
Package refstyle Info: \secpageref created on input line 511.
Package refstyle Info: New reference template \newref{eq} on input line 526.
Package refstyle Info: \eqkey created on input line 526.
Package refstyle Info: \eqlabel created on input line 526.
Package refstyle Info: \eqref created on input line 526.
Package refstyle Info: \Eqref created on input line 526.
Package refstyle Info: \eqrangeref created on input line 526.
Package refstyle Info: \Eqrangeref created on input line 526.
Package refstyle Info: \eqpageref created on input line 526.
Package refstyle Info: New reference template \newref{fig} on input line 539.
Package refstyle Info: \figkey created on input line 539.
Package refstyle Info: \figlabel created on input line 539.
Package refstyle Info: \figref created on input line 539.
Package refstyle Info: \Figref created on input line 539.
Package refstyle Info: \figrangeref created on input line 539.
Package refstyle Info: \Figrangeref created on input line 539.
Package refstyle Info: \figpageref created on input line 539.
Package refstyle Info: New reference template \newref{tab} on input line 548.
Package refstyle Info: \tabkey created on input line 548.
Package refstyle Info: \tablabel created on input line 548.
Package refstyle Info: \tabref created on input line 548.
Package refstyle Info: \Tabref created on input line 548.
Package refstyle Info: \tabrangeref created on input line 548.
Package refstyle Info: \Tabrangeref created on input line 548.
Package refstyle Info: \tabpageref created on input line 548.
Package refstyle Info: New reference template \newref{fn} on input line 563.
Package refstyle Info: \fnkey created on input line 563.
Package refstyle Info: \fnlabel created on input line 563.
Package refstyle Info: \fnref created on input line 563.
Package refstyle Info: \Fnref created on input line 563.
Package refstyle Info: \fnrangeref created on input line 563.
Package refstyle Info: \Fnrangeref created on input line 563.
Package refstyle Info: \fnpageref created on input line 563.
))
(/usr/share/texlive/texmf-dist/tex/latex/hyperref/hyperref.sty
Package: hyperref 2024-01-20 v7.01h Hypertext links for LaTeX

(/usr/share/texlive/texmf-dist/tex/latex/kvsetkeys/kvsetkeys.sty
Package: kvsetkeys 2022-10-05 v1.19 Key value parser (HO)
)
(/usr/share/texlive/texmf-dist/tex/generic/kvdefinekeys/kvdefinekeys.sty
Package: kvdefinekeys 2019-12-19 v1.6 Define keys (HO)
)
(/usr/share/texlive/texmf-dist/tex/generic/pdfescape/pdfescape.sty
Package: pdfescape 2019/12/09 v1.15 Implements pdfTeX's escape features (HO)

(/usr/share/texlive/texmf-dist/tex/generic/ltxcmds/ltxcmds.sty
Package: ltxcmds 2023-12-04 v1.26 LaTeX kernel commands for general use (HO)
)
(/usr/share/texlive/texmf-dist/tex/generic/pdftexcmds/pdftexcmds.sty
Package: pdftexcmds 2020-06-27 v0.33 Utility functions of pdfTeX for LuaTeX (HO
)

(/usr/share/texlive/texmf-dist/tex/generic/infwarerr/infwarerr.sty
Package: infwarerr 2019/12/03 v1.5 Providing info/warning/error messages (HO)
)
Package pdftexcmds Info: \pdf@primitive is available.
Package pdftexcmds Info: \pdf@ifprimitive is available.
Package pdftexcmds Info: \pdfdraftmode found.
))
(/usr/share/texlive/texmf-dist/tex/latex/hycolor/hycolor.sty
Package: hycolor 2020-01-27 v1.10 Color options for hyperref/bookmark (HO)
)
(/usr/share/texlive/texmf-dist/tex/latex/auxhook/auxhook.sty
Package: auxhook 2019-12-17 v1.6 Hooks for auxiliary files (HO)
)
(/usr/share/texlive/texmf-dist/tex/latex/hyperref/nameref.sty
Package: nameref 2023-11-26 v2.56 Cross-referencing by name of section

(/usr/share/texlive/texmf-dist/tex/latex/refcount/refcount.sty
Package: refcount 2019/12/15 v3.6 Data extraction from label references (HO)
)
(/usr/share/texlive/texmf-dist/tex/generic/gettitlestring/gettitlestring.sty
Package: gettitlestring 2019/12/15 v1.6 Cleanup title references (HO)

(/usr/share/texlive/texmf-dist/tex/latex/kvoptions/kvoptions.sty
Package: kvoptions 2022-06-15 v3.15 Key value format for package options (HO)
))
\c@section@level=\count282
)
(/usr/share/texlive/texmf-dist/tex/latex/etoolbox/etoolbox.sty
Package: etoolbox 2020/10/05 v2.5k e-TeX tools for LaTeX (JAW)
\etb@tempcnta=\count283
)
\@linkdim=\dimen182
\Hy@linkcounter=\count284
\Hy@pagecounter=\count285

(/usr/share/texlive/texmf-dist/tex/latex/hyperref/pd1enc.def
File: pd1enc.def 2024-01-20 v7.01h Hyperref: PDFDocEncoding definition (HO)
Now handling font encoding PD1 ...
... no UTF-8 mapping file for font encoding PD1
)
(/usr/share/texlive/texmf-dist/tex/generic/intcalc/intcalc.sty
Package: intcalc 2019/12/15 v1.3 Expandable calculations with integers (HO)
)
\Hy@SavedSpaceFactor=\count286

(/usr/share/texlive/texmf-dist/tex/latex/hyperref/puenc.def
File: puenc.def 2024-01-20 v7.01h Hyperref: PDF Unicode definition (HO)
Now handling font encoding PU ...
... no UTF-8 mapping file for font encoding PU
)
Package hyperref Info: Option `colorlinks' set `true' on input line 4062.
Package hyperref Info: Option `breaklinks' set `true' on input line 4062.
Package hyperref Info: Hyper figures OFF on input line 4179.
Package hyperref Info: Link nesting OFF on input line 4184.
Package hyperref Info: Hyper index ON on input line 4187.
Package hyperref Info: Plain pages OFF on input line 4194.
Package hyperref Info: Backreferencing OFF on input line 4199.
Package hyperref Info: Implicit mode ON; LaTeX internals redefined.
Package hyperref Info: Bookmarks ON on input line 4446.
\c@Hy@tempcnt=\count287

(/usr/share/texlive/texmf-dist/tex/latex/url/url.sty
\Urlmuskip=\muskip17
Package: url 2013/09/16  ver 3.4  Verb mode for urls, etc.
)
LaTeX Info: Redefining \url on input line 4784.
\XeTeXLinkMargin=\dimen183

(/usr/share/texlive/texmf-dist/tex/generic/bitset/bitset.sty
Package: bitset 2019/12/09 v1.3 Handle bit-vector datatype (HO)

(/usr/share/texlive/texmf-dist/tex/generic/bigintcalc/bigintcalc.sty
Package: bigintcalc 2019/12/15 v1.5 Expandable calculations on big integers (HO
)
))
\Fld@menulength=\count288
\Field@Width=\dimen184
\Fld@charsize=\dimen185
Package hyperref Info: Hyper figures OFF on input line 6063.
Package hyperref Info: Link nesting OFF on input line 6068.
Package hyperref Info: Hyper index ON on input line 6071.
Package hyperref Info: backreferencing OFF on input line 6078.
Package hyperref Info: Link coloring ON on input line 6081.
Package hyperref Info: Link coloring with OCG OFF on input line 6088.
Package hyperref Info: PDF/A mode OFF on input line 6093.

(/usr/share/texlive/texmf-dist/tex/latex/base/atbegshi-ltx.sty
Package: atbegshi-ltx 2021/01/10 v1.0c Emulation of the original atbegshi
package with kernel methods
)
\Hy@abspage=\count289
\c@Item=\count290
\c@Hfootnote=\count291
)
Package hyperref Info: Driver (autodetected): hpdftex.

(/usr/share/texlive/texmf-dist/tex/latex/hyperref/hpdftex.def
File: hpdftex.def 2024-01-20 v7.01h Hyperref driver for pdfTeX

(/usr/share/texlive/texmf-dist/tex/latex/base/atveryend-ltx.sty
Package: atveryend-ltx 2020/08/19 v1.0a Emulation of the original atveryend pac
kage
with kernel methods
)
\Fld@listcount=\count292
\c@bookmark@seq@number=\count293

(/usr/share/texlive/texmf-dist/tex/latex/rerunfilecheck/rerunfilecheck.sty
Package: rerunfilecheck 2022-07-10 v1.10 Rerun checks for auxiliary files (HO)

(/usr/share/texlive/texmf-dist/tex/generic/uniquecounter/uniquecounter.sty
Package: uniquecounter 2019/12/15 v1.4 Provide unlimited unique counter (HO)
)
Package uniquecounter Info: New unique counter `rerunfilecheck' on input line 2
85.
)
\Hy@SectionHShift=\skip62
)
(/usr/share/texlive/texmf-dist/tex/latex/xcolor/xcolor.sty
Package: xcolor 2023/11/15 v3.01 LaTeX color extensions (UK)

(/usr/share/texlive/texmf-dist/tex/latex/graphics-cfg/color.cfg
File: color.cfg 2016/01/02 v1.6 sample color configuration
)
Package xcolor Info: Driver file: pdftex.def on input line 274.

(/usr/share/texlive/texmf-dist/tex/latex/graphics/mathcolor.ltx)
Package xcolor Info: Model `cmy' substituted by `cmy0' on input line 1350.
Package xcolor Info: Model `hsb' substituted by `rgb' on input line 1354.
Package xcolor Info: Model `RGB' extended on input line 1366.
Package xcolor Info: Model `HTML' substituted by `rgb' on input line 1368.
Package xcolor Info: Model `Hsb' substituted by `hsb' on input line 1369.
Package xcolor Info: Model `tHsb' substituted by `hsb' on input line 1370.
Package xcolor Info: Model `HSB' substituted by `hsb' on input line 1371.
Package xcolor Info: Model `Gray' substituted by `gray' on input line 1372.
Package xcolor Info: Model `wave' substituted by `hsb' on input line 1373.
)
(/usr/share/texlive/texmf-dist/tex/latex/listings/listings.sty
\lst@mode=\count294
\lst@gtempboxa=\box55
\lst@token=\toks26
\lst@length=\count295
\lst@currlwidth=\dimen186
\lst@column=\count296
\lst@pos=\count297
\lst@lostspace=\dimen187
\lst@width=\dimen188
\lst@newlines=\count298
\lst@lineno=\count299
\lst@maxwidth=\dimen189

(/usr/share/texlive/texmf-dist/tex/latex/listings/lstmisc.sty
File: lstmisc.sty 2023/02/27 1.9 (Carsten Heinz)
\c@lstnumber=\count300
\lst@skipnumbers=\count301
\lst@framebox=\box56
)
(/usr/share/texlive/texmf-dist/tex/latex/listings/listings.cfg
File: listings.cfg 2023/02/27 1.9 listings configuration
))
Package: listings 2023/02/27 1.9 (Carsten Heinz)

(/usr/share/texlive/texmf-dist/tex/latex/tools/array.sty
Package: array 2023/10/16 v2.5g Tabular extension package (FMi)
\col@sep=\dimen190
\ar@mcellbox=\box57
\extrarowheight=\dimen191
\NC@list=\toks27
\extratabsurround=\skip63
\backup@length=\skip64
\ar@cellbox=\box58
)
(/usr/share/texlive/texmf-dist/tex/latex/multirow/multirow.sty
Package: multirow 2021/03/15 v2.8 Span multiple rows of a table
\multirow@colwidth=\skip65
\multirow@cntb=\count302
\multirow@dima=\skip66
\bigstrutjot=\dimen192
)
(/usr/share/texlive/texmf-dist/tex/latex/tools/longtable.sty
Package: longtable 2023-11-01 v4.19 Multi-page Table package (DPC)
\LTleft=\skip67
\LTright=\skip68
\LTpre=\skip69
\LTpost=\skip70
\LTchunksize=\count303
\LTcapwidth=\dimen193
\LT@head=\box59
\LT@firsthead=\box60
\LT@foot=\box61
\LT@lastfoot=\box62
\LT@gbox=\box63
\LT@cols=\count304
\LT@rows=\count305
\c@LT@tables=\count306
\c@LT@chunks=\count307
\LT@p@ftn=\toks28
)
(/usr/share/texlive/texmf-dist/tex/latex/subfig/subfig.sty
Package: subfig 2005/06/28 ver: 1.3 subfig package
\c@KVtest=\count308
\sf@farskip=\skip71
\sf@captopadj=\dimen194
\sf@capskip=\skip72
\sf@nearskip=\skip73
\c@subfigure=\count309
\c@subfigure@save=\count310
\c@lofdepth=\count311
\c@subtable=\count312
\c@subtable@save=\count313
\c@lotdepth=\count314
\sf@top=\skip74
\sf@bottom=\skip75
)
(/usr/share/texlive/texmf-dist/tex/latex/footmisc/footmisc.sty
Package: footmisc 2023/07/05 v6.0f a miscellany of footnote facilities
\FN@temptoken=\toks29
\footnotemargin=\dimen195
\@outputbox@depth=\dimen196
Package footmisc Info: Declaring symbol style bringhurst on input line 696.
Package footmisc Info: Declaring symbol style chicago on input line 704.
Package footmisc Info: Declaring symbol style wiley on input line 713.
Package footmisc Info: Declaring symbol style lamport-robust on input line 724.

Package footmisc Info: Declaring symbol style lamport* on input line 744.
Package footmisc Info: Declaring symbol style lamport*-robust on input line 765
.
)
(/usr/share/texlive/texmf-dist/tex/latex/pgf/frontendlayer/tikz.sty
(/usr/share/texlive/texmf-dist/tex/latex/pgf/basiclayer/pgf.sty
(/usr/share/texlive/texmf-dist/tex/latex/pgf/utilities/pgfrcs.sty
(/usr/share/texlive/texmf-dist/tex/generic/pgf/utilities/pgfutil-common.tex
\pgfutil@everybye=\toks30
\pgfutil@tempdima=\dimen197
\pgfutil@tempdimb=\dimen198
)
(/usr/share/texlive/texmf-dist/tex/generic/pgf/utilities/pgfutil-latex.def
\pgfutil@abb=\box64
)
(/usr/share/texlive/texmf-dist/tex/generic/pgf/utilities/pgfrcs.code.tex
(/usr/share/texlive/texmf-dist/tex/generic/pgf/pgf.revision.tex)
Package: pgfrcs 2023-01-15 v3.1.10 (3.1.10)
))
Package: pgf 2023-01-15 v3.1.10 (3.1.10)

(/usr/share/texlive/texmf-dist/tex/latex/pgf/basiclayer/pgfcore.sty
(/usr/share/texlive/texmf-dist/tex/latex/pgf/systemlayer/pgfsys.sty
(/usr/share/texlive/texmf-dist/tex/generic/pgf/systemlayer/pgfsys.code.tex
Package: pgfsys 2023-01-15 v3.1.10 (3.1.10)

(/usr/share/texlive/texmf-dist/tex/generic/pgf/utilities/pgfkeys.code.tex
\pgfkeys@pathtoks=\toks31
\pgfkeys@temptoks=\toks32

(/usr/share/texlive/texmf-dist/tex/generic/pgf/utilities/pgfkeyslibraryfiltered
.code.tex
\pgfkeys@tmptoks=\toks33
))
\pgf@x=\dimen199
\pgf@y=\dimen256
\pgf@xa=\dimen257
\pgf@ya=\dimen258
\pgf@xb=\dimen259
\pgf@yb=\dimen260
\pgf@xc=\dimen261
\pgf@yc=\dimen262
\pgf@xd=\dimen263
\pgf@yd=\dimen264
\w@pgf@writea=\write3
\r@pgf@reada=\read2
\c@pgf@counta=\count315
\c@pgf@countb=\count316
\c@pgf@countc=\count317
\c@pgf@countd=\count318
\t@pgf@toka=\toks34
\t@pgf@tokb=\toks35
\t@pgf@tokc=\toks36
\pgf@sys@id@count=\count319
 (/usr/share/texlive/texmf-dist/tex/generic/pgf/systemlayer/pgf.cfg
File: pgf.cfg 2023-01-15 v3.1.10 (3.1.10)
)
Driver file for pgf: pgfsys-pdftex.def
(/usr/share/texlive/texmf-dist/tex/generic/pgf/systemlayer/pgfsys-pdftex.def
File: pgfsys-pdftex.def 2023-01-15 v3.1.10 (3.1.10)

(/usr/share/texlive/texmf-dist/tex/generic/pgf/systemlayer/pgfsys-common-pdf.de
f
File: pgfsys-common-pdf.def 2023-01-15 v3.1.10 (3.1.10)
)))
(/usr/share/texlive/texmf-dist/tex/generic/pgf/systemlayer/pgfsyssoftpath.code.
tex
File: pgfsyssoftpath.code.tex 2023-01-15 v3.1.10 (3.1.10)
\pgfsyssoftpath@smallbuffer@items=\count320
\pgfsyssoftpath@bigbuffer@items=\count321
)
(/usr/share/texlive/texmf-dist/tex/generic/pgf/systemlayer/pgfsysprotocol.code.
tex
File: pgfsysprotocol.code.tex 2023-01-15 v3.1.10 (3.1.10)
))
(/usr/share/texlive/texmf-dist/tex/generic/pgf/basiclayer/pgfcore.code.tex
Package: pgfcore 2023-01-15 v3.1.10 (3.1.10)

(/usr/share/texlive/texmf-dist/tex/generic/pgf/math/pgfmath.code.tex
(/usr/share/texlive/texmf-dist/tex/generic/pgf/math/pgfmathutil.code.tex)
(/usr/share/texlive/texmf-dist/tex/generic/pgf/math/pgfmathparser.code.tex
\pgfmath@dimen=\dimen265
\pgfmath@count=\count322
\pgfmath@box=\box65
\pgfmath@toks=\toks37
\pgfmath@stack@operand=\toks38
\pgfmath@stack@operation=\toks39
)
(/usr/share/texlive/texmf-dist/tex/generic/pgf/math/pgfmathfunctions.code.tex)
(/usr/share/texlive/texmf-dist/tex/generic/pgf/math/pgfmathfunctions.basic.code
.tex)
(/usr/share/texlive/texmf-dist/tex/generic/pgf/math/pgfmathfunctions.trigonomet
ric.code.tex)
(/usr/share/texlive/texmf-dist/tex/generic/pgf/math/pgfmathfunctions.random.cod
e.tex)
(/usr/share/texlive/texmf-dist/tex/generic/pgf/math/pgfmathfunctions.comparison
.code.tex)
(/usr/share/texlive/texmf-dist/tex/generic/pgf/math/pgfmathfunctions.base.code.
tex)
(/usr/share/texlive/texmf-dist/tex/generic/pgf/math/pgfmathfunctions.round.code
.tex)
(/usr/share/texlive/texmf-dist/tex/generic/pgf/math/pgfmathfunctions.misc.code.
tex)
(/usr/share/texlive/texmf-dist/tex/generic/pgf/math/pgfmathfunctions.integerari
thmetics.code.tex)
(/usr/share/texlive/texmf-dist/tex/generic/pgf/math/pgfmathcalc.code.tex)
(/usr/share/texlive/texmf-dist/tex/generic/pgf/math/pgfmathfloat.code.tex
\c@pgfmathroundto@lastzeros=\count323
))
(/usr/share/texlive/texmf-dist/tex/generic/pgf/math/pgfint.code.tex)
(/usr/share/texlive/texmf-dist/tex/generic/pgf/basiclayer/pgfcorepoints.code.te
x
File: pgfcorepoints.code.tex 2023-01-15 v3.1.10 (3.1.10)
\pgf@picminx=\dimen266
\pgf@picmaxx=\dimen267
\pgf@picminy=\dimen268
\pgf@picmaxy=\dimen269
\pgf@pathminx=\dimen270
\pgf@pathmaxx=\dimen271
\pgf@pathminy=\dimen272
\pgf@pathmaxy=\dimen273
\pgf@xx=\dimen274
\pgf@xy=\dimen275
\pgf@yx=\dimen276
\pgf@yy=\dimen277
\pgf@zx=\dimen278
\pgf@zy=\dimen279
)
(/usr/share/texlive/texmf-dist/tex/generic/pgf/basiclayer/pgfcorepathconstruct.
code.tex
File: pgfcorepathconstruct.code.tex 2023-01-15 v3.1.10 (3.1.10)
\pgf@path@lastx=\dimen280
\pgf@path@lasty=\dimen281
)
(/usr/share/texlive/texmf-dist/tex/generic/pgf/basiclayer/pgfcorepathusage.code
.tex
File: pgfcorepathusage.code.tex 2023-01-15 v3.1.10 (3.1.10)
\pgf@shorten@end@additional=\dimen282
\pgf@shorten@start@additional=\dimen283
)
(/usr/share/texlive/texmf-dist/tex/generic/pgf/basiclayer/pgfcorescopes.code.te
x
File: pgfcorescopes.code.tex 2023-01-15 v3.1.10 (3.1.10)
\pgfpic=\box66
\pgf@hbox=\box67
\pgf@layerbox@main=\box68
\pgf@picture@serial@count=\count324
)
(/usr/share/texlive/texmf-dist/tex/generic/pgf/basiclayer/pgfcoregraphicstate.c
ode.tex
File: pgfcoregraphicstate.code.tex 2023-01-15 v3.1.10 (3.1.10)
\pgflinewidth=\dimen284
)
(/usr/share/texlive/texmf-dist/tex/generic/pgf/basiclayer/pgfcoretransformation
s.code.tex
File: pgfcoretransformations.code.tex 2023-01-15 v3.1.10 (3.1.10)
\pgf@pt@x=\dimen285
\pgf@pt@y=\dimen286
\pgf@pt@temp=\dimen287
)
(/usr/share/texlive/texmf-dist/tex/generic/pgf/basiclayer/pgfcorequick.code.tex
File: pgfcorequick.code.tex 2023-01-15 v3.1.10 (3.1.10)
)
(/usr/share/texlive/texmf-dist/tex/generic/pgf/basiclayer/pgfcoreobjects.code.t
ex
File: pgfcoreobjects.code.tex 2023-01-15 v3.1.10 (3.1.10)
)
(/usr/share/texlive/texmf-dist/tex/generic/pgf/basiclayer/pgfcorepathprocessing
.code.tex
File: pgfcorepathprocessing.code.tex 2023-01-15 v3.1.10 (3.1.10)
)
(/usr/share/texlive/texmf-dist/tex/generic/pgf/basiclayer/pgfcorearrows.code.te
x
File: pgfcorearrows.code.tex 2023-01-15 v3.1.10 (3.1.10)
\pgfarrowsep=\dimen288
)
(/usr/share/texlive/texmf-dist/tex/generic/pgf/basiclayer/pgfcoreshade.code.tex
File: pgfcoreshade.code.tex 2023-01-15 v3.1.10 (3.1.10)
\pgf@max=\dimen289
\pgf@sys@shading@range@num=\count325
\pgf@shadingcount=\count326
)
(/usr/share/texlive/texmf-dist/tex/generic/pgf/basiclayer/pgfcoreimage.code.tex
File: pgfcoreimage.code.tex 2023-01-15 v3.1.10 (3.1.10)
)
(/usr/share/texlive/texmf-dist/tex/generic/pgf/basiclayer/pgfcoreexternal.code.
tex
File: pgfcoreexternal.code.tex 2023-01-15 v3.1.10 (3.1.10)
\pgfexternal@startupbox=\box69
)
(/usr/share/texlive/texmf-dist/tex/generic/pgf/basiclayer/pgfcorelayers.code.te
x
File: pgfcorelayers.code.tex 2023-01-15 v3.1.10 (3.1.10)
)
(/usr/share/texlive/texmf-dist/tex/generic/pgf/basiclayer/pgfcoretransparency.c
ode.tex
File: pgfcoretransparency.code.tex 2023-01-15 v3.1.10 (3.1.10)
)
(/usr/share/texlive/texmf-dist/tex/generic/pgf/basiclayer/pgfcorepatterns.code.
tex
File: pgfcorepatterns.code.tex 2023-01-15 v3.1.10 (3.1.10)
)
(/usr/share/texlive/texmf-dist/tex/generic/pgf/basiclayer/pgfcorerdf.code.tex
File: pgfcorerdf.code.tex 2023-01-15 v3.1.10 (3.1.10)
)))
(/usr/share/texlive/texmf-dist/tex/generic/pgf/modules/pgfmoduleshapes.code.tex
File: pgfmoduleshapes.code.tex 2023-01-15 v3.1.10 (3.1.10)
\pgfnodeparttextbox=\box70
) (/usr/share/texlive/texmf-dist/tex/generic/pgf/modules/pgfmoduleplot.code.tex
File: pgfmoduleplot.code.tex 2023-01-15 v3.1.10 (3.1.10)
)
(/usr/share/texlive/texmf-dist/tex/latex/pgf/compatibility/pgfcomp-version-0-65
.sty
Package: pgfcomp-version-0-65 2023-01-15 v3.1.10 (3.1.10)
\pgf@nodesepstart=\dimen290
\pgf@nodesepend=\dimen291
)
(/usr/share/texlive/texmf-dist/tex/latex/pgf/compatibility/pgfcomp-version-1-18
.sty
Package: pgfcomp-version-1-18 2023-01-15 v3.1.10 (3.1.10)
)) (/usr/share/texlive/texmf-dist/tex/latex/pgf/utilities/pgffor.sty
(/usr/share/texlive/texmf-dist/tex/latex/pgf/utilities/pgfkeys.sty
(/usr/share/texlive/texmf-dist/tex/generic/pgf/utilities/pgfkeys.code.tex))
(/usr/share/texlive/texmf-dist/tex/latex/pgf/math/pgfmath.sty
(/usr/share/texlive/texmf-dist/tex/generic/pgf/math/pgfmath.code.tex))
(/usr/share/texlive/texmf-dist/tex/generic/pgf/utilities/pgffor.code.tex
Package: pgffor 2023-01-15 v3.1.10 (3.1.10)
\pgffor@iter=\dimen292
\pgffor@skip=\dimen293
\pgffor@stack=\toks40
\pgffor@toks=\toks41
))
(/usr/share/texlive/texmf-dist/tex/generic/pgf/frontendlayer/tikz/tikz.code.tex
Package: tikz 2023-01-15 v3.1.10 (3.1.10)

(/usr/share/texlive/texmf-dist/tex/generic/pgf/libraries/pgflibraryplothandlers
.code.tex
File: pgflibraryplothandlers.code.tex 2023-01-15 v3.1.10 (3.1.10)
\pgf@plot@mark@count=\count327
\pgfplotmarksize=\dimen294
)
\tikz@lastx=\dimen295
\tikz@lasty=\dimen296
\tikz@lastxsaved=\dimen297
\tikz@lastysaved=\dimen298
\tikz@lastmovetox=\dimen299
\tikz@lastmovetoy=\dimen300
\tikzleveldistance=\dimen301
\tikzsiblingdistance=\dimen302
\tikz@figbox=\box71
\tikz@figbox@bg=\box72
\tikz@tempbox=\box73
\tikz@tempbox@bg=\box74
\tikztreelevel=\count328
\tikznumberofchildren=\count329
\tikznumberofcurrentchild=\count330
\tikz@fig@count=\count331

(/usr/share/texlive/texmf-dist/tex/generic/pgf/modules/pgfmodulematrix.code.tex
File: pgfmodulematrix.code.tex 2023-01-15 v3.1.10 (3.1.10)
\pgfmatrixcurrentrow=\count332
\pgfmatrixcurrentcolumn=\count333
\pgf@matrix@numberofcolumns=\count334
)
\tikz@expandcount=\count335

(/usr/share/texlive/texmf-dist/tex/generic/pgf/frontendlayer/tikz/libraries/tik
zlibrarytopaths.code.tex
File: tikzlibrarytopaths.code.tex 2023-01-15 v3.1.10 (3.1.10)
)))
(/usr/share/texlive/texmf-dist/tex/generic/pgf/frontendlayer/tikz/libraries/tik
zlibraryshapes.code.tex
File: tikzlibraryshapes.code.tex 2023-01-15 v3.1.10 (3.1.10)

(/usr/share/texlive/texmf-dist/tex/generic/pgf/frontendlayer/tikz/libraries/tik
zlibraryshapes.geometric.code.tex
File: tikzlibraryshapes.geometric.code.tex 2023-01-15 v3.1.10 (3.1.10)

(/usr/share/texlive/texmf-dist/tex/generic/pgf/libraries/shapes/pgflibraryshape
s.geometric.code.tex
File: pgflibraryshapes.geometric.code.tex 2023-01-15 v3.1.10 (3.1.10)
))
(/usr/share/texlive/texmf-dist/tex/generic/pgf/frontendlayer/tikz/libraries/tik
zlibraryshapes.misc.code.tex
File: tikzlibraryshapes.misc.code.tex 2023-01-15 v3.1.10 (3.1.10)

(/usr/share/texlive/texmf-dist/tex/generic/pgf/libraries/shapes/pgflibraryshape
s.misc.code.tex
File: pgflibraryshapes.misc.code.tex 2023-01-15 v3.1.10 (3.1.10)
))
(/usr/share/texlive/texmf-dist/tex/generic/pgf/frontendlayer/tikz/libraries/tik
zlibraryshapes.symbols.code.tex
File: tikzlibraryshapes.symbols.code.tex 2023-01-15 v3.1.10 (3.1.10)

(/usr/share/texlive/texmf-dist/tex/generic/pgf/libraries/shapes/pgflibraryshape
s.symbols.code.tex
File: pgflibraryshapes.symbols.code.tex 2023-01-15 v3.1.10 (3.1.10)
))
(/usr/share/texlive/texmf-dist/tex/generic/pgf/frontendlayer/tikz/libraries/tik
zlibraryshapes.arrows.code.tex
File: tikzlibraryshapes.arrows.code.tex 2023-01-15 v3.1.10 (3.1.10)

(/usr/share/texlive/texmf-dist/tex/generic/pgf/libraries/shapes/pgflibraryshape
s.arrows.code.tex
File: pgflibraryshapes.arrows.code.tex 2023-01-15 v3.1.10 (3.1.10)
))
(/usr/share/texlive/texmf-dist/tex/generic/pgf/frontendlayer/tikz/libraries/tik
zlibraryshapes.callouts.code.tex
(/usr/share/texlive/texmf-dist/tex/generic/pgf/libraries/shapes/pgflibraryshape
s.callouts.code.tex))
(/usr/share/texlive/texmf-dist/tex/generic/pgf/frontendlayer/tikz/libraries/tik
zlibraryshapes.multipart.code.tex
File: tikzlibraryshapes.multipart.code.tex 2023-01-15 v3.1.10 (3.1.10)

(/usr/share/texlive/texmf-dist/tex/generic/pgf/libraries/shapes/pgflibraryshape
s.multipart.code.tex
File: pgflibraryshapes.multipart.code.tex 2023-01-15 v3.1.10 (3.1.10)
\pgfnodepartlowerbox=\box75
\pgfnodeparttwobox=\box76
\pgfnodepartthreebox=\box77
\pgfnodepartfourbox=\box78
\pgfnodeparttwentybox=\box79
\pgfnodepartnineteenbox=\box80
\pgfnodeparteighteenbox=\box81
\pgfnodepartseventeenbox=\box82
\pgfnodepartsixteenbox=\box83
\pgfnodepartfifteenbox=\box84
\pgfnodepartfourteenbox=\box85
\pgfnodepartthirteenbox=\box86
\pgfnodeparttwelvebox=\box87
\pgfnodepartelevenbox=\box88
\pgfnodeparttenbox=\box89
\pgfnodepartninebox=\box90
\pgfnodeparteightbox=\box91
\pgfnodepartsevenbox=\box92
\pgfnodepartsixbox=\box93
\pgfnodepartfivebox=\box94
)))
(/usr/share/texlive/texmf-dist/tex/generic/pgf/frontendlayer/tikz/libraries/tik
zlibraryshadows.code.tex
File: tikzlibraryshadows.code.tex 2023-01-15 v3.1.10 (3.1.10)

(/usr/share/texlive/texmf-dist/tex/generic/pgf/frontendlayer/tikz/libraries/tik
zlibraryfadings.code.tex
File: tikzlibraryfadings.code.tex 2023-01-15 v3.1.10 (3.1.10)

(/usr/share/texlive/texmf-dist/tex/generic/pgf/libraries/pgflibraryfadings.code
.tex
File: pgflibraryfadings.code.tex 2023-01-15 v3.1.10 (3.1.10)
)))
(/usr/share/texlive/texmf-dist/tex/generic/pgf/frontendlayer/tikz/libraries/tik
zlibraryarrows.code.tex
File: tikzlibraryarrows.code.tex 2023-01-15 v3.1.10 (3.1.10)

(/usr/share/texlive/texmf-dist/tex/generic/pgf/libraries/pgflibraryarrows.code.
tex
File: pgflibraryarrows.code.tex 2023-01-15 v3.1.10 (3.1.10)
\arrowsize=\dimen303
)) (/usr/share/texlive/texmf-dist/tex/latex/todonotes/todonotes.sty
Package: todonotes 2024/01/05 v1.1.7 Todonotes source and documentation.
Package: todonotes 2024/01/05

(/usr/share/texlive/texmf-dist/tex/latex/base/ifthen.sty
Package: ifthen 2022/04/13 v1.1d Standard LaTeX ifthen package (DPC)
)
(/usr/share/texlive/texmf-dist/tex/generic/pgf/frontendlayer/tikz/libraries/tik
zlibrarypositioning.code.tex
File: tikzlibrarypositioning.code.tex 2023-01-15 v3.1.10 (3.1.10)
)
(/usr/share/texlive/texmf-dist/tex/latex/tools/calc.sty
Package: calc 2023/07/08 v4.3 Infix arithmetic (KKT,FJ)
\calc@Acount=\count336
\calc@Bcount=\count337
\calc@Adimen=\dimen304
\calc@Bdimen=\dimen305
\calc@Askip=\skip76
\calc@Bskip=\skip77
LaTeX Info: Redefining \setlength on input line 80.
LaTeX Info: Redefining \addtolength on input line 81.
\calc@Ccount=\count338
\calc@Cskip=\skip78
)
\c@@todonotes@numberoftodonotes=\count339
))
(/usr/share/texlive/texmf-dist/tex/latex/nomencl/nomencl.sty
Package: nomencl 2021/11/10 v5.6 Nomenclature package

(/usr/share/texlive/texmf-dist/tex/latex/koma-script/tocbasic.sty
Package: tocbasic 2023/07/07 v3.41 KOMA-Script package (handling toc-files)

(/usr/share/texlive/texmf-dist/tex/latex/koma-script/scrbase.sty
Package: scrbase 2023/07/07 v3.41 KOMA-Script package (KOMA-Script-independent 
basics and keyval usage)

(/usr/share/texlive/texmf-dist/tex/latex/koma-script/scrlfile.sty
Package: scrlfile 2023/07/07 v3.41 KOMA-Script package (file load hooks)

(/usr/share/texlive/texmf-dist/tex/latex/koma-script/scrlfile-hook.sty
Package: scrlfile-hook 2023/07/07 v3.41 KOMA-Script package (using LaTeX hooks)


(/usr/share/texlive/texmf-dist/tex/latex/koma-script/scrlogo.sty
Package: scrlogo 2023/07/07 v3.41 KOMA-Script package (logo)
)))
Applying: [2021/05/01] Usage of raw or classic option list on input line 252.
Already applied: [0000/00/00] Usage of raw or classic option list on input line
 368.
)
\scr@dte@tocline@numberwidth=\skip79
\scr@dte@tocline@numbox=\box95
)
Package tocbasic Info: omitting babel extension for `nlo'
(tocbasic)             because of missing \bbl@set@language on input line 187.
Package tocbasic Info: omitting babel extension for `nls'
(tocbasic)             because of missing \bbl@set@language on input line 188.
\nomlabelwidth=\dimen306
\nom@tempdim=\dimen307
\nomitemsep=\skip80
)
(./Files/Macros.tex)
\@nomenclaturefile=\write4
\openout4 = `main_hls.nlo'.

Package nomencl Info: Writing nomenclature file main_hls.nlo on input line 19.

(/usr/share/texlive/texmf-dist/tex/latex/l3backend/l3backend-pdftex.def
File: l3backend-pdftex.def 2024-01-04 L3 backend support: PDF output (pdfTeX)
\l__color_backend_stack_int=\count340
\l__pdf_internal_box=\box96
)
(./main_hls.aux)
\openout1 = `main_hls.aux'.

LaTeX Font Info:    Checking defaults for OML/cmm/m/it on input line 23.
LaTeX Font Info:    ... okay on input line 23.
LaTeX Font Info:    Checking defaults for OMS/cmsy/m/n on input line 23.
LaTeX Font Info:    ... okay on input line 23.
LaTeX Font Info:    Checking defaults for OT1/cmr/m/n on input line 23.
LaTeX Font Info:    ... okay on input line 23.
LaTeX Font Info:    Checking defaults for T1/cmr/m/n on input line 23.
LaTeX Font Info:    ... okay on input line 23.
LaTeX Font Info:    Checking defaults for TS1/cmr/m/n on input line 23.
LaTeX Font Info:    ... okay on input line 23.
LaTeX Font Info:    Checking defaults for OMX/cmex/m/n on input line 23.
LaTeX Font Info:    ... okay on input line 23.
LaTeX Font Info:    Checking defaults for U/cmr/m/n on input line 23.
LaTeX Font Info:    ... okay on input line 23.
LaTeX Font Info:    Checking defaults for PD1/pdf/m/n on input line 23.
LaTeX Font Info:    ... okay on input line 23.
LaTeX Font Info:    Checking defaults for PU/pdf/m/n on input line 23.
LaTeX Font Info:    ... okay on input line 23.

*geometry* driver: auto-detecting
*geometry* detected driver: pdftex
*geometry* verbose mode - [ preamble ] result:
* driver: pdftex
* paper: a4paper
* layout: <same size as paper>
* layoutoffset:(h,v)=(0.0pt,0.0pt)
* modes: twoside 
* h-part:(L,W,R)=(72.26999pt, 452.9679pt, 72.26999pt)
* v-part:(T,H,B)=(72.26999pt, 700.50687pt, 72.26999pt)
* \paperwidth=597.50787pt
* \paperheight=845.04684pt
* \textwidth=452.9679pt
* \textheight=700.50687pt
* \oddsidemargin=0.0pt
* \evensidemargin=0.0pt
* \topmargin=-31.8738pt
* \headheight=12.0pt
* \headsep=19.8738pt
* \topskip=12.0pt
* \footskip=30.0pt
* \marginparwidth=88.0pt
* \marginparsep=7.0pt
* \columnsep=10.0pt
* \skip\footins=10.8pt plus 4.0pt minus 2.0pt
* \hoffset=0.0pt
* \voffset=0.0pt
* \mag=1000
* \@twocolumnfalse
* \@twosidetrue
* \@mparswitchtrue
* \@reversemarginfalse
* (1in=72.27pt=25.4mm, 1cm=28.453pt)

(/usr/share/texlive/texmf-dist/tex/context/base/mkii/supp-pdf.mkii
[Loading MPS to PDF converter (version 2006.09.02).]
\scratchcounter=\count341
\scratchdimen=\dimen308
\scratchbox=\box97
\nofMPsegments=\count342
\nofMParguments=\count343
\everyMPshowfont=\toks42
\MPscratchCnt=\count344
\MPscratchDim=\dimen309
\MPnumerator=\count345
\makeMPintoPDFobject=\count346
\everyMPtoPDFconversion=\toks43
) (/usr/share/texlive/texmf-dist/tex/latex/epstopdf-pkg/epstopdf-base.sty
Package: epstopdf-base 2020-01-24 v2.11 Base part for package epstopdf
Package epstopdf-base Info: Redefining graphics rule for `.eps' on input line 4
85.

(/usr/share/texlive/texmf-dist/tex/latex/latexconfig/epstopdf-sys.cfg
File: epstopdf-sys.cfg 2010/07/13 v1.3 Configuration of (r)epstopdf for TeX Liv
e
))
Package caption Info: Begin \AtBeginDocument code.
Package caption Info: subfig package v1.3 is loaded.
Package caption Info: hyperref package is loaded.
Package caption Info: listings package is loaded.
Package caption Info: longtable package is loaded.

(/usr/share/texlive/texmf-dist/tex/latex/caption/ltcaption.sty
Package: ltcaption 2021/01/08 v1.4c longtable captions (AR)
)
Package caption Info: End \AtBeginDocument code.
Package hyperref Info: Link coloring ON on input line 23.
 (./main_hls.out) (./main_hls.out)
\@outlinefile=\write5
\openout5 = `main_hls.out'.

\c@lstlisting=\count347
LaTeX Font Info:    Trying to load font information for U+msa on input line 27.

 (/usr/share/texlive/texmf-dist/tex/latex/amsfonts/umsa.fd
File: umsa.fd 2013/01/14 v3.01 AMS symbols A
)
LaTeX Font Info:    Trying to load font information for U+msb on input line 27.


(/usr/share/texlive/texmf-dist/tex/latex/amsfonts/umsb.fd
File: umsb.fd 2013/01/14 v3.01 AMS symbols B
) [1


{/var/lib/texmf/fonts/map/pdftex/updmap/pdftex.map}] [2

] (./main_hls.toc [3] [4])
\tf@toc=\write6
\openout6 = `main_hls.toc'.


No file main_hls.nls.
[5] [6

] (./main_hls.tdo)
\tf@tdo=\write7
\openout7 = `main_hls.tdo'.

 (./content/intro_hls.tex [7]

Package fancyhdr Warning: \headheight is too small (12.0pt): 
(fancyhdr)                Make it at least 14.49998pt, for example:
(fancyhdr)                \setlength{\headheight}{14.49998pt}.
(fancyhdr)                You might also make \topmargin smaller to compensate:

(fancyhdr)                \addtolength{\topmargin}{-2.49998pt}.

[8

]
Chapter 1.

Underfull \hbox (badness 10000) in paragraph at lines 12--13

 []

Package hyperref Info: bookmark level for unknown todo defaults to 0 on input l
ine 15.
[9{/usr/share/texmf/fonts/enc/dvips/cm-super/cm-super-ts1.enc}]
<Figures/intro_hls/fpga_concept.png, id=543, 516.93124pt x 415.5525pt>
File: Figures/intro_hls/fpga_concept.png Graphic file (type png)
<use Figures/intro_hls/fpga_concept.png>
Package pdftex.def Info: Figures/intro_hls/fpga_concept.png  used on input line
 64.
(pdftex.def)             Requested size: 258.46498pt x 207.77574pt.
<Figures/intro_hls/design_types.png, id=546, 859.21pt x 419.5675pt>
File: Figures/intro_hls/design_types.png Graphic file (type png)
<use Figures/intro_hls/design_types.png>
Package pdftex.def Info: Figures/intro_hls/design_types.png  used on input line
 75.
(pdftex.def)             Requested size: 429.60396pt x 209.78323pt.


Package fancyhdr Warning: \headheight is too small (12.0pt): 
(fancyhdr)                Make it at least 14.49998pt, for example:
(fancyhdr)                \setlength{\headheight}{14.49998pt}.
(fancyhdr)                You might also make \topmargin smaller to compensate:

(fancyhdr)                \addtolength{\topmargin}{-2.49998pt}.

[10 <./Figures/intro_hls/fpga_concept.png> <./Figures/intro_hls/design_types.pn
g>]

Package fancyhdr Warning: \headheight is too small (12.0pt): 
(fancyhdr)                Make it at least 14.49998pt, for example:
(fancyhdr)                \setlength{\headheight}{14.49998pt}.
(fancyhdr)                You might also make \topmargin smaller to compensate:

(fancyhdr)                \addtolength{\topmargin}{-2.49998pt}.

[11]
<Figures/intro_hls/fgpa_vs_cpu_1.png, id=560, 1335.99126pt x 690.58pt>
File: Figures/intro_hls/fgpa_vs_cpu_1.png Graphic file (type png)
<use Figures/intro_hls/fgpa_vs_cpu_1.png>
Package pdftex.def Info: Figures/intro_hls/fgpa_vs_cpu_1.png  used on input lin
e 123.
(pdftex.def)             Requested size: 400.80048pt x 207.1756pt.


Package fancyhdr Warning: \headheight is too small (12.0pt): 
(fancyhdr)                Make it at least 14.49998pt, for example:
(fancyhdr)                \setlength{\headheight}{14.49998pt}.
(fancyhdr)                You might also make \topmargin smaller to compensate:

(fancyhdr)                \addtolength{\topmargin}{-2.49998pt}.

[12 <./Figures/intro_hls/fgpa_vs_cpu_1.png>]
Underfull \hbox (badness 10000) in paragraph at lines 144--145

 []

<Figures/intro_hls/fgpa_layer.pdf, id=568, 722.7pt x 406.51875pt>
File: Figures/intro_hls/fgpa_layer.pdf Graphic file (type pdf)
<use Figures/intro_hls/fgpa_layer.pdf>
Package pdftex.def Info: Figures/intro_hls/fgpa_layer.pdf  used on input line 1
50.
(pdftex.def)             Requested size: 505.88655pt x 284.56117pt.

Overfull \hbox (53.71864pt too wide) in paragraph at lines 150--151
 [][] 
 []


Underfull \hbox (badness 10000) in paragraph at lines 168--169

 []


Underfull \hbox (badness 10000) in paragraph at lines 170--171

 []


Package fancyhdr Warning: \headheight is too small (12.0pt): 
(fancyhdr)                Make it at least 14.49998pt, for example:
(fancyhdr)                \setlength{\headheight}{14.49998pt}.
(fancyhdr)                You might also make \topmargin smaller to compensate:

(fancyhdr)                \addtolength{\topmargin}{-2.49998pt}.

[13 <./Figures/intro_hls/fgpa_layer.pdf>]
<Figures/intro_hls/fgpa_composition.png, id=588, 1271.75125pt x 643.40375pt>
File: Figures/intro_hls/fgpa_composition.png Graphic file (type png)
<use Figures/intro_hls/fgpa_composition.png>
Package pdftex.def Info: Figures/intro_hls/fgpa_composition.png  used on input 
line 177.
(pdftex.def)             Requested size: 445.11961pt x 225.19469pt.


Package fancyhdr Warning: \headheight is too small (12.0pt): 
(fancyhdr)                Make it at least 14.49998pt, for example:
(fancyhdr)                \setlength{\headheight}{14.49998pt}.
(fancyhdr)                You might also make \topmargin smaller to compensate:

(fancyhdr)                \addtolength{\topmargin}{-2.49998pt}.

[14 <./Figures/intro_hls/fgpa_composition.png>]
<Figures/intro_hls/LUT_example.pdf, id=596, 722.7pt x 406.51875pt>
File: Figures/intro_hls/LUT_example.pdf Graphic file (type pdf)
<use Figures/intro_hls/LUT_example.pdf>
Package pdftex.def Info: Figures/intro_hls/LUT_example.pdf  used on input line 
201.
(pdftex.def)             Requested size: 505.88655pt x 284.56117pt.

Overfull \hbox (53.71864pt too wide) in paragraph at lines 201--202
 [][] 
 []


Package fancyhdr Warning: \headheight is too small (12.0pt): 
(fancyhdr)                Make it at least 14.49998pt, for example:
(fancyhdr)                \setlength{\headheight}{14.49998pt}.
(fancyhdr)                You might also make \topmargin smaller to compensate:

(fancyhdr)                \addtolength{\topmargin}{-2.49998pt}.

[15 <./Figures/intro_hls/LUT_example.pdf>]

Package fancyhdr Warning: \headheight is too small (12.0pt): 
(fancyhdr)                Make it at least 14.49998pt, for example:
(fancyhdr)                \setlength{\headheight}{14.49998pt}.
(fancyhdr)                You might also make \topmargin smaller to compensate:

(fancyhdr)                \addtolength{\topmargin}{-2.49998pt}.

[16]
<Figures/intro_hls/fpga_example.png, id=615, 662.475pt x 650.43pt>
File: Figures/intro_hls/fpga_example.png Graphic file (type png)
<use Figures/intro_hls/fpga_example.png>
Package pdftex.def Info: Figures/intro_hls/fpga_example.png  used on input line
 263.
(pdftex.def)             Requested size: 463.72934pt x 455.2979pt.

Overfull \hbox (11.56143pt too wide) in paragraph at lines 263--264
 [][] 
 []


Package fancyhdr Warning: \headheight is too small (12.0pt): 
(fancyhdr)                Make it at least 14.49998pt, for example:
(fancyhdr)                \setlength{\headheight}{14.49998pt}.
(fancyhdr)                You might also make \topmargin smaller to compensate:

(fancyhdr)                \addtolength{\topmargin}{-2.49998pt}.

[17 <./Figures/intro_hls/fpga_example.png>]
<Figures/intro_hls/2d_CLB.png, id=623, 1230.5975pt x 757.83125pt>
File: Figures/intro_hls/2d_CLB.png Graphic file (type png)
<use Figures/intro_hls/2d_CLB.png>
Package pdftex.def Info: Figures/intro_hls/2d_CLB.png  used on input line 287.
(pdftex.def)             Requested size: 430.71558pt x 265.2449pt.

Underfull \hbox (badness 10000) in paragraph at lines 292--293

 []

<Figures/intro_hls/basys3_board.pdf, id=626, 722.7pt x 406.51875pt>
File: Figures/intro_hls/basys3_board.pdf Graphic file (type pdf)
<use Figures/intro_hls/basys3_board.pdf>
Package pdftex.def Info: Figures/intro_hls/basys3_board.pdf  used on input line
 317.
(pdftex.def)             Requested size: 505.88655pt x 284.56117pt.

Overfull \hbox (53.71864pt too wide) in paragraph at lines 317--318
 [][] 
 []


Package fancyhdr Warning: \headheight is too small (12.0pt): 
(fancyhdr)                Make it at least 14.49998pt, for example:
(fancyhdr)                \setlength{\headheight}{14.49998pt}.
(fancyhdr)                You might also make \topmargin smaller to compensate:

(fancyhdr)                \addtolength{\topmargin}{-2.49998pt}.

[18 <./Figures/intro_hls/2d_CLB.png>]

Package fancyhdr Warning: \headheight is too small (12.0pt): 
(fancyhdr)                Make it at least 14.49998pt, for example:
(fancyhdr)                \setlength{\headheight}{14.49998pt}.
(fancyhdr)                You might also make \topmargin smaller to compensate:

(fancyhdr)                \addtolength{\topmargin}{-2.49998pt}.

[19 <./Figures/intro_hls/basys3_board.pdf>]
<Figures/intro_hls/basys3_pins.png, id=653, 1294.8375pt x 530.98375pt>
File: Figures/intro_hls/basys3_pins.png Graphic file (type png)
<use Figures/intro_hls/basys3_pins.png>
Package pdftex.def Info: Figures/intro_hls/basys3_pins.png  used on input line 
335.
(pdftex.def)             Requested size: 453.1999pt x 185.84709pt.

Overfull \hbox (1.032pt too wide) in paragraph at lines 335--336
 [][] 
 []

<Figures/intro_hls/basys3_LED.png, id=655, 1324.95pt x 600.2425pt>
File: Figures/intro_hls/basys3_LED.png Graphic file (type png)
<use Figures/intro_hls/basys3_LED.png>
Package pdftex.def Info: Figures/intro_hls/basys3_LED.png  used on input line 3
45.
(pdftex.def)             Requested size: 463.73946pt x 210.08801pt.

Overfull \hbox (11.57155pt too wide) in paragraph at lines 345--346
 [][] 
 []


Package fancyhdr Warning: \headheight is too small (12.0pt): 
(fancyhdr)                Make it at least 14.49998pt, for example:
(fancyhdr)                \setlength{\headheight}{14.49998pt}.
(fancyhdr)                You might also make \topmargin smaller to compensate:

(fancyhdr)                \addtolength{\topmargin}{-2.49998pt}.

[20 <./Figures/intro_hls/basys3_pins.png> <./Figures/intro_hls/basys3_LED.png>]

Package fancyhdr Warning: \headheight is too small (12.0pt): 
(fancyhdr)                Make it at least 14.49998pt, for example:
(fancyhdr)                \setlength{\headheight}{14.49998pt}.
(fancyhdr)                You might also make \topmargin smaller to compensate:

(fancyhdr)                \addtolength{\topmargin}{-2.49998pt}.

[21]

Package fancyhdr Warning: \headheight is too small (12.0pt): 
(fancyhdr)                Make it at least 14.49998pt, for example:
(fancyhdr)                \setlength{\headheight}{14.49998pt}.
(fancyhdr)                You might also make \topmargin smaller to compensate:

(fancyhdr)                \addtolength{\topmargin}{-2.49998pt}.

[22]
<Figures/intro_hls/basys3_power.png, id=673, 731.73375pt x 540.0175pt>
File: Figures/intro_hls/basys3_power.png Graphic file (type png)
<use Figures/intro_hls/basys3_power.png>
Package pdftex.def Info: Figures/intro_hls/basys3_power.png  used on input line
 398.
(pdftex.def)             Requested size: 365.86598pt x 270.00809pt.


Package fancyhdr Warning: \headheight is too small (12.0pt): 
(fancyhdr)                Make it at least 14.49998pt, for example:
(fancyhdr)                \setlength{\headheight}{14.49998pt}.
(fancyhdr)                You might also make \topmargin smaller to compensate:

(fancyhdr)                \addtolength{\topmargin}{-2.49998pt}.

[23 <./Figures/intro_hls/basys3_power.png>]
<Figures/intro_hls/fpga_config.png, id=681, 1367.1075pt x 686.565pt>
File: Figures/intro_hls/fpga_config.png Graphic file (type png)
<use Figures/intro_hls/fpga_config.png>
Package pdftex.def Info: Figures/intro_hls/fpga_config.png  used on input line 
413.
(pdftex.def)             Requested size: 478.4948pt x 240.30135pt.

Overfull \hbox (26.32689pt too wide) in paragraph at lines 413--414
 [][] 
 []


Package fancyhdr Warning: \headheight is too small (12.0pt): 
(fancyhdr)                Make it at least 14.49998pt, for example:
(fancyhdr)                \setlength{\headheight}{14.49998pt}.
(fancyhdr)                You might also make \topmargin smaller to compensate:

(fancyhdr)                \addtolength{\topmargin}{-2.49998pt}.

[24 <./Figures/intro_hls/fpga_config.png>]
Underfull \hbox (badness 10000) in paragraph at lines 446--447

 []

<Figures/intro_hls/similarities_soft_hard.png, id=692, 1349.04pt x 635.37375pt>

File: Figures/intro_hls/similarities_soft_hard.png Graphic file (type png)
<use Figures/intro_hls/similarities_soft_hard.png>
Package pdftex.def Info: Figures/intro_hls/similarities_soft_hard.png  used on 
input line 453.
(pdftex.def)             Requested size: 472.17108pt x 222.38414pt.

Overfull \hbox (20.00317pt too wide) in paragraph at lines 453--454
 [][] 
 []

<Figures/intro_hls/differences_soft_hard.png, id=694, 1357.07pt x 380.42125pt>
File: Figures/intro_hls/differences_soft_hard.png Graphic file (type png)
<use Figures/intro_hls/differences_soft_hard.png>
Package pdftex.def Info: Figures/intro_hls/differences_soft_hard.png  used on i
nput line 462.
(pdftex.def)             Requested size: 474.98161pt x 133.14941pt.

Overfull \hbox (22.8137pt too wide) in paragraph at lines 462--463
 [][] 
 []


Underfull \hbox (badness 10000) in paragraph at lines 467--468

 []


Package fancyhdr Warning: \headheight is too small (12.0pt): 
(fancyhdr)                Make it at least 14.49998pt, for example:
(fancyhdr)                \setlength{\headheight}{14.49998pt}.
(fancyhdr)                You might also make \topmargin smaller to compensate:

(fancyhdr)                \addtolength{\topmargin}{-2.49998pt}.

[25 <./Figures/intro_hls/similarities_soft_hard.png> <./Figures/intro_hls/diffe
rences_soft_hard.png>]

LaTeX Warning: Marginpar on page 26 moved.


Package fancyhdr Warning: \headheight is too small (12.0pt): 
(fancyhdr)                Make it at least 14.49998pt, for example:
(fancyhdr)                \setlength{\headheight}{14.49998pt}.
(fancyhdr)                You might also make \topmargin smaller to compensate:

(fancyhdr)                \addtolength{\topmargin}{-2.49998pt}.

[26]
<Figures/intro_hls/softwares.png, id=709, 1319.93124pt x 454.69875pt>
File: Figures/intro_hls/softwares.png Graphic file (type png)
<use Figures/intro_hls/softwares.png>
Package pdftex.def Info: Figures/intro_hls/softwares.png  used on input line 50
7.
(pdftex.def)             Requested size: 461.98286pt x 159.14694pt.

Overfull \hbox (9.81496pt too wide) in paragraph at lines 507--508
 [][] 
 []

) (./content/input_output.tex

Package fancyhdr Warning: \headheight is too small (12.0pt): 
(fancyhdr)                Make it at least 14.49998pt, for example:
(fancyhdr)                \setlength{\headheight}{14.49998pt}.
(fancyhdr)                You might also make \topmargin smaller to compensate:

(fancyhdr)                \addtolength{\topmargin}{-2.49998pt}.

[27 <./Figures/intro_hls/softwares.png>]

Package fancyhdr Warning: \headheight is too small (12.0pt): 
(fancyhdr)                Make it at least 14.49998pt, for example:
(fancyhdr)                \setlength{\headheight}{14.49998pt}.
(fancyhdr)                You might also make \topmargin smaller to compensate:

(fancyhdr)                \addtolength{\topmargin}{-2.49998pt}.

[28

]
Chapter 2.

Underfull \hbox (badness 10000) in paragraph at lines 11--12

 []

[29]
<Figures/input_output/fpga_userLED.png, id=730, 1115.16624pt x 631.35875pt>
File: Figures/input_output/fpga_userLED.png Graphic file (type png)
<use Figures/input_output/fpga_userLED.png>
Package pdftex.def Info: Figures/input_output/fpga_userLED.png  used on input l
ine 49.
(pdftex.def)             Requested size: 501.82018pt x 284.10881pt.

Overfull \hbox (49.65227pt too wide) in paragraph at lines 49--50
 [][] 
 []


Package fancyhdr Warning: \headheight is too small (12.0pt): 
(fancyhdr)                Make it at least 14.49998pt, for example:
(fancyhdr)                \setlength{\headheight}{14.49998pt}.
(fancyhdr)                You might also make \topmargin smaller to compensate:

(fancyhdr)                \addtolength{\topmargin}{-2.49998pt}.

[30 <./Figures/input_output/fpga_userLED.png>]
<Figures/input_output/LED_Controller.png, id=740, 499.8675pt x 480.79625pt>
File: Figures/input_output/LED_Controller.png Graphic file (type png)
<use Figures/input_output/LED_Controller.png>
Package pdftex.def Info: Figures/input_output/LED_Controller.png  used on input
 line 64.
(pdftex.def)             Requested size: 249.93314pt x 240.39752pt.

Underfull \hbox (badness 10000) in paragraph at lines 83--84

 []

<Figures/input_output/port_example.png, id=743, 1091.07625pt x 595.22375pt>
File: Figures/input_output/port_example.png Graphic file (type png)
<use Figures/input_output/port_example.png>
Package pdftex.def Info: Figures/input_output/port_example.png  used on input l
ine 89.
(pdftex.def)             Requested size: 490.97978pt x 267.84822pt.

Overfull \hbox (38.81187pt too wide) in paragraph at lines 89--90
 [][] 
 []


LaTeX Warning: `h' float specifier changed to `ht'.


Underfull \hbox (badness 10000) in paragraph at lines 105--106

 []


Underfull \hbox (badness 10000) in paragraph at lines 107--108

 []


Package fancyhdr Warning: \headheight is too small (12.0pt): 
(fancyhdr)                Make it at least 14.49998pt, for example:
(fancyhdr)                \setlength{\headheight}{14.49998pt}.
(fancyhdr)                You might also make \topmargin smaller to compensate:

(fancyhdr)                \addtolength{\topmargin}{-2.49998pt}.

[31 <./Figures/input_output/LED_Controller.png>]
<Figures/input_output/port_LED_Controller.png, id=753, 928.46875pt x 383.4325pt
>
File: Figures/input_output/port_LED_Controller.png Graphic file (type png)
<use Figures/input_output/port_LED_Controller.png>
Package pdftex.def Info: Figures/input_output/port_LED_Controller.png  used on 
input line 113.
(pdftex.def)             Requested size: 417.80708pt x 172.54303pt.

Underfull \hbox (badness 10000) in paragraph at lines 120--121

 []


Package fancyhdr Warning: \headheight is too small (12.0pt): 
(fancyhdr)                Make it at least 14.49998pt, for example:
(fancyhdr)                \setlength{\headheight}{14.49998pt}.
(fancyhdr)                You might also make \topmargin smaller to compensate:

(fancyhdr)                \addtolength{\topmargin}{-2.49998pt}.

[32 <./Figures/input_output/port_example.png> <./Figures/input_output/port_LED_
Controller.png>]
<Figures/input_output/pragma_port_interfaces.png, id=761, 1036.87375pt x 351.31
25pt>
File: Figures/input_output/pragma_port_interfaces.png Graphic file (type png)
<use Figures/input_output/pragma_port_interfaces.png>
Package pdftex.def Info: Figures/input_output/pragma_port_interfaces.png  used 
on input line 127.
(pdftex.def)             Requested size: 466.58888pt x 158.08916pt.

Overfull \hbox (14.42097pt too wide) in paragraph at lines 127--128
 [][] 
 []


Package fancyhdr Warning: \headheight is too small (12.0pt): 
(fancyhdr)                Make it at least 14.49998pt, for example:
(fancyhdr)                \setlength{\headheight}{14.49998pt}.
(fancyhdr)                You might also make \topmargin smaller to compensate:

(fancyhdr)                \addtolength{\topmargin}{-2.49998pt}.

[33 <./Figures/input_output/pragma_port_interfaces.png>]
Underfull \hbox (badness 10000) in paragraph at lines 177--178

 []


Underfull \hbox (badness 10000) in paragraph at lines 179--180

 []


Underfull \hbox (badness 10000) in paragraph at lines 184--185

 []


Package fancyhdr Warning: \headheight is too small (12.0pt): 
(fancyhdr)                Make it at least 14.49998pt, for example:
(fancyhdr)                \setlength{\headheight}{14.49998pt}.
(fancyhdr)                You might also make \topmargin smaller to compensate:

(fancyhdr)                \addtolength{\topmargin}{-2.49998pt}.

[34]
<Figures/input_output/in_out_circuit.png, id=775, 928.46875pt x 428.60126pt>
File: Figures/input_output/in_out_circuit.png Graphic file (type png)
<use Figures/input_output/in_out_circuit.png>
Package pdftex.def Info: Figures/input_output/in_out_circuit.png  used on input
 line 206.
(pdftex.def)             Requested size: 417.80708pt x 192.86877pt.
<Figures/input_output/switches_on_fpga.png, id=778, 1259.70625pt x 889.3225pt>
File: Figures/input_output/switches_on_fpga.png Graphic file (type png)
<use Figures/input_output/switches_on_fpga.png>
Package pdftex.def Info: Figures/input_output/switches_on_fpga.png  used on inp
ut line 217.
(pdftex.def)             Requested size: 377.9148pt x 266.7988pt.
<Figures/input_output/HLS_desing_in_out.pdf, id=780, 722.7pt x 406.51875pt>
File: Figures/input_output/HLS_desing_in_out.pdf Graphic file (type pdf)
<use Figures/input_output/HLS_desing_in_out.pdf>
Package pdftex.def Info: Figures/input_output/HLS_desing_in_out.pdf  used on in
put line 230.
(pdftex.def)             Requested size: 469.74944pt x 264.23404pt.

Overfull \hbox (17.58153pt too wide) in paragraph at lines 230--231
 [][] 
 []


Package fancyhdr Warning: \headheight is too small (12.0pt): 
(fancyhdr)                Make it at least 14.49998pt, for example:
(fancyhdr)                \setlength{\headheight}{14.49998pt}.
(fancyhdr)                You might also make \topmargin smaller to compensate:

(fancyhdr)                \addtolength{\topmargin}{-2.49998pt}.

[35 <./Figures/input_output/in_out_circuit.png> <./Figures/input_output/switche
s_on_fpga.png>]

Package fancyhdr Warning: \headheight is too small (12.0pt): 
(fancyhdr)                Make it at least 14.49998pt, for example:
(fancyhdr)                \setlength{\headheight}{14.49998pt}.
(fancyhdr)                You might also make \topmargin smaller to compensate:

(fancyhdr)                \addtolength{\topmargin}{-2.49998pt}.

[36 <./Figures/input_output/HLS_desing_in_out.pdf>]
<Figures/input_output/C_function_switcheLED.png, id=813, 594.22pt x 345.29pt>
File: Figures/input_output/C_function_switcheLED.png Graphic file (type png)
<use Figures/input_output/C_function_switcheLED.png>
Package pdftex.def Info: Figures/input_output/C_function_switcheLED.png  used o
n input line 268.
(pdftex.def)             Requested size: 267.39653pt x 155.37904pt.

Underfull \hbox (badness 10000) in paragraph at lines 273--274

 []


Underfull \hbox (badness 10000) in paragraph at lines 275--276

 []


Underfull \hbox (badness 10000) in paragraph at lines 277--278

 []

<Figures/input_output/function_call_graph.png, id=816, 741.77126pt x 320.19624p
t>
File: Figures/input_output/function_call_graph.png Graphic file (type png)
<use Figures/input_output/function_call_graph.png>
Package pdftex.def Info: Figures/input_output/function_call_graph.png  used on 
input line 283.
(pdftex.def)             Requested size: 333.79398pt x 144.08698pt.

Underfull \hbox (badness 10000) in paragraph at lines 288--289

 []


Package fancyhdr Warning: \headheight is too small (12.0pt): 
(fancyhdr)                Make it at least 14.49998pt, for example:
(fancyhdr)                \setlength{\headheight}{14.49998pt}.
(fancyhdr)                You might also make \topmargin smaller to compensate:

(fancyhdr)                \addtolength{\topmargin}{-2.49998pt}.

[37 <./Figures/input_output/C_function_switcheLED.png> <./Figures/input_output/
function_call_graph.png>]
<Figures/input_output/port_interface_modes_example.png, id=827, 1716.4125pt x 9
86.68625pt>
File: Figures/input_output/port_interface_modes_example.png Graphic file (type 
png)
<use Figures/input_output/port_interface_modes_example.png>
Package pdftex.def Info: Figures/input_output/port_interface_modes_example.png 
 used on input line 295.
(pdftex.def)             Requested size: 480.59222pt x 276.27026pt.

Overfull \hbox (28.42432pt too wide) in paragraph at lines 295--296
 [][] 
 []


Package fancyhdr Warning: \headheight is too small (12.0pt): 
(fancyhdr)                Make it at least 14.49998pt, for example:
(fancyhdr)                \setlength{\headheight}{14.49998pt}.
(fancyhdr)                You might also make \topmargin smaller to compensate:

(fancyhdr)                \addtolength{\topmargin}{-2.49998pt}.

[38 <./Figures/input_output/port_interface_modes_example.png>]
<Figures/input_output/mode_interface_switch_led.png, id=835, 998.73125pt x 528.
97626pt>
File: Figures/input_output/mode_interface_switch_led.png Graphic file (type png
)
<use Figures/input_output/mode_interface_switch_led.png>
Package pdftex.def Info: Figures/input_output/mode_interface_switch_led.png  us
ed on input line 313.
(pdftex.def)             Requested size: 349.56117pt x 185.14445pt.
<Figures/input_output/mode_interface_switch_led_2.png, id=838, 983.675pt x 484.
81125pt>
File: Figures/input_output/mode_interface_switch_led_2.png Graphic file (type p
ng)
<use Figures/input_output/mode_interface_switch_led_2.png>
Package pdftex.def Info: Figures/input_output/mode_interface_switch_led_2.png  
used on input line 334.
(pdftex.def)             Requested size: 344.29141pt x 169.68648pt.


Package fancyhdr Warning: \headheight is too small (12.0pt): 
(fancyhdr)                Make it at least 14.49998pt, for example:
(fancyhdr)                \setlength{\headheight}{14.49998pt}.
(fancyhdr)                You might also make \topmargin smaller to compensate:

(fancyhdr)                \addtolength{\topmargin}{-2.49998pt}.

[39 <./Figures/input_output/mode_interface_switch_led.png> <./Figures/input_out
put/mode_interface_switch_led_2.png>]) (./content/combinational_circuit.tex

Package fancyhdr Warning: \headheight is too small (12.0pt): 
(fancyhdr)                Make it at least 14.49998pt, for example:
(fancyhdr)                \setlength{\headheight}{14.49998pt}.
(fancyhdr)                You might also make \topmargin smaller to compensate:

(fancyhdr)                \addtolength{\topmargin}{-2.49998pt}.

[40]
Chapter 3.

Underfull \hbox (badness 10000) in paragraph at lines 10--11

 []

[41

]
<Figures/combinational_circuit/app_comb_circuit.png, id=859, 1009.7725pt x 1019
.81pt>
File: Figures/combinational_circuit/app_comb_circuit.png Graphic file (type png
)
<use Figures/combinational_circuit/app_comb_circuit.png>
Package pdftex.def Info: Figures/combinational_circuit/app_comb_circuit.png  us
ed on input line 36.
(pdftex.def)             Requested size: 454.39343pt x 458.91026pt.

Overfull \hbox (2.22552pt too wide) in paragraph at lines 36--37
 [][] 
 []


Package fancyhdr Warning: \headheight is too small (12.0pt): 
(fancyhdr)                Make it at least 14.49998pt, for example:
(fancyhdr)                \setlength{\headheight}{14.49998pt}.
(fancyhdr)                You might also make \topmargin smaller to compensate:

(fancyhdr)                \addtolength{\topmargin}{-2.49998pt}.

[42 <./Figures/combinational_circuit/app_comb_circuit.png>]
<Figures/combinational_circuit/delay_gate_example.png, id=866, 1259.70625pt x 6
84.5575pt>
File: Figures/combinational_circuit/delay_gate_example.png Graphic file (type p
ng)
<use Figures/combinational_circuit/delay_gate_example.png>
Package pdftex.def Info: Figures/combinational_circuit/delay_gate_example.png  
used on input line 50.
(pdftex.def)             Requested size: 503.87358pt x 273.81815pt.

Overfull \hbox (51.70567pt too wide) in paragraph at lines 50--51
 [][] 
 []


Package fancyhdr Warning: \headheight is too small (12.0pt): 
(fancyhdr)                Make it at least 14.49998pt, for example:
(fancyhdr)                \setlength{\headheight}{14.49998pt}.
(fancyhdr)                You might also make \topmargin smaller to compensate:

(fancyhdr)                \addtolength{\topmargin}{-2.49998pt}.

[43 <./Figures/combinational_circuit/delay_gate_example.png>]
<Figures/combinational_circuit/delay_comb_circuit_example.png, id=877, 1765.596
25pt x 753.81625pt>
File: Figures/combinational_circuit/delay_comb_circuit_example.png Graphic file
 (type png)
<use Figures/combinational_circuit/delay_comb_circuit_example.png>
Package pdftex.def Info: Figures/combinational_circuit/delay_comb_circuit_examp
le.png  used on input line 72.
(pdftex.def)             Requested size: 476.71736pt x 203.53311pt.

Overfull \hbox (24.54945pt too wide) in paragraph at lines 72--73
 [][] 
 []

<Figures/combinational_circuit/full_adder.png, id=879, 716.6775pt x 474.77374pt
>
File: Figures/combinational_circuit/full_adder.png Graphic file (type png)
<use Figures/combinational_circuit/full_adder.png>
Package pdftex.def Info: Figures/combinational_circuit/full_adder.png  used on 
input line 98.
(pdftex.def)             Requested size: 215.00491pt x 142.43321pt.

Package fancyhdr Warning: \headheight is too small (12.0pt): 
(fancyhdr)                Make it at least 14.49998pt, for example:
(fancyhdr)                \setlength{\headheight}{14.49998pt}.
(fancyhdr)                You might also make \topmargin smaller to compensate:

(fancyhdr)                \addtolength{\topmargin}{-2.49998pt}.

[44 <./Figures/combinational_circuit/delay_comb_circuit_example.png> <./Figures
/combinational_circuit/full_adder.png>]
<Figures/combinational_circuit/full_adder_delay.png, id=889, 1269.74374pt x 584
.1825pt>
File: Figures/combinational_circuit/full_adder_delay.png Graphic file (type png
)
<use Figures/combinational_circuit/full_adder_delay.png>
Package pdftex.def Info: Figures/combinational_circuit/full_adder_delay.png  us
ed on input line 108.
(pdftex.def)             Requested size: 380.92606pt x 175.25609pt.

Underfull \hbox (badness 10000) in paragraph at lines 113--114

 []

<Figures/combinational_circuit/ripple_desing_adder.png, id=891, 1229.59375pt x 
676.5275pt>
File: Figures/combinational_circuit/ripple_desing_adder.png Graphic file (type 
png)
<use Figures/combinational_circuit/ripple_desing_adder.png>
Package pdftex.def Info: Figures/combinational_circuit/ripple_desing_adder.png 
 used on input line 120.
(pdftex.def)             Requested size: 368.88097pt x 202.95981pt.

Package fancyhdr Warning: \headheight is too small (12.0pt): 
(fancyhdr)                Make it at least 14.49998pt, for example:
(fancyhdr)                \setlength{\headheight}{14.49998pt}.
(fancyhdr)                You might also make \topmargin smaller to compensate:

(fancyhdr)                \addtolength{\topmargin}{-2.49998pt}.

[45 <./Figures/combinational_circuit/full_adder_delay.png> <./Figures/combinati
onal_circuit/ripple_desing_adder.png>]
<Figures/combinational_circuit/N_adder_path.png, id=903, 1224.575pt x 370.38374
pt>
File: Figures/combinational_circuit/N_adder_path.png Graphic file (type png)
<use Figures/combinational_circuit/N_adder_path.png>
Package pdftex.def Info: Figures/combinational_circuit/N_adder_path.png  used o
n input line 130.
(pdftex.def)             Requested size: 367.37534pt x 111.11597pt.
<Figures/combinational_circuit/N_adder_trace_delay.png, id=906, 1185.42876pt x 
581.17125pt>
File: Figures/combinational_circuit/N_adder_trace_delay.png Graphic file (type 
png)
<use Figures/combinational_circuit/N_adder_trace_delay.png>
Package pdftex.def Info: Figures/combinational_circuit/N_adder_trace_delay.png 
 used on input line 150.
(pdftex.def)             Requested size: 355.63136pt x 174.35272pt.


Package fancyhdr Warning: \headheight is too small (12.0pt): 
(fancyhdr)                Make it at least 14.49998pt, for example:
(fancyhdr)                \setlength{\headheight}{14.49998pt}.
(fancyhdr)                You might also make \topmargin smaller to compensate:

(fancyhdr)                \addtolength{\topmargin}{-2.49998pt}.

[46 <./Figures/combinational_circuit/N_adder_path.png> <./Figures/combinational
_circuit/N_adder_trace_delay.png>]
<Figures/combinational_circuit/example_comb_circuit.png, id=917, 959.585pt x 42
3.5825pt>
File: Figures/combinational_circuit/example_comb_circuit.png Graphic file (type
 png)
<use Figures/combinational_circuit/example_comb_circuit.png>
Package pdftex.def Info: Figures/combinational_circuit/example_comb_circuit.png
  used on input line 181.
(pdftex.def)             Requested size: 335.85977pt x 148.25609pt.
<Figures/combinational_circuit/HLS_comb_circuit.png, id=919, 980.66376pt x 538.
01pt>
File: Figures/combinational_circuit/HLS_comb_circuit.png Graphic file (type png
)
<use Figures/combinational_circuit/HLS_comb_circuit.png>
Package pdftex.def Info: Figures/combinational_circuit/HLS_comb_circuit.png  us
ed on input line 190.
(pdftex.def)             Requested size: 294.2014pt x 161.40424pt.


Package fancyhdr Warning: \headheight is too small (12.0pt): 
(fancyhdr)                Make it at least 14.49998pt, for example:
(fancyhdr)                \setlength{\headheight}{14.49998pt}.
(fancyhdr)                You might also make \topmargin smaller to compensate:

(fancyhdr)                \addtolength{\topmargin}{-2.49998pt}.

[47 <./Figures/combinational_circuit/example_comb_circuit.png> <./Figures/combi
national_circuit/HLS_comb_circuit.png>]

Package fancyhdr Warning: \headheight is too small (12.0pt): 
(fancyhdr)                Make it at least 14.49998pt, for example:
(fancyhdr)                \setlength{\headheight}{14.49998pt}.
(fancyhdr)                You might also make \topmargin smaller to compensate:

(fancyhdr)                \addtolength{\topmargin}{-2.49998pt}.

[48]
<Figures/combinational_circuit/comb_circuit_report.png, id=936, 1477.52pt x 100
8.76875pt>
File: Figures/combinational_circuit/comb_circuit_report.png Graphic file (type 
png)
<use Figures/combinational_circuit/comb_circuit_report.png>
Package pdftex.def Info: Figures/combinational_circuit/comb_circuit_report.png 
 used on input line 239.
(pdftex.def)             Requested size: 517.13976pt x 353.07436pt.

Overfull \hbox (64.97185pt too wide) in paragraph at lines 239--240
 [][] 
 []


Package fancyhdr Warning: \headheight is too small (12.0pt): 
(fancyhdr)                Make it at least 14.49998pt, for example:
(fancyhdr)                \setlength{\headheight}{14.49998pt}.
(fancyhdr)                You might also make \topmargin smaller to compensate:

(fancyhdr)                \addtolength{\topmargin}{-2.49998pt}.

[49 <./Figures/combinational_circuit/comb_circuit_report.png>]
Underfull \hbox (badness 10000) in paragraph at lines 286--287

 []

<Figures/combinational_circuit/sub_functions.png, id=945, 961.5925pt x 462.7287
4pt>
File: Figures/combinational_circuit/sub_functions.png Graphic file (type png)
<use Figures/combinational_circuit/sub_functions.png>
Package pdftex.def Info: Figures/combinational_circuit/sub_functions.png  used 
on input line 292.
(pdftex.def)             Requested size: 336.56241pt x 161.95749pt.
<Figures/combinational_circuit/function_args_ports.png, id=946, 1156.32pt x 362
.35374pt>
File: Figures/combinational_circuit/function_args_ports.png Graphic file (type 
png)
<use Figures/combinational_circuit/function_args_ports.png>
Package pdftex.def Info: Figures/combinational_circuit/function_args_ports.png 
 used on input line 301.
(pdftex.def)             Requested size: 404.71806pt x 126.8257pt.

LaTeX Warning: `h' float specifier changed to `ht'.


Package fancyhdr Warning: \headheight is too small (12.0pt): 
(fancyhdr)                Make it at least 14.49998pt, for example:
(fancyhdr)                \setlength{\headheight}{14.49998pt}.
(fancyhdr)                You might also make \topmargin smaller to compensate:

(fancyhdr)                \addtolength{\topmargin}{-2.49998pt}.

[50 <./Figures/combinational_circuit/sub_functions.png>]
<Figures/combinational_circuit/inline_func_ex.png, id=955, 298.11375pt x 263.98
625pt>
File: Figures/combinational_circuit/inline_func_ex.png Graphic file (type png)
<use Figures/combinational_circuit/inline_func_ex.png>
Package pdftex.def Info: Figures/combinational_circuit/inline_func_ex.png  used
 on input line 319.
(pdftex.def)             Requested size: 193.77164pt x 171.58902pt.


Package fancyhdr Warning: \headheight is too small (12.0pt): 
(fancyhdr)                Make it at least 14.49998pt, for example:
(fancyhdr)                \setlength{\headheight}{14.49998pt}.
(fancyhdr)                You might also make \topmargin smaller to compensate:

(fancyhdr)                \addtolength{\topmargin}{-2.49998pt}.

[51 <./Figures/combinational_circuit/function_args_ports.png> <./Figures/combin
ational_circuit/inline_func_ex.png>]
Underfull \hbox (badness 10000) in paragraph at lines 344--345

 []

<Figures/combinational_circuit/DFG_example.png, id=965, 1064.97874pt x 450.6837
5pt>
File: Figures/combinational_circuit/DFG_example.png Graphic file (type png)
<use Figures/combinational_circuit/DFG_example.png>
Package pdftex.def Info: Figures/combinational_circuit/DFG_example.png  used on
 input line 351.
(pdftex.def)             Requested size: 372.74814pt x 157.74167pt.

Underfull \hbox (badness 10000) in paragraph at lines 363--364

 []


Underfull \hbox (badness 10000) in paragraph at lines 368--369

 []


Package fancyhdr Warning: \headheight is too small (12.0pt): 
(fancyhdr)                Make it at least 14.49998pt, for example:
(fancyhdr)                \setlength{\headheight}{14.49998pt}.
(fancyhdr)                You might also make \topmargin smaller to compensate:

(fancyhdr)                \addtolength{\topmargin}{-2.49998pt}.

[52 <./Figures/combinational_circuit/DFG_example.png>]
Underfull \hbox (badness 10000) in paragraph at lines 371--372

 []

<Figures/combinational_circuit/graph_unrolling.png, id=973, 936.49875pt x 220.8
25pt>
File: Figures/combinational_circuit/graph_unrolling.png Graphic file (type png)

<use Figures/combinational_circuit/graph_unrolling.png>
Package pdftex.def Info: Figures/combinational_circuit/graph_unrolling.png  use
d on input line 377.
(pdftex.def)             Requested size: 421.42055pt x 99.37032pt.

Underfull \hbox (badness 10000) in paragraph at lines 382--383

 []

<Figures/combinational_circuit/if_else_DFG.png, id=975, 951.555pt x 567.11874pt
>
File: Figures/combinational_circuit/if_else_DFG.png Graphic file (type png)
<use Figures/combinational_circuit/if_else_DFG.png>
Package pdftex.def Info: Figures/combinational_circuit/if_else_DFG.png  used on
 input line 388.
(pdftex.def)             Requested size: 428.19579pt x 255.20107pt.

Package fancyhdr Warning: \headheight is too small (12.0pt): 
(fancyhdr)                Make it at least 14.49998pt, for example:
(fancyhdr)                \setlength{\headheight}{14.49998pt}.
(fancyhdr)                You might also make \topmargin smaller to compensate:

(fancyhdr)                \addtolength{\topmargin}{-2.49998pt}.

[53 <./Figures/combinational_circuit/graph_unrolling.png> <./Figures/combinatio
nal_circuit/if_else_DFG.png>]
<Figures/combinational_circuit/if_else_DFG_cycle.png, id=988, 990.70125pt x 591
.20876pt>
File: Figures/combinational_circuit/if_else_DFG_cycle.png Graphic file (type pn
g)
<use Figures/combinational_circuit/if_else_DFG_cycle.png>
Package pdftex.def Info: Figures/combinational_circuit/if_else_DFG_cycle.png  u
sed on input line 408.
(pdftex.def)             Requested size: 445.81145pt x 266.04147pt.


Package fancyhdr Warning: \headheight is too small (12.0pt): 
(fancyhdr)                Make it at least 14.49998pt, for example:
(fancyhdr)                \setlength{\headheight}{14.49998pt}.
(fancyhdr)                You might also make \topmargin smaller to compensate:

(fancyhdr)                \addtolength{\topmargin}{-2.49998pt}.

[54 <./Figures/combinational_circuit/if_else_DFG_cycle.png>]
<Figures/combinational_circuit/if_else_DFG_cycle_2.png, id=998, 992.70876pt x 5
77.15625pt>
File: Figures/combinational_circuit/if_else_DFG_cycle_2.png Graphic file (type 
png)
<use Figures/combinational_circuit/if_else_DFG_cycle_2.png>
Package pdftex.def Info: Figures/combinational_circuit/if_else_DFG_cycle_2.png 
 used on input line 424.
(pdftex.def)             Requested size: 446.71481pt x 259.71791pt.


Package fancyhdr Warning: \headheight is too small (12.0pt): 
(fancyhdr)                Make it at least 14.49998pt, for example:
(fancyhdr)                \setlength{\headheight}{14.49998pt}.
(fancyhdr)                You might also make \topmargin smaller to compensate:

(fancyhdr)                \addtolength{\topmargin}{-2.49998pt}.

[55 <./Figures/combinational_circuit/if_else_DFG_cycle_2.png>]
<Figures/combinational_circuit/traffic_light_system.png, id=1006, 1308.89pt x 5
22.95375pt>
File: Figures/combinational_circuit/traffic_light_system.png Graphic file (type
 png)
<use Figures/combinational_circuit/traffic_light_system.png>
Package pdftex.def Info: Figures/combinational_circuit/traffic_light_system.png
  used on input line 442.
(pdftex.def)             Requested size: 458.11836pt x 183.03654pt.

Overfull \hbox (5.95045pt too wide) in paragraph at lines 442--443
 [][] 
 []


Package fancyhdr Warning: \headheight is too small (12.0pt): 
(fancyhdr)                Make it at least 14.49998pt, for example:
(fancyhdr)                \setlength{\headheight}{14.49998pt}.
(fancyhdr)                You might also make \topmargin smaller to compensate:

(fancyhdr)                \addtolength{\topmargin}{-2.49998pt}.

[56 <./Figures/combinational_circuit/traffic_light_system.png>]
<Figures/combinational_circuit/traffic_light_table.png, id=1016, 1254.6875pt x 
719.68875pt>
File: Figures/combinational_circuit/traffic_light_table.png Graphic file (type 
png)
<use Figures/combinational_circuit/traffic_light_table.png>
Package pdftex.def Info: Figures/combinational_circuit/traffic_light_table.png 
 used on input line 470.
(pdftex.def)             Requested size: 439.1472pt x 251.89484pt.

Underfull \hbox (badness 10000) in paragraph at lines 480--481

 []


LaTeX Warning: `h' float specifier changed to `ht'.


Package fancyhdr Warning: \headheight is too small (12.0pt): 
(fancyhdr)                Make it at least 14.49998pt, for example:
(fancyhdr)                \setlength{\headheight}{14.49998pt}.
(fancyhdr)                You might also make \topmargin smaller to compensate:

(fancyhdr)                \addtolength{\topmargin}{-2.49998pt}.

[57 <./Figures/combinational_circuit/traffic_light_table.png>])
(./content/testbench.tex

Package fancyhdr Warning: \headheight is too small (12.0pt): 
(fancyhdr)                Make it at least 14.49998pt, for example:
(fancyhdr)                \setlength{\headheight}{14.49998pt}.
(fancyhdr)                You might also make \topmargin smaller to compensate:

(fancyhdr)                \addtolength{\topmargin}{-2.49998pt}.

[58]
Chapter 4.

Underfull \hbox (badness 10000) in paragraph at lines 7--8

 []

<Figures/testbench/testbench_concept.png, id=1031, 1356.06625pt x 701.62125pt>
File: Figures/testbench/testbench_concept.png Graphic file (type png)
<use Figures/testbench/testbench_concept.png>
Package pdftex.def Info: Figures/testbench/testbench_concept.png  used on input
 line 24.
(pdftex.def)             Requested size: 474.6303pt x 245.5711pt.

Overfull \hbox (22.46239pt too wide) in paragraph at lines 24--25
 [][] 
 []

[59

 <./Figures/testbench/testbench_concept.png>]

Package fancyhdr Warning: \headheight is too small (12.0pt): 
(fancyhdr)                Make it at least 14.49998pt, for example:
(fancyhdr)                \setlength{\headheight}{14.49998pt}.
(fancyhdr)                You might also make \topmargin smaller to compensate:

(fancyhdr)                \addtolength{\topmargin}{-2.49998pt}.

[60]
<Figures/testbench/hls_normal_flow.png, id=1043, 410.53375pt x 593.21625pt>
File: Figures/testbench/hls_normal_flow.png Graphic file (type png)
<use Figures/testbench/hls_normal_flow.png>
Package pdftex.def Info: Figures/testbench/hls_normal_flow.png  used on input l
ine 48.
(pdftex.def)             Requested size: 164.21059pt x 237.28229pt.


Package fancyhdr Warning: \headheight is too small (12.0pt): 
(fancyhdr)                Make it at least 14.49998pt, for example:
(fancyhdr)                \setlength{\headheight}{14.49998pt}.
(fancyhdr)                You might also make \topmargin smaller to compensate:

(fancyhdr)                \addtolength{\topmargin}{-2.49998pt}.

[61 <./Figures/testbench/hls_normal_flow.png>]
<Figures/testbench/hls_simulation.png, id=1053, 672.5125pt x 594.22pt>
File: Figures/testbench/hls_simulation.png Graphic file (type png)
<use Figures/testbench/hls_simulation.png>
Package pdftex.def Info: Figures/testbench/hls_simulation.png  used on input li
ne 76.
(pdftex.def)             Requested size: 269.00023pt x 237.68379pt.
<Figures/testbench/rtl_rechecking.png, id=1055, 845.1575pt x 520.94624pt>
File: Figures/testbench/rtl_rechecking.png Graphic file (type png)
<use Figures/testbench/rtl_rechecking.png>
Package pdftex.def Info: Figures/testbench/rtl_rechecking.png  used on input li
ne 89.
(pdftex.def)             Requested size: 338.057pt x 208.3748pt.
) (./content/data_type.tex

Package fancyhdr Warning: \headheight is too small (12.0pt): 
(fancyhdr)                Make it at least 14.49998pt, for example:
(fancyhdr)                \setlength{\headheight}{14.49998pt}.
(fancyhdr)                You might also make \topmargin smaller to compensate:

(fancyhdr)                \addtolength{\topmargin}{-2.49998pt}.

[62 <./Figures/testbench/hls_simulation.png> <./Figures/testbench/rtl_recheckin
g.png>]
Chapter 5.
[63

]
<Figures/data_types/data_types_modifiers.png, id=1068, 1122.1925pt x 601.24625p
t>
File: Figures/data_types/data_types_modifiers.png Graphic file (type png)
<use Figures/data_types/data_types_modifiers.png>
Package pdftex.def Info: Figures/data_types/data_types_modifiers.png  used on i
nput line 32.
(pdftex.def)             Requested size: 392.77327pt x 210.43933pt.


Package fancyhdr Warning: \headheight is too small (12.0pt): 
(fancyhdr)                Make it at least 14.49998pt, for example:
(fancyhdr)                \setlength{\headheight}{14.49998pt}.
(fancyhdr)                You might also make \topmargin smaller to compensate:

(fancyhdr)                \addtolength{\topmargin}{-2.49998pt}.

[64 <./Figures/data_types/data_types_modifiers.png>]
Underfull \hbox (badness 10000) in paragraph at lines 40--41

 []

<Figures/data_types/function_example.png, id=1076, 843.15pt x 643.40375pt>
File: Figures/data_types/function_example.png Graphic file (type png)
<use Figures/data_types/function_example.png>
Package pdftex.def Info: Figures/data_types/function_example.png  used on input
 line 46.
(pdftex.def)             Requested size: 379.41399pt x 289.529pt.

Package fancyhdr Warning: \headheight is too small (12.0pt): 
(fancyhdr)                Make it at least 14.49998pt, for example:
(fancyhdr)                \setlength{\headheight}{14.49998pt}.
(fancyhdr)                You might also make \topmargin smaller to compensate:

(fancyhdr)                \addtolength{\topmargin}{-2.49998pt}.

[65 <./Figures/data_types/function_example.png>]
<Figures/data_types/optim_example.png, id=1085, 956.57375pt x 404.51125pt>
File: Figures/data_types/optim_example.png Graphic file (type png)
<use Figures/data_types/optim_example.png>
Package pdftex.def Info: Figures/data_types/optim_example.png  used on input li
ne 56.
(pdftex.def)             Requested size: 334.80583pt x 141.58105pt.


Package fancyhdr Warning: \headheight is too small (12.0pt): 
(fancyhdr)                Make it at least 14.49998pt, for example:
(fancyhdr)                \setlength{\headheight}{14.49998pt}.
(fancyhdr)                You might also make \topmargin smaller to compensate:

(fancyhdr)                \addtolength{\topmargin}{-2.49998pt}.

[66 <./Figures/data_types/optim_example.png>]
Underfull \hbox (badness 10000) in paragraph at lines 65--67

 []

<Figures/data_types/bitwidth_cpp.png, id=1092, 1252.68pt x 483.8075pt>
File: Figures/data_types/bitwidth_cpp.png Graphic file (type png)
<use Figures/data_types/bitwidth_cpp.png>
Package pdftex.def Info: Figures/data_types/bitwidth_cpp.png  used on input lin
e 72.
(pdftex.def)             Requested size: 438.44456pt x 169.33516pt.

Package fancyhdr Warning: \headheight is too small (12.0pt): 
(fancyhdr)                Make it at least 14.49998pt, for example:
(fancyhdr)                \setlength{\headheight}{14.49998pt}.
(fancyhdr)                You might also make \topmargin smaller to compensate:

(fancyhdr)                \addtolength{\topmargin}{-2.49998pt}.

[67 <./Figures/data_types/bitwidth_cpp.png>]
<Figures/data_types/init_bitwidth_ex.png, id=1101, 1148.29pt x 614.295pt>
File: Figures/data_types/init_bitwidth_ex.png Graphic file (type png)
<use Figures/data_types/init_bitwidth_ex.png>
Package pdftex.def Info: Figures/data_types/init_bitwidth_ex.png  used on input
 line 92.
(pdftex.def)             Requested size: 401.90752pt x 215.00647pt.


Package fancyhdr Warning: \headheight is too small (12.0pt): 
(fancyhdr)                Make it at least 14.49998pt, for example:
(fancyhdr)                \setlength{\headheight}{14.49998pt}.
(fancyhdr)                You might also make \topmargin smaller to compensate:

(fancyhdr)                \addtolength{\topmargin}{-2.49998pt}.

[68 <./Figures/data_types/init_bitwidth_ex.png>]
<Figures/data_types/format_printing.png, id=1111, 798.985pt x 460.72125pt>
File: Figures/data_types/format_printing.png Graphic file (type png)
<use Figures/data_types/format_printing.png>
Package pdftex.def Info: Figures/data_types/format_printing.png  used on input 
line 120.
(pdftex.def)             Requested size: 279.64894pt x 161.25485pt.


Package fancyhdr Warning: \headheight is too small (12.0pt): 
(fancyhdr)                Make it at least 14.49998pt, for example:
(fancyhdr)                \setlength{\headheight}{14.49998pt}.
(fancyhdr)                You might also make \topmargin smaller to compensate:

(fancyhdr)                \addtolength{\topmargin}{-2.49998pt}.

[69 <./Figures/data_types/format_printing.png>]
<Figures/data_types/var_assignment.png, id=1119, 1163.34625pt x 584.1825pt>
File: Figures/data_types/var_assignment.png Graphic file (type png)
<use Figures/data_types/var_assignment.png>
Package pdftex.def Info: Figures/data_types/var_assignment.png  used on input l
ine 133.
(pdftex.def)             Requested size: 407.17729pt x 204.46693pt.

Overfull \hbox (26.69069pt too wide) in paragraph at lines 148--149
[]\OT1/cmr/m/it/12 To make a re-view about C++ pro-gram-ming later , the con-ce
pt of tem-plate, constructor,$[] $ 
 []


Package fancyhdr Warning: \headheight is too small (12.0pt): 
(fancyhdr)                Make it at least 14.49998pt, for example:
(fancyhdr)                \setlength{\headheight}{14.49998pt}.
(fancyhdr)                You might also make \topmargin smaller to compensate:

(fancyhdr)                \addtolength{\topmargin}{-2.49998pt}.

[70 <./Figures/data_types/var_assignment.png>]
<Figures/data_types/assignment_types.png, id=1127, 1298.8525pt x 613.29124pt>
File: Figures/data_types/assignment_types.png Graphic file (type png)
<use Figures/data_types/assignment_types.png>
Package pdftex.def Info: Figures/data_types/assignment_types.png  used on input
 line 165.
(pdftex.def)             Requested size: 454.6052pt x 214.65514pt.

Overfull \hbox (2.43729pt too wide) in paragraph at lines 165--166
 [][] 
 []


Underfull \hbox (badness 10000) in paragraph at lines 190--191

 []


Package fancyhdr Warning: \headheight is too small (12.0pt): 
(fancyhdr)                Make it at least 14.49998pt, for example:
(fancyhdr)                \setlength{\headheight}{14.49998pt}.
(fancyhdr)                You might also make \topmargin smaller to compensate:

(fancyhdr)                \addtolength{\topmargin}{-2.49998pt}.

[71 <./Figures/data_types/assignment_types.png>]
<Figures/data_types/sign_extension.png, id=1135, 1353.055pt x 615.29875pt>
File: Figures/data_types/sign_extension.png Graphic file (type png)
<use Figures/data_types/sign_extension.png>
Package pdftex.def Info: Figures/data_types/sign_extension.png  used on input l
ine 202.
(pdftex.def)             Requested size: 473.57634pt x 215.35779pt.

Overfull \hbox (21.40843pt too wide) in paragraph at lines 202--203
 [][] 
 []


Package fancyhdr Warning: \headheight is too small (12.0pt): 
(fancyhdr)                Make it at least 14.49998pt, for example:
(fancyhdr)                \setlength{\headheight}{14.49998pt}.
(fancyhdr)                You might also make \topmargin smaller to compensate:

(fancyhdr)                \addtolength{\topmargin}{-2.49998pt}.

[72 <./Figures/data_types/sign_extension.png>]
<Figures/data_types/zero_extension.png, id=1144, 1348.03625pt x 634.37pt>
File: Figures/data_types/zero_extension.png Graphic file (type png)
<use Figures/data_types/zero_extension.png>
Package pdftex.def Info: Figures/data_types/zero_extension.png  used on input l
ine 245.
(pdftex.def)             Requested size: 471.81976pt x 222.03282pt.

Overfull \hbox (19.65186pt too wide) in paragraph at lines 245--246
 [][] 
 []


Package fancyhdr Warning: \headheight is too small (12.0pt): 
(fancyhdr)                Make it at least 14.49998pt, for example:
(fancyhdr)                \setlength{\headheight}{14.49998pt}.
(fancyhdr)                You might also make \topmargin smaller to compensate:

(fancyhdr)                \addtolength{\topmargin}{-2.49998pt}.

[73 <./Figures/data_types/zero_extension.png>]
<Figures/data_types/truncation.png, id=1152, 1300.86pt x 676.5275pt>
File: Figures/data_types/truncation.png Graphic file (type png)
<use Figures/data_types/truncation.png>
Package pdftex.def Info: Figures/data_types/truncation.png  used on input line 
273.
(pdftex.def)             Requested size: 455.30783pt x 236.78816pt.

Overfull \hbox (3.13992pt too wide) in paragraph at lines 273--274
 [][] 
 []


Package fancyhdr Warning: \headheight is too small (12.0pt): 
(fancyhdr)                Make it at least 14.49998pt, for example:
(fancyhdr)                \setlength{\headheight}{14.49998pt}.
(fancyhdr)                You might also make \topmargin smaller to compensate:

(fancyhdr)                \addtolength{\topmargin}{-2.49998pt}.

[74 <./Figures/data_types/truncation.png>]
<Figures/data_types/concat.png, id=1159, 1175.39125pt x 486.81876pt>
File: Figures/data_types/concat.png Graphic file (type png)
<use Figures/data_types/concat.png>
Package pdftex.def Info: Figures/data_types/concat.png  used on input line 294.

(pdftex.def)             Requested size: 411.39311pt x 170.38911pt.
<Figures/data_types/concat_comma.png, id=1161, 1172.38pt x 472.76625pt>
File: Figures/data_types/concat_comma.png Graphic file (type png)
<use Figures/data_types/concat_comma.png>
Package pdftex.def Info: Figures/data_types/concat_comma.png  used on input lin
e 309.
(pdftex.def)             Requested size: 410.33914pt x 165.47066pt.


Package fancyhdr Warning: \headheight is too small (12.0pt): 
(fancyhdr)                Make it at least 14.49998pt, for example:
(fancyhdr)                \setlength{\headheight}{14.49998pt}.
(fancyhdr)                You might also make \topmargin smaller to compensate:

(fancyhdr)                \addtolength{\topmargin}{-2.49998pt}.

[75 <./Figures/data_types/concat.png> <./Figures/data_types/concat_comma.png>]
<Figures/data_types/bit_selection.png, id=1172, 1122.1925pt x 613.29124pt>
File: Figures/data_types/bit_selection.png Graphic file (type png)
<use Figures/data_types/bit_selection.png>
Package pdftex.def Info: Figures/data_types/bit_selection.png  used on input li
ne 321.
(pdftex.def)             Requested size: 392.77327pt x 214.65514pt.


Package fancyhdr Warning: \headheight is too small (12.0pt): 
(fancyhdr)                Make it at least 14.49998pt, for example:
(fancyhdr)                \setlength{\headheight}{14.49998pt}.
(fancyhdr)                You might also make \topmargin smaller to compensate:

(fancyhdr)                \addtolength{\topmargin}{-2.49998pt}.

[76 <./Figures/data_types/bit_selection.png>]
<Figures/data_types/range_bits.png, id=1180, 1020.81375pt x 653.44125pt>
File: Figures/data_types/range_bits.png Graphic file (type png)
<use Figures/data_types/range_bits.png>
Package pdftex.def Info: Figures/data_types/range_bits.png  used on input line 
333.
(pdftex.def)             Requested size: 357.29016pt x 228.70786pt.


Package fancyhdr Warning: \headheight is too small (12.0pt): 
(fancyhdr)                Make it at least 14.49998pt, for example:
(fancyhdr)                \setlength{\headheight}{14.49998pt}.
(fancyhdr)                You might also make \topmargin smaller to compensate:

(fancyhdr)                \addtolength{\topmargin}{-2.49998pt}.

[77 <./Figures/data_types/range_bits.png>]
<Figures/data_types/bitwise_operations.png, id=1190, 1065.9825pt x 435.6275pt>
File: Figures/data_types/bitwise_operations.png Graphic file (type png)
<use Figures/data_types/bitwise_operations.png>
Package pdftex.def Info: Figures/data_types/bitwise_operations.png  used on inp
ut line 356.
(pdftex.def)             Requested size: 373.09947pt x 152.47191pt.


Package fancyhdr Warning: \headheight is too small (12.0pt): 
(fancyhdr)                Make it at least 14.49998pt, for example:
(fancyhdr)                \setlength{\headheight}{14.49998pt}.
(fancyhdr)                You might also make \topmargin smaller to compensate:

(fancyhdr)                \addtolength{\topmargin}{-2.49998pt}.

[78 <./Figures/data_types/bitwise_operations.png>]
<Figures/data_types/reduced_logical_function.png, id=1198, 1121.18875pt x 510.9
0875pt>
File: Figures/data_types/reduced_logical_function.png Graphic file (type png)
<use Figures/data_types/reduced_logical_function.png>
Package pdftex.def Info: Figures/data_types/reduced_logical_function.png  used 
on input line 387.
(pdftex.def)             Requested size: 392.42194pt x 178.82074pt.


Package fancyhdr Warning: \headheight is too small (12.0pt): 
(fancyhdr)                Make it at least 14.49998pt, for example:
(fancyhdr)                \setlength{\headheight}{14.49998pt}.
(fancyhdr)                You might also make \topmargin smaller to compensate:

(fancyhdr)                \addtolength{\topmargin}{-2.49998pt}.

[79 <./Figures/data_types/reduced_logical_function.png>]
<Figures/data_types/set_reset_test.png, id=1207, 1148.29pt x 532.99126pt>
File: Figures/data_types/set_reset_test.png Graphic file (type png)
<use Figures/data_types/set_reset_test.png>
Package pdftex.def Info: Figures/data_types/set_reset_test.png  used on input l
ine 409.
(pdftex.def)             Requested size: 401.90752pt x 186.54973pt.


Package fancyhdr Warning: \headheight is too small (12.0pt): 
(fancyhdr)                Make it at least 14.49998pt, for example:
(fancyhdr)                \setlength{\headheight}{14.49998pt}.
(fancyhdr)                You might also make \topmargin smaller to compensate:

(fancyhdr)                \addtolength{\topmargin}{-2.49998pt}.

[80 <./Figures/data_types/set_reset_test.png>]
<Figures/data_types/bit_shift.png, id=1215, 1032.85875pt x 494.84875pt>
File: Figures/data_types/bit_shift.png Graphic file (type png)
<use Figures/data_types/bit_shift.png>
Package pdftex.def Info: Figures/data_types/bit_shift.png  used on input line 4
22.
(pdftex.def)             Requested size: 361.50598pt x 173.19966pt.
<Figures/data_types/bit_rotate.png, id=1217, 975.645pt x 463.7325pt>
File: Figures/data_types/bit_rotate.png Graphic file (type png)
<use Figures/data_types/bit_rotate.png>
Package pdftex.def Info: Figures/data_types/bit_rotate.png  used on input line 
431.
(pdftex.def)             Requested size: 341.48087pt x 162.30879pt.
) (./content/decision_making.tex

Package fancyhdr Warning: \headheight is too small (12.0pt): 
(fancyhdr)                Make it at least 14.49998pt, for example:
(fancyhdr)                \setlength{\headheight}{14.49998pt}.
(fancyhdr)                You might also make \topmargin smaller to compensate:

(fancyhdr)                \addtolength{\topmargin}{-2.49998pt}.

[81 <./Figures/data_types/bit_shift.png> <./Figures/data_types/bit_rotate.png>]

Package fancyhdr Warning: \headheight is too small (12.0pt): 
(fancyhdr)                Make it at least 14.49998pt, for example:
(fancyhdr)                \setlength{\headheight}{14.49998pt}.
(fancyhdr)                You might also make \topmargin smaller to compensate:

(fancyhdr)                \addtolength{\topmargin}{-2.49998pt}.

[82

]
Chapter 6.
<Figures/conditions/condition_soft.png, id=1231, 1088.065pt x 483.8075pt>
File: Figures/conditions/condition_soft.png Graphic file (type png)
<use Figures/conditions/condition_soft.png>
Package pdftex.def Info: Figures/conditions/condition_soft.png  used on input l
ine 16.
(pdftex.def)             Requested size: 380.82846pt x 169.33516pt.
[83 <./Figures/conditions/condition_soft.png>]
<Figures/conditions/condition_hard_switch.png, id=1239, 1007.765pt x 543.02875p
t>
File: Figures/conditions/condition_hard_switch.png Graphic file (type png)
<use Figures/conditions/condition_hard_switch.png>
Package pdftex.def Info: Figures/conditions/condition_hard_switch.png  used on 
input line 34.
(pdftex.def)             Requested size: 352.72304pt x 190.0629pt.


Package fancyhdr Warning: \headheight is too small (12.0pt): 
(fancyhdr)                Make it at least 14.49998pt, for example:
(fancyhdr)                \setlength{\headheight}{14.49998pt}.
(fancyhdr)                You might also make \topmargin smaller to compensate:

(fancyhdr)                \addtolength{\topmargin}{-2.49998pt}.

[84 <./Figures/conditions/condition_hard_switch.png>]
<Figures/conditions/MUX.pdf, id=1247, 722.7pt x 406.51875pt>
File: Figures/conditions/MUX.pdf Graphic file (type pdf)
<use Figures/conditions/MUX.pdf>
Package pdftex.def Info: Figures/conditions/MUX.pdf  used on input line 60.
(pdftex.def)             Requested size: 469.74944pt x 264.23404pt.

Overfull \hbox (17.58153pt too wide) in paragraph at lines 60--61
 [][] 
 []


Package fancyhdr Warning: \headheight is too small (12.0pt): 
(fancyhdr)                Make it at least 14.49998pt, for example:
(fancyhdr)                \setlength{\headheight}{14.49998pt}.
(fancyhdr)                You might also make \topmargin smaller to compensate:

(fancyhdr)                \addtolength{\topmargin}{-2.49998pt}.

[85 <./Figures/conditions/MUX.pdf>]
<Figures/conditions/generalized_mux.pdf, id=1270, 722.7pt x 406.51875pt>
File: Figures/conditions/generalized_mux.pdf Graphic file (type pdf)
<use Figures/conditions/generalized_mux.pdf>
Package pdftex.def Info: Figures/conditions/generalized_mux.pdf  used on input 
line 80.
(pdftex.def)             Requested size: 469.74944pt x 264.23404pt.

Overfull \hbox (17.58153pt too wide) in paragraph at lines 80--81
 [][] 
 []


Package fancyhdr Warning: \headheight is too small (12.0pt): 
(fancyhdr)                Make it at least 14.49998pt, for example:
(fancyhdr)                \setlength{\headheight}{14.49998pt}.
(fancyhdr)                You might also make \topmargin smaller to compensate:

(fancyhdr)                \addtolength{\topmargin}{-2.49998pt}.

[86 <./Figures/conditions/generalized_mux.pdf>]
<Figures/conditions/if_else_ex_1.png, id=1294, 1143.27126pt x 413.545pt>
File: Figures/conditions/if_else_ex_1.png Graphic file (type png)
<use Figures/conditions/if_else_ex_1.png>
Package pdftex.def Info: Figures/conditions/if_else_ex_1.png  used on input lin
e 93.
(pdftex.def)             Requested size: 400.15094pt x 144.7429pt.
<Figures/conditions/if_else_ex_1_circuit.png, id=1297, 1082.0425pt x 501.875pt>

File: Figures/conditions/if_else_ex_1_circuit.png Graphic file (type png)
<use Figures/conditions/if_else_ex_1_circuit.png>
Package pdftex.def Info: Figures/conditions/if_else_ex_1_circuit.png  used on i
nput line 120.
(pdftex.def)             Requested size: 378.72055pt x 175.65887pt.


Package fancyhdr Warning: \headheight is too small (12.0pt): 
(fancyhdr)                Make it at least 14.49998pt, for example:
(fancyhdr)                \setlength{\headheight}{14.49998pt}.
(fancyhdr)                You might also make \topmargin smaller to compensate:

(fancyhdr)                \addtolength{\topmargin}{-2.49998pt}.

[87 <./Figures/conditions/if_else_ex_1.png> <./Figures/conditions/if_else_ex_1_
circuit.png>]
<Figures/conditions/if_else_ex_2.png, id=1307, 1131.22626pt x 447.6725pt>
File: Figures/conditions/if_else_ex_2.png Graphic file (type png)
<use Figures/conditions/if_else_ex_2.png>
Package pdftex.def Info: Figures/conditions/if_else_ex_2.png  used on input lin
e 130.
(pdftex.def)             Requested size: 395.93512pt x 156.68771pt.


Package fancyhdr Warning: \headheight is too small (12.0pt): 
(fancyhdr)                Make it at least 14.49998pt, for example:
(fancyhdr)                \setlength{\headheight}{14.49998pt}.
(fancyhdr)                You might also make \topmargin smaller to compensate:

(fancyhdr)                \addtolength{\topmargin}{-2.49998pt}.

[88 <./Figures/conditions/if_else_ex_2.png>]
<Figures/conditions/quiz_if_else.png, id=1315, 257.96375pt x 279.0425pt>
File: Figures/conditions/quiz_if_else.png Graphic file (type png)
<use Figures/conditions/quiz_if_else.png>
Package pdftex.def Info: Figures/conditions/quiz_if_else.png  used on input lin
e 142.
(pdftex.def)             Requested size: 116.0826pt x 125.56795pt.
<Figures/conditions/quiz_if_else_sol.png, id=1316, 772.8875pt x 811.03pt>
File: Figures/conditions/quiz_if_else_sol.png Graphic file (type png)
<use Figures/conditions/quiz_if_else_sol.png>
Package pdftex.def Info: Figures/conditions/quiz_if_else_sol.png  used on input
 line 151.
(pdftex.def)             Requested size: 309.14952pt x 324.40625pt.


Package fancyhdr Warning: \headheight is too small (12.0pt): 
(fancyhdr)                Make it at least 14.49998pt, for example:
(fancyhdr)                \setlength{\headheight}{14.49998pt}.
(fancyhdr)                You might also make \topmargin smaller to compensate:

(fancyhdr)                \addtolength{\topmargin}{-2.49998pt}.

[89 <./Figures/conditions/quiz_if_else.png> <./Figures/conditions/quiz_if_else_
sol.png>]
<Figures/conditions/quiz_switch_case.png, id=1327, 262.9825pt x 351.3125pt>
File: Figures/conditions/quiz_switch_case.png Graphic file (type png)
<use Figures/conditions/quiz_switch_case.png>
Package pdftex.def Info: Figures/conditions/quiz_switch_case.png  used on input
 line 161.
(pdftex.def)             Requested size: 92.04524pt x 122.96121pt.
<Figures/conditions/quiz_switch_case_sol.png, id=1328, 639.38875pt x 549.05125p
t>
File: Figures/conditions/quiz_switch_case_sol.png Graphic file (type png)
<use Figures/conditions/quiz_switch_case_sol.png>
Package pdftex.def Info: Figures/conditions/quiz_switch_case_sol.png  used on i
nput line 170.
(pdftex.def)             Requested size: 287.72227pt x 247.07077pt.


Package fancyhdr Warning: \headheight is too small (12.0pt): 
(fancyhdr)                Make it at least 14.49998pt, for example:
(fancyhdr)                \setlength{\headheight}{14.49998pt}.
(fancyhdr)                You might also make \topmargin smaller to compensate:

(fancyhdr)                \addtolength{\topmargin}{-2.49998pt}.

[90 <./Figures/conditions/quiz_switch_case.png> <./Figures/conditions/quiz_swit
ch_case_sol.png>]
<Figures/conditions/coders.png, id=1337, 1148.29pt x 657.45625pt>
File: Figures/conditions/coders.png Graphic file (type png)
<use Figures/conditions/coders.png>
Package pdftex.def Info: Figures/conditions/coders.png  used on input line 186.

(pdftex.def)             Requested size: 459.30786pt x 262.97784pt.

Overfull \hbox (7.13995pt too wide) in paragraph at lines 186--187
 [][] 
 []


Package fancyhdr Warning: \headheight is too small (12.0pt): 
(fancyhdr)                Make it at least 14.49998pt, for example:
(fancyhdr)                \setlength{\headheight}{14.49998pt}.
(fancyhdr)                You might also make \topmargin smaller to compensate:

(fancyhdr)                \addtolength{\topmargin}{-2.49998pt}.

[91 <./Figures/conditions/coders.png>]
<Figures/conditions/4_by_2_encoder.png, id=1346, 1019.81pt x 527.9725pt>
File: Figures/conditions/4_by_2_encoder.png Graphic file (type png)
<use Figures/conditions/4_by_2_encoder.png>
Package pdftex.def Info: Figures/conditions/4_by_2_encoder.png  used on input l
ine 201.
(pdftex.def)             Requested size: 407.91678pt x 211.18526pt.
<Figures/conditions/2_by_4_decoder.png, id=1349, 861.2175pt x 527.9725pt>
File: Figures/conditions/2_by_4_decoder.png Graphic file (type png)
<use Figures/conditions/2_by_4_decoder.png>
Package pdftex.def Info: Figures/conditions/2_by_4_decoder.png  used on input l
ine 210.
(pdftex.def)             Requested size: 344.4809pt x 211.18526pt.


Package fancyhdr Warning: \headheight is too small (12.0pt): 
(fancyhdr)                Make it at least 14.49998pt, for example:
(fancyhdr)                \setlength{\headheight}{14.49998pt}.
(fancyhdr)                You might also make \topmargin smaller to compensate:

(fancyhdr)                \addtolength{\topmargin}{-2.49998pt}.

[92 <./Figures/conditions/4_by_2_encoder.png> <./Figures/conditions/2_by_4_deco
der.png>]
<Figures/conditions/2_by_4_decoder_hls.png, id=1360, 1206.5075pt x 669.50125pt>

File: Figures/conditions/2_by_4_decoder_hls.png Graphic file (type png)
<use Figures/conditions/2_by_4_decoder_hls.png>
Package pdftex.def Info: Figures/conditions/2_by_4_decoder_hls.png  used on inp
ut line 223.
(pdftex.def)             Requested size: 398.14871pt x 220.9361pt.
<Figures/conditions/2_by_4_decoder_hls_synthesis.png, id=1362, 970.62625pt x 67
0.505pt>
File: Figures/conditions/2_by_4_decoder_hls_synthesis.png Graphic file (type pn
g)
<use Figures/conditions/2_by_4_decoder_hls_synthesis.png>
Package pdftex.def Info: Figures/conditions/2_by_4_decoder_hls_synthesis.png  u
sed on input line 232.
(pdftex.def)             Requested size: 291.19012pt x 201.15305pt.


Package fancyhdr Warning: \headheight is too small (12.0pt): 
(fancyhdr)                Make it at least 14.49998pt, for example:
(fancyhdr)                \setlength{\headheight}{14.49998pt}.
(fancyhdr)                You might also make \topmargin smaller to compensate:

(fancyhdr)                \addtolength{\topmargin}{-2.49998pt}.

[93 <./Figures/conditions/2_by_4_decoder_hls.png> <./Figures/conditions/2_by_4_
decoder_hls_synthesis.png>]
Underfull \hbox (badness 10000) in paragraph at lines 241--242

 []

<Figures/conditions/quiz_decoder.png, id=1371, 781.92125pt x 746.79pt>
File: Figures/conditions/quiz_decoder.png Graphic file (type png)
<use Figures/conditions/quiz_decoder.png>
Package pdftex.def Info: Figures/conditions/quiz_decoder.png  used on input lin
e 247.
(pdftex.def)             Requested size: 390.95967pt x 373.39407pt.

Package fancyhdr Warning: \headheight is too small (12.0pt): 
(fancyhdr)                Make it at least 14.49998pt, for example:
(fancyhdr)                \setlength{\headheight}{14.49998pt}.
(fancyhdr)                You might also make \topmargin smaller to compensate:

(fancyhdr)                \addtolength{\topmargin}{-2.49998pt}.

[94 <./Figures/conditions/quiz_decoder.png>]
Underfull \hbox (badness 10000) in paragraph at lines 255--256

 []

<Figures/conditions/example_leading_1.png, id=1379, 619.31375pt x 341.275pt>
File: Figures/conditions/example_leading_1.png Graphic file (type png)
<use Figures/conditions/example_leading_1.png>
Package pdftex.def Info: Figures/conditions/example_leading_1.png  used on inpu
t line 263.
(pdftex.def)             Requested size: 247.72112pt x 136.50757pt.

Package fancyhdr Warning: \headheight is too small (12.0pt): 
(fancyhdr)                Make it at least 14.49998pt, for example:
(fancyhdr)                \setlength{\headheight}{14.49998pt}.
(fancyhdr)                You might also make \topmargin smaller to compensate:

(fancyhdr)                \addtolength{\topmargin}{-2.49998pt}.

[95 <./Figures/conditions/example_leading_1.png>]
<Figures/conditions/leading_1_hls.png, id=1388, 1134.2375pt x 599.23875pt>
File: Figures/conditions/leading_1_hls.png Graphic file (type png)
<use Figures/conditions/leading_1_hls.png>
Package pdftex.def Info: Figures/conditions/leading_1_hls.png  used on input li
ne 285.
(pdftex.def)             Requested size: 453.68697pt x 239.69125pt.

Overfull \hbox (1.51906pt too wide) in paragraph at lines 285--286
 [][] 
 []

<Figures/conditions/leading_1_circuit.png, id=1390, 1164.35pt x 533.995pt>
File: Figures/conditions/leading_1_circuit.png Graphic file (type png)
<use Figures/conditions/leading_1_circuit.png>
Package pdftex.def Info: Figures/conditions/leading_1_circuit.png  used on inpu
t line 303.
(pdftex.def)             Requested size: 465.73175pt x 213.59421pt.

Overfull \hbox (13.56384pt too wide) in paragraph at lines 303--304
 [][] 
 []


Package fancyhdr Warning: \headheight is too small (12.0pt): 
(fancyhdr)                Make it at least 14.49998pt, for example:
(fancyhdr)                \setlength{\headheight}{14.49998pt}.
(fancyhdr)                You might also make \topmargin smaller to compensate:

(fancyhdr)                \addtolength{\topmargin}{-2.49998pt}.

[96 <./Figures/conditions/leading_1_hls.png> <./Figures/conditions/leading_1_ci
rcuit.png>]) (./content/seven_segment.tex

Package fancyhdr Warning: \headheight is too small (12.0pt): 
(fancyhdr)                Make it at least 14.49998pt, for example:
(fancyhdr)                \setlength{\headheight}{14.49998pt}.
(fancyhdr)                You might also make \topmargin smaller to compensate:

(fancyhdr)                \addtolength{\topmargin}{-2.49998pt}.

[97]

Package fancyhdr Warning: \headheight is too small (12.0pt): 
(fancyhdr)                Make it at least 14.49998pt, for example:
(fancyhdr)                \setlength{\headheight}{14.49998pt}.
(fancyhdr)                You might also make \topmargin smaller to compensate:

(fancyhdr)                \addtolength{\topmargin}{-2.49998pt}.

[98

]
Chapter 7.
<Figures/seven_seg/applications.png, id=1413, 1129.21875pt x 597.23125pt>
File: Figures/seven_seg/applications.png Graphic file (type png)
<use Figures/seven_seg/applications.png>
Package pdftex.def Info: Figures/seven_seg/applications.png  used on input line
 12.
(pdftex.def)             Requested size: 338.76823pt x 179.17075pt.

Underfull \hbox (badness 10000) in paragraph at lines 17--18

 []

[99 <./Figures/seven_seg/applications.png>]
<Figures/seven_seg/basys3_7_seg.png, id=1420, 936.49875pt x 523.9575pt>
File: Figures/seven_seg/basys3_7_seg.png Graphic file (type png)
<use Figures/seven_seg/basys3_7_seg.png>
Package pdftex.def Info: Figures/seven_seg/basys3_7_seg.png  used on input line
 26.
(pdftex.def)             Requested size: 327.77946pt x 183.38786pt.
<Figures/seven_seg/driver.png, id=1422, 732.7375pt x 437.635pt>
File: Figures/seven_seg/driver.png Graphic file (type png)
<use Figures/seven_seg/driver.png>
Package pdftex.def Info: Figures/seven_seg/driver.png  used on input line 46.
(pdftex.def)             Requested size: 256.46196pt x 153.17455pt.


Package fancyhdr Warning: \headheight is too small (12.0pt): 
(fancyhdr)                Make it at least 14.49998pt, for example:
(fancyhdr)                \setlength{\headheight}{14.49998pt}.
(fancyhdr)                You might also make \topmargin smaller to compensate:

(fancyhdr)                \addtolength{\topmargin}{-2.49998pt}.

[100 <./Figures/seven_seg/basys3_7_seg.png> <./Figures/seven_seg/driver.png>])

Package fancyhdr Warning: \headheight is too small (12.0pt): 
(fancyhdr)                Make it at least 14.49998pt, for example:
(fancyhdr)                \setlength{\headheight}{14.49998pt}.
(fancyhdr)                You might also make \topmargin smaller to compensate:

(fancyhdr)                \addtolength{\topmargin}{-2.49998pt}.

[101] (./main_hls.aux)
 ***********
LaTeX2e <2023-11-01> patch level 1
L3 programming layer <2024-01-22>
 ***********


LaTeX Warning: Label(s) may have changed. Rerun to get cross-references right.

Package rerunfilecheck Info: File `main_hls.out' has not changed.
(rerunfilecheck)             Checksum: 94E8914F3FA13D764A8618B5E39B5BCE;11881.
 ) 
Here is how much of TeX's memory you used:
 30801 strings out of 474222
 622170 string characters out of 5748733
 1945975 words of memory out of 5000000
 52199 multiletter control sequences out of 15000+600000
 569623 words of font info for 79 fonts, out of 8000000 for 9000
 1141 hyphenation exceptions out of 8191
 114i,13n,120p,480b,929s stack positions out of 10000i,1000n,20000p,200000b,200000s
</usr/share/texlive/texmf-dist/fonts/type1/public/amsfonts/cm/cmbx12.pfb></us
r/share/texlive/texmf-dist/fonts/type1/public/amsfonts/cm/cmbxti10.pfb></usr/sh
are/texlive/texmf-dist/fonts/type1/public/amsfonts/cm/cmmi12.pfb></usr/share/te
xlive/texmf-dist/fonts/type1/public/amsfonts/cm/cmmi6.pfb></usr/share/texlive/t
exmf-dist/fonts/type1/public/amsfonts/cm/cmmi8.pfb></usr/share/texlive/texmf-di
st/fonts/type1/public/amsfonts/cm/cmr12.pfb></usr/share/texlive/texmf-dist/font
s/type1/public/amsfonts/cm/cmr17.pfb></usr/share/texlive/texmf-dist/fonts/type1
/public/amsfonts/cm/cmr6.pfb></usr/share/texlive/texmf-dist/fonts/type1/public/
amsfonts/cm/cmr8.pfb></usr/share/texlive/texmf-dist/fonts/type1/public/amsfonts
/cm/cmsl12.pfb></usr/share/texlive/texmf-dist/fonts/type1/public/amsfonts/cm/cm
sy10.pfb></usr/share/texlive/texmf-dist/fonts/type1/public/amsfonts/cm/cmti12.p
fb></usr/share/texlive/texmf-dist/fonts/type1/public/amsfonts/cm/cmtt12.pfb></u
sr/share/texmf/fonts/type1/public/cm-super/sfrm1200.pfb>
Output written on main_hls.pdf (101 pages, 56622648 bytes).
PDF statistics:
 1573 PDF objects out of 1728 (max. 8388607)
 1205 compressed objects within 13 object streams
 328 named destinations out of 1000 (max. 500000)
 1258 words of extra memory for PDF output out of 10000 (max. 10000000)

