instrumenter::INFOR: [Instrumenter - Initialization] Checking for the existence of the required environment variables
instrumenter::INFOR: [Instrumenter - Initialization] Loading the supported wrappers for standard library functions
instrumenter::INFOR: [Instrumenter - Initialization] Adding static information
instrumenter::VERBO: [Instrumenter - IRBuilder] Instruction has no debug information, defaulting to function/basic block info
instrumenter::VERBO: [Instrumenter - IRBuilder] Instruction has no debug information, defaulting to function/basic block info
instrumenter::VERBO: [Instrumenter - IRBuilder] Instruction has no debug information, defaulting to function/basic block info
instrumenter::VERBO: [Instrumenter - IRBuilder] Instruction has no debug information, defaulting to function/basic block info
instrumenter::VERBO: [Instrumenter - IRBuilder] Instruction has no debug information, defaulting to function/basic block info
instrumenter::VERBO: [Instrumenter - IRBuilder] Instruction has no debug information, defaulting to function/basic block info
instrumenter::VERBO: [Instrumenter - IRBuilder] Instruction has no debug information, defaulting to function/basic block info
instrumenter::VERBO: [Instrumenter - IRBuilder] Instruction has no debug information, defaulting to function/basic block info
instrumenter::VERBO: [Instrumenter - IRBuilder] Instruction has no debug information, defaulting to function/basic block info
instrumenter::VERBO: [Instrumenter - IRBuilder] Instruction has no debug information, defaulting to function/basic block info
instrumenter::VERBO: [Instrumenter - IRBuilder] Instruction has no debug information, defaulting to function/basic block info
instrumenter::VERBO: [Instrumenter - IRBuilder] Instruction has no debug information, defaulting to function/basic block info
instrumenter::VERBO: [Instrumenter - IRBuilder] Instruction has no debug information, defaulting to function/basic block info
instrumenter::VERBO: [Instrumenter - IRBuilder] Instruction has no debug information, defaulting to function/basic block info
instrumenter::VERBO: [Instrumenter - IRBuilder] Instruction has no debug information, defaulting to function/basic block info
instrumenter::VERBO: [Instrumenter - IRBuilder] Instruction has no debug information, defaulting to function/basic block info
instrumenter::VERBO: [Instrumenter - IRBuilder] Instruction has no debug information, defaulting to function/basic block info
instrumenter::VERBO: [Instrumenter - IRBuilder] Instruction has no debug information, defaulting to function/basic block info
instrumenter::VERBO: [Instrumenter - IRBuilder] Instruction has no debug information, defaulting to function/basic block info
instrumenter::VERBO: [Instrumenter - IRBuilder] Instruction has no debug information, defaulting to function/basic block info
instrumenter::VERBO: [Instrumenter - IRBuilder] Instruction has no debug information, defaulting to function/basic block info
instrumenter::VERBO: [Instrumenter - IRBuilder] Instruction has no debug information, defaulting to function/basic block info
instrumenter::VERBO: [Instrumenter - IRBuilder] Instruction has no debug information, defaulting to function/basic block info
instrumenter::VERBO: [Instrumenter - IRBuilder] Instruction has no debug information, defaulting to function/basic block info
instrumenter::VERBO: [Instrumenter - IRBuilder] Instruction has no debug information, defaulting to function/basic block info
instrumenter::VERBO: [Instrumenter - IRBuilder] Instruction has no debug information, defaulting to function/basic block info
instrumenter::VERBO: [Instrumenter - IRBuilder] Instruction has no debug information, defaulting to function/basic block info
instrumenter::VERBO: [Instrumenter - IRBuilder] Instruction has no debug information, defaulting to function/basic block info
instrumenter::VERBO: [Instrumenter - IRBuilder] Instruction has no debug information, defaulting to function/basic block info
instrumenter::VERBO: [Instrumenter - IRBuilder] Instruction has no debug information, defaulting to function/basic block info
instrumenter::VERBO: [Instrumenter - IRBuilder] Instruction has no debug information, defaulting to function/basic block info
instrumenter::VERBO: [Instrumenter - IRBuilder] Instruction has no debug information, defaulting to function/basic block info
instrumenter::VERBO: [Instrumenter - IRBuilder] Instruction has no debug information, defaulting to function/basic block info
instrumenter::VERBO: [Instrumenter - IRBuilder] Instruction has no debug information, defaulting to function/basic block info
instrumenter::VERBO: [Instrumenter - IRBuilder] Instruction has no debug information, defaulting to function/basic block info
instrumenter::VERBO: [Instrumenter - IRBuilder] Instruction has no debug information, defaulting to function/basic block info
instrumenter::VERBO: [Instrumenter - IRBuilder] Instruction has no debug information, defaulting to function/basic block info
instrumenter::VERBO: [Instrumenter - IRBuilder] Instruction has no debug information, defaulting to function/basic block info
instrumenter::VERBO: [Instrumenter - IRBuilder] Instruction has no debug information, defaulting to function/basic block info
instrumenter::VERBO: [Instrumenter - IRBuilder] Instruction has no debug information, defaulting to function/basic block info
instrumenter::VERBO: [Instrumenter - IRBuilder] Instruction has no debug information, defaulting to function/basic block info
instrumenter::VERBO: [Instrumenter - IRBuilder] Instruction has no debug information, defaulting to function/basic block info
instrumenter::VERBO: [Instrumenter - IRBuilder] Instruction has no debug information, defaulting to function/basic block info
instrumenter::VERBO: [Instrumenter - IRBuilder] Instruction has no debug information, defaulting to function/basic block info
instrumenter::VERBO: [Instrumenter - IRBuilder] Instruction has no debug information, defaulting to function/basic block info
instrumenter::VERBO: [Instrumenter - IRBuilder] Instruction has no debug information, defaulting to function/basic block info
instrumenter::VERBO: [Instrumenter - IRBuilder] Instruction has no debug information, defaulting to function/basic block info
instrumenter::VERBO: [Instrumenter - IRBuilder] Instruction has no debug information, defaulting to function/basic block info
instrumenter::VERBO: [Instrumenter - IRBuilder] Instruction has no debug information, defaulting to function/basic block info
instrumenter::VERBO: [Instrumenter - IRBuilder] Instruction has no debug information, defaulting to function/basic block info
instrumenter::VERBO: [Instrumenter - IRBuilder] Instruction has no debug information, defaulting to function/basic block info
instrumenter::VERBO: [Instrumenter - IRBuilder] Instruction has no debug information, defaulting to function/basic block info
instrumenter::VERBO: [Instrumenter - IRBuilder] Instruction has no debug information, defaulting to function/basic block info
instrumenter::VERBO: [Instrumenter - IRBuilder] Instruction has no debug information, defaulting to function/basic block info
instrumenter::VERBO: [Instrumenter - IRBuilder] Instruction has no debug information, defaulting to function/basic block info
instrumenter::VERBO: [Instrumenter - IRBuilder] Instruction has no debug information, defaulting to function/basic block info
instrumenter::VERBO: [Instrumenter - IRBuilder] Instruction has no debug information, defaulting to function/basic block info
instrumenter::VERBO: [Instrumenter - IRBuilder] Instruction has no debug information, defaulting to function/basic block info
instrumenter::VERBO: [Instrumenter - IRBuilder] Instruction has no debug information, defaulting to function/basic block info
instrumenter::VERBO: [Instrumenter - IRBuilder] Instruction has no debug information, defaulting to function/basic block info
instrumenter::VERBO: [Instrumenter - IRBuilder] Instruction has no debug information, defaulting to function/basic block info
instrumenter::VERBO: [Instrumenter - IRBuilder] Instruction has no debug information, defaulting to function/basic block info
instrumenter::VERBO: [Instrumenter - IRBuilder] Instruction has no debug information, defaulting to function/basic block info
instrumenter::VERBO: [Instrumenter - IRBuilder] Instruction has no debug information, defaulting to function/basic block info
instrumenter::VERBO: [Instrumenter - IRBuilder] Instruction has no debug information, defaulting to function/basic block info
instrumenter::VERBO: [Instrumenter - IRBuilder] Instruction has no debug information, defaulting to function/basic block info
instrumenter::VERBO: [Instrumenter - IRBuilder] Instruction has no debug information, defaulting to function/basic block info
instrumenter::VERBO: [Instrumenter - IRBuilder] Instruction has no debug information, defaulting to function/basic block info
instrumenter::VERBO: [Instrumenter - IRBuilder] Instruction has no debug information, defaulting to function/basic block info
instrumenter::VERBO: [Instrumenter - IRBuilder] Instruction has no debug information, defaulting to function/basic block info
instrumenter::VERBO: [Instrumenter - IRBuilder] Instruction has no debug information, defaulting to function/basic block info
instrumenter::VERBO: [Instrumenter - IRBuilder] Instruction has no debug information, defaulting to function/basic block info
instrumenter::VERBO: [Instrumenter - IRBuilder] Instruction has no debug information, defaulting to function/basic block info
instrumenter::VERBO: [Instrumenter - IRBuilder] Instruction has no debug information, defaulting to function/basic block info
instrumenter::VERBO: [Instrumenter - IRBuilder] Instruction has no debug information, defaulting to function/basic block info
instrumenter::VERBO: [Instrumenter - IRBuilder] Instruction has no debug information, defaulting to function/basic block info
instrumenter::VERBO: [Instrumenter - IRBuilder] Instruction has no debug information, defaulting to function/basic block info
instrumenter::VERBO: [Instrumenter - IRBuilder] Instruction has no debug information, defaulting to function/basic block info
instrumenter::VERBO: [Instrumenter - IRBuilder] Instruction has no debug information, defaulting to function/basic block info
instrumenter::VERBO: [Instrumenter - IRBuilder] Instruction has no debug information, defaulting to function/basic block info
instrumenter::VERBO: [Instrumenter - IRBuilder] Instruction has no debug information, defaulting to function/basic block info
instrumenter::VERBO: [Instrumenter - IRBuilder] Instruction has no debug information, defaulting to function/basic block info
instrumenter::VERBO: [Instrumenter - IRBuilder] Instruction has no debug information, defaulting to function/basic block info
instrumenter::VERBO: [Instrumenter - IRBuilder] Instruction has no debug information, defaulting to function/basic block info
instrumenter::VERBO: [Instrumenter - IRBuilder] Instruction has no debug information, defaulting to function/basic block info
instrumenter::VERBO: [Instrumenter - IRBuilder] Instruction has no debug information, defaulting to function/basic block info
instrumenter::VERBO: [Instrumenter - IRBuilder] Instruction has no debug information, defaulting to function/basic block info
instrumenter::VERBO: [Instrumenter - IRBuilder] Instruction has no debug information, defaulting to function/basic block info
instrumenter::VERBO: [Instrumenter - IRBuilder] Instruction has no debug information, defaulting to function/basic block info
instrumenter::VERBO: [Instrumenter - IRBuilder] Instruction has no debug information, defaulting to function/basic block info
instrumenter::VERBO: [Instrumenter - IRBuilder] Instruction has no debug information, defaulting to function/basic block info
instrumenter::VERBO: [Instrumenter - IRBuilder] Instruction has no debug information, defaulting to function/basic block info
instrumenter::VERBO: [Instrumenter - IRBuilder] Instruction has no debug information, defaulting to function/basic block info
instrumenter::VERBO: [Instrumenter - IRBuilder] Instruction has no debug information, defaulting to function/basic block info
instrumenter::VERBO: [Instrumenter - IRBuilder] Instruction has no debug information, defaulting to function/basic block info
instrumenter::VERBO: [Instrumenter - IRBuilder] Instruction has no debug information, defaulting to function/basic block info
instrumenter::VERBO: [Instrumenter - IRBuilder] Instruction has no debug information, defaulting to function/basic block info
instrumenter::VERBO: [Instrumenter - IRBuilder] Instruction has no debug information, defaulting to function/basic block info
instrumenter::VERBO: [Instrumenter - IRBuilder] Instruction has no debug information, defaulting to function/basic block info
instrumenter::VERBO: [Instrumenter - IRBuilder] Instruction has no debug information, defaulting to function/basic block info
instrumenter::VERBO: [Instrumenter - IRBuilder] Instruction has no debug information, defaulting to function/basic block info
instrumenter::VERBO: [Instrumenter - IRBuilder] Instruction has no debug information, defaulting to function/basic block info
instrumenter::VERBO: [Instrumenter - IRBuilder] Instruction has no debug information, defaulting to function/basic block info
instrumenter::VERBO: [Instrumenter - IRBuilder] Instruction has no debug information, defaulting to function/basic block info
instrumenter::VERBO: [Instrumenter - IRBuilder] Instruction has no debug information, defaulting to function/basic block info
instrumenter::VERBO: [Instrumenter - IRBuilder] Instruction has no debug information, defaulting to function/basic block info
instrumenter::VERBO: [Instrumenter - IRBuilder] Instruction has no debug information, defaulting to function/basic block info
instrumenter::VERBO: [Instrumenter - IRBuilder] Instruction has no debug information, defaulting to function/basic block info
instrumenter::VERBO: [Instrumenter - IRBuilder] Instruction has no debug information, defaulting to function/basic block info
instrumenter::VERBO: [Instrumenter - IRBuilder] Instruction has no debug information, defaulting to function/basic block info
instrumenter::VERBO: [Instrumenter - IRBuilder] Instruction has no debug information, defaulting to function/basic block info
instrumenter::VERBO: [Instrumenter - IRBuilder] Instruction has no debug information, defaulting to function/basic block info
instrumenter::VERBO: [Instrumenter - IRBuilder] Instruction has no debug information, defaulting to function/basic block info
instrumenter::VERBO: [Instrumenter - IRBuilder] Instruction has no debug information, defaulting to function/basic block info
instrumenter::VERBO: [Instrumenter - IRBuilder] Instruction has no debug information, defaulting to function/basic block info
instrumenter::VERBO: [Instrumenter - IRBuilder] Instruction has no debug information, defaulting to function/basic block info
instrumenter::VERBO: [Instrumenter - IRBuilder] Instruction has no debug information, defaulting to function/basic block info
instrumenter::VERBO: [Instrumenter - IRBuilder] Instruction has no debug information, defaulting to function/basic block info
instrumenter::VERBO: [Instrumenter - IRBuilder] Instruction has no debug information, defaulting to function/basic block info
instrumenter::VERBO: [Instrumenter - IRBuilder] Instruction has no debug information, defaulting to function/basic block info
instrumenter::VERBO: [Instrumenter - IRBuilder] Instruction has no debug information, defaulting to function/basic block info
instrumenter::VERBO: [Instrumenter - IRBuilder] Instruction has no debug information, defaulting to function/basic block info
instrumenter::VERBO: [Instrumenter - IRBuilder] Instruction has no debug information, defaulting to function/basic block info
instrumenter::VERBO: [Instrumenter - IRBuilder] Instruction has no debug information, defaulting to function/basic block info
instrumenter::VERBO: [Instrumenter - IRBuilder] Instruction has no debug information, defaulting to function/basic block info
instrumenter::VERBO: [Instrumenter - IRBuilder] Instruction has no debug information, defaulting to function/basic block info
instrumenter::VERBO: [Instrumenter - IRBuilder] Instruction has no debug information, defaulting to function/basic block info
instrumenter::VERBO: [Instrumenter - IRBuilder] Instruction has no debug information, defaulting to function/basic block info
instrumenter::VERBO: [Instrumenter - IRBuilder] Instruction has no debug information, defaulting to function/basic block info
instrumenter::VERBO: [Instrumenter - IRBuilder] Instruction has no debug information, defaulting to function/basic block info
instrumenter::VERBO: [Instrumenter - IRBuilder] Instruction has no debug information, defaulting to function/basic block info
instrumenter::VERBO: [Instrumenter - IRBuilder] Instruction has no debug information, defaulting to function/basic block info
instrumenter::VERBO: [Instrumenter - IRBuilder] Instruction has no debug information, defaulting to function/basic block info
instrumenter::VERBO: [Instrumenter - IRBuilder] Instruction has no debug information, defaulting to function/basic block info
instrumenter::VERBO: [Instrumenter - IRBuilder] Instruction has no debug information, defaulting to function/basic block info
instrumenter::VERBO: [Instrumenter - IRBuilder] Instruction has no debug information, defaulting to function/basic block info
instrumenter::VERBO: [Instrumenter - IRBuilder] Instruction has no debug information, defaulting to function/basic block info
instrumenter::VERBO: [Instrumenter - IRBuilder] Instruction has no debug information, defaulting to function/basic block info
instrumenter::VERBO: [Instrumenter - IRBuilder] Instruction has no debug information, defaulting to function/basic block info
instrumenter::VERBO: [Instrumenter - IRBuilder] Instruction has no debug information, defaulting to function/basic block info
instrumenter::VERBO: [Instrumenter - IRBuilder] Instruction has no debug information, defaulting to function/basic block info
instrumenter::VERBO: [Instrumenter - IRBuilder] Instruction has no debug information, defaulting to function/basic block info
instrumenter::VERBO: [Instrumenter - IRBuilder] Instruction has no debug information, defaulting to function/basic block info
instrumenter::VERBO: [Instrumenter - IRBuilder] Instruction has no debug information, defaulting to function/basic block info
instrumenter::VERBO: [Instrumenter - IRBuilder] Instruction has no debug information, defaulting to function/basic block info
instrumenter::VERBO: [Instrumenter - IRBuilder] Instruction has no debug information, defaulting to function/basic block info
instrumenter::VERBO: [Instrumenter - IRBuilder] Instruction has no debug information, defaulting to function/basic block info
instrumenter::VERBO: [Instrumenter - IRBuilder] Instruction has no debug information, defaulting to function/basic block info
instrumenter::VERBO: [Instrumenter - IRBuilder] Instruction has no debug information, defaulting to function/basic block info
instrumenter::VERBO: [Instrumenter - IRBuilder] Instruction has no debug information, defaulting to function/basic block info
instrumenter::VERBO: [Instrumenter - IRBuilder] Instruction has no debug information, defaulting to function/basic block info
instrumenter::VERBO: [Instrumenter - IRBuilder] Instruction has no debug information, defaulting to function/basic block info
instrumenter::VERBO: [Instrumenter - IRBuilder] Instruction has no debug information, defaulting to function/basic block info
instrumenter::VERBO: [Instrumenter - IRBuilder] Instruction has no debug information, defaulting to function/basic block info
instrumenter::VERBO: [Instrumenter - IRBuilder] Instruction has no debug information, defaulting to function/basic block info
instrumenter::VERBO: [Instrumenter - IRBuilder] Instruction has no debug information, defaulting to function/basic block info
instrumenter::VERBO: [Instrumenter - IRBuilder] Instruction has no debug information, defaulting to function/basic block info
instrumenter::VERBO: [Instrumenter - IRBuilder] Instruction has no debug information, defaulting to function/basic block info
instrumenter::VERBO: [Instrumenter - IRBuilder] Instruction has no debug information, defaulting to function/basic block info
instrumenter::VERBO: [Instrumenter - IRBuilder] Instruction has no debug information, defaulting to function/basic block info
instrumenter::VERBO: [Instrumenter - IRBuilder] Instruction has no debug information, defaulting to function/basic block info
instrumenter::VERBO: [Instrumenter - IRBuilder] Instruction has no debug information, defaulting to function/basic block info
instrumenter::VERBO: [Instrumenter - IRBuilder] Instruction has no debug information, defaulting to function/basic block info
instrumenter::VERBO: [Instrumenter - IRBuilder] Instruction has no debug information, defaulting to function/basic block info
instrumenter::VERBO: [Instrumenter - IRBuilder] Instruction has no debug information, defaulting to function/basic block info
instrumenter::VERBO: [Instrumenter - IRBuilder] Instruction has no debug information, defaulting to function/basic block info
instrumenter::VERBO: [Instrumenter - IRBuilder] Instruction has no debug information, defaulting to function/basic block info
instrumenter::VERBO: [Instrumenter - IRBuilder] Instruction has no debug information, defaulting to function/basic block info
instrumenter::VERBO: [Instrumenter - IRBuilder] Instruction has no debug information, defaulting to function/basic block info
instrumenter::VERBO: [Instrumenter - IRBuilder] Instruction has no debug information, defaulting to function/basic block info
instrumenter::VERBO: [Instrumenter - IRBuilder] Instruction has no debug information, defaulting to function/basic block info
instrumenter::VERBO: [Instrumenter - IRBuilder] Instruction has no debug information, defaulting to function/basic block info
instrumenter::VERBO: [Instrumenter - IRBuilder] Instruction has no debug information, defaulting to function/basic block info
instrumenter::VERBO: [Instrumenter - IRBuilder] Instruction has no debug information, defaulting to function/basic block info
instrumenter::VERBO: [Instrumenter - IRBuilder] Instruction has no debug information, defaulting to function/basic block info
instrumenter::VERBO: [Instrumenter - IRBuilder] Instruction has no debug information, defaulting to function/basic block info
instrumenter::VERBO: [Instrumenter - IRBuilder] Instruction has no debug information, defaulting to function/basic block info
instrumenter::VERBO: [Instrumenter - IRBuilder] Instruction has no debug information, defaulting to function/basic block info
instrumenter::VERBO: [Instrumenter - IRBuilder] Instruction has no debug information, defaulting to function/basic block info
instrumenter::VERBO: [Instrumenter - IRBuilder] Instruction has no debug information, defaulting to function/basic block info
instrumenter::VERBO: [Instrumenter - IRBuilder] Instruction has no debug information, defaulting to function/basic block info
instrumenter::VERBO: [Instrumenter - IRBuilder] Instruction has no debug information, defaulting to function/basic block info
instrumenter::VERBO: [Instrumenter - IRBuilder] Instruction has no debug information, defaulting to function/basic block info
instrumenter::VERBO: [Instrumenter - IRBuilder] Instruction has no debug information, defaulting to function/basic block info
instrumenter::VERBO: [Instrumenter - IRBuilder] Instruction has no debug information, defaulting to function/basic block info
instrumenter::VERBO: [Instrumenter - IRBuilder] Instruction has no debug information, defaulting to function/basic block info
instrumenter::VERBO: [Instrumenter - IRBuilder] Instruction has no debug information, defaulting to function/basic block info
instrumenter::VERBO: [Instrumenter - IRBuilder] Instruction has no debug information, defaulting to function/basic block info
instrumenter::VERBO: [Instrumenter - IRBuilder] Instruction has no debug information, defaulting to function/basic block info
instrumenter::VERBO: [Instrumenter - IRBuilder] Instruction has no debug information, defaulting to function/basic block info
instrumenter::VERBO: [Instrumenter - IRBuilder] Instruction has no debug information, defaulting to function/basic block info
instrumenter::VERBO: [Instrumenter - IRBuilder] Instruction has no debug information, defaulting to function/basic block info
instrumenter::VERBO: [Instrumenter - IRBuilder] Instruction has no debug information, defaulting to function/basic block info
instrumenter::VERBO: [Instrumenter - IRBuilder] Instruction has no debug information, defaulting to function/basic block info
instrumenter::VERBO: [Instrumenter - IRBuilder] Instruction has no debug information, defaulting to function/basic block info
instrumenter::VERBO: [Instrumenter - IRBuilder] Instruction has no debug information, defaulting to function/basic block info
instrumenter::VERBO: [Instrumenter - IRBuilder] Instruction has no debug information, defaulting to function/basic block info
instrumenter::VERBO: [Instrumenter - IRBuilder] Instruction has no debug information, defaulting to function/basic block info
instrumenter::VERBO: [Instrumenter - IRBuilder] Instruction has no debug information, defaulting to function/basic block info
instrumenter::VERBO: [Instrumenter - IRBuilder] Instruction has no debug information, defaulting to function/basic block info
instrumenter::VERBO: [Instrumenter - IRBuilder] Instruction has no debug information, defaulting to function/basic block info
instrumenter::VERBO: [Instrumenter - IRBuilder] Instruction has no debug information, defaulting to function/basic block info
instrumenter::VERBO: [Instrumenter - IRBuilder] Instruction has no debug information, defaulting to function/basic block info
instrumenter::VERBO: [Instrumenter - IRBuilder] Instruction has no debug information, defaulting to function/basic block info
instrumenter::VERBO: [Instrumenter - IRBuilder] Instruction has no debug information, defaulting to function/basic block info
instrumenter::VERBO: [Instrumenter - IRBuilder] Instruction has no debug information, defaulting to function/basic block info
instrumenter::VERBO: [Instrumenter - IRBuilder] Instruction has no debug information, defaulting to function/basic block info
instrumenter::VERBO: [Instrumenter - IRBuilder] Instruction has no debug information, defaulting to function/basic block info
instrumenter::VERBO: [Instrumenter - IRBuilder] Instruction has no debug information, defaulting to function/basic block info
instrumenter::VERBO: [Instrumenter - IRBuilder] Instruction has no debug information, defaulting to function/basic block info
instrumenter::VERBO: [Instrumenter - IRBuilder] Instruction has no debug information, defaulting to function/basic block info
instrumenter::VERBO: [Instrumenter - IRBuilder] Instruction has no debug information, defaulting to function/basic block info
instrumenter::VERBO: [Instrumenter - IRBuilder] Instruction has no debug information, defaulting to function/basic block info
instrumenter::VERBO: [Instrumenter - IRBuilder] Instruction has no debug information, defaulting to function/basic block info
instrumenter::VERBO: [Instrumenter - IRBuilder] Instruction has no debug information, defaulting to function/basic block info
instrumenter::VERBO: [Instrumenter - IRBuilder] Instruction has no debug information, defaulting to function/basic block info
instrumenter::VERBO: [Instrumenter - IRBuilder] Instruction has no debug information, defaulting to function/basic block info
instrumenter::VERBO: [Instrumenter - IRBuilder] Instruction has no debug information, defaulting to function/basic block info
instrumenter::VERBO: [Instrumenter - IRBuilder] Instruction has no debug information, defaulting to function/basic block info
instrumenter::VERBO: [Instrumenter - IRBuilder] Instruction has no debug information, defaulting to function/basic block info
instrumenter::VERBO: [Instrumenter - IRBuilder] Instruction has no debug information, defaulting to function/basic block info
instrumenter::VERBO: [Instrumenter - IRBuilder] Instruction has no debug information, defaulting to function/basic block info
instrumenter::VERBO: [Instrumenter - IRBuilder] Instruction has no debug information, defaulting to function/basic block info
instrumenter::VERBO: [Instrumenter - IRBuilder] Instruction has no debug information, defaulting to function/basic block info
instrumenter::VERBO: [Instrumenter - IRBuilder] Instruction has no debug information, defaulting to function/basic block info
instrumenter::VERBO: [Instrumenter - IRBuilder] Instruction has no debug information, defaulting to function/basic block info
instrumenter::VERBO: [Instrumenter - IRBuilder] Instruction has no debug information, defaulting to function/basic block info
instrumenter::VERBO: [Instrumenter - IRBuilder] Instruction has no debug information, defaulting to function/basic block info
instrumenter::VERBO: [Instrumenter - IRBuilder] Instruction has no debug information, defaulting to function/basic block info
instrumenter::VERBO: [Instrumenter - IRBuilder] Instruction has no debug information, defaulting to function/basic block info
instrumenter::VERBO: [Instrumenter - IRBuilder] Instruction has no debug information, defaulting to function/basic block info
instrumenter::VERBO: [Instrumenter - IRBuilder] Instruction has no debug information, defaulting to function/basic block info
instrumenter::VERBO: [Instrumenter - IRBuilder] Instruction has no debug information, defaulting to function/basic block info
instrumenter::VERBO: [Instrumenter - IRBuilder] Instruction has no debug information, defaulting to function/basic block info
instrumenter::VERBO: [Instrumenter - IRBuilder] Instruction has no debug information, defaulting to function/basic block info
instrumenter::VERBO: [Instrumenter - IRBuilder] Instruction has no debug information, defaulting to function/basic block info
instrumenter::VERBO: [Instrumenter - IRBuilder] Instruction has no debug information, defaulting to function/basic block info
instrumenter::VERBO: [Instrumenter - IRBuilder] Instruction has no debug information, defaulting to function/basic block info
instrumenter::VERBO: [Instrumenter - IRBuilder] Instruction has no debug information, defaulting to function/basic block info
instrumenter::VERBO: [Instrumenter - IRBuilder] Instruction has no debug information, defaulting to function/basic block info
instrumenter::VERBO: [Instrumenter - IRBuilder] Instruction has no debug information, defaulting to function/basic block info
instrumenter::VERBO: [Instrumenter - IRBuilder] Instruction has no debug information, defaulting to function/basic block info
instrumenter::VERBO: [Instrumenter - IRBuilder] Instruction has no debug information, defaulting to function/basic block info
instrumenter::VERBO: [Instrumenter - IRBuilder] Instruction has no debug information, defaulting to function/basic block info
instrumenter::VERBO: [Instrumenter - IRBuilder] Instruction has no debug information, defaulting to function/basic block info
instrumenter::VERBO: [Instrumenter - IRBuilder] Instruction has no debug information, defaulting to function/basic block info
instrumenter::VERBO: [Instrumenter - IRBuilder] Instruction has no debug information, defaulting to function/basic block info
instrumenter::VERBO: [Instrumenter - IRBuilder] Instruction has no debug information, defaulting to function/basic block info
instrumenter::VERBO: [Instrumenter - IRBuilder] Instruction has no debug information, defaulting to function/basic block info
instrumenter::VERBO: [Instrumenter - IRBuilder] Instruction has no debug information, defaulting to function/basic block info
instrumenter::VERBO: [Instrumenter - IRBuilder] Instruction has no debug information, defaulting to function/basic block info
instrumenter::VERBO: [Instrumenter - IRBuilder] Instruction has no debug information, defaulting to function/basic block info
instrumenter::VERBO: [Instrumenter - IRBuilder] Instruction has no debug information, defaulting to function/basic block info
instrumenter::VERBO: [Instrumenter - IRBuilder] Instruction has no debug information, defaulting to function/basic block info
instrumenter::VERBO: [Instrumenter - IRBuilder] Instruction has no debug information, defaulting to function/basic block info
instrumenter::VERBO: [Instrumenter - IRBuilder] Instruction has no debug information, defaulting to function/basic block info
instrumenter::VERBO: [Instrumenter - IRBuilder] Instruction has no debug information, defaulting to function/basic block info
instrumenter::VERBO: [Instrumenter - IRBuilder] Instruction has no debug information, defaulting to function/basic block info
instrumenter::VERBO: [Instrumenter - IRBuilder] Instruction has no debug information, defaulting to function/basic block info
instrumenter::VERBO: [Instrumenter - IRBuilder] Instruction has no debug information, defaulting to function/basic block info
instrumenter::VERBO: [Instrumenter - IRBuilder] Instruction has no debug information, defaulting to function/basic block info
instrumenter::VERBO: [Instrumenter - IRBuilder] Instruction has no debug information, defaulting to function/basic block info
instrumenter::VERBO: [Instrumenter - IRBuilder] Instruction has no debug information, defaulting to function/basic block info
instrumenter::VERBO: [Instrumenter - IRBuilder] Instruction has no debug information, defaulting to function/basic block info
instrumenter::VERBO: [Instrumenter - IRBuilder] Instruction has no debug information, defaulting to function/basic block info
instrumenter::VERBO: [Instrumenter - IRBuilder] Instruction has no debug information, defaulting to function/basic block info
instrumenter::VERBO: [Instrumenter - IRBuilder] Instruction has no debug information, defaulting to function/basic block info
instrumenter::VERBO: [Instrumenter - IRBuilder] Instruction has no debug information, defaulting to function/basic block info
instrumenter::VERBO: [Instrumenter - IRBuilder] Instruction has no debug information, defaulting to function/basic block info
instrumenter::VERBO: [Instrumenter - IRBuilder] Instruction has no debug information, defaulting to function/basic block info
instrumenter::VERBO: [Instrumenter - IRBuilder] Instruction has no debug information, defaulting to function/basic block info
instrumenter::VERBO: [Instrumenter - IRBuilder] Instruction has no debug information, defaulting to function/basic block info
instrumenter::VERBO: [Instrumenter - IRBuilder] Instruction has no debug information, defaulting to function/basic block info
instrumenter::VERBO: [Instrumenter - IRBuilder] Instruction has no debug information, defaulting to function/basic block info
instrumenter::VERBO: [Instrumenter - IRBuilder] Instruction has no debug information, defaulting to function/basic block info
instrumenter::VERBO: [Instrumenter - IRBuilder] Instruction has no debug information, defaulting to function/basic block info
instrumenter::VERBO: [Instrumenter - IRBuilder] Instruction has no debug information, defaulting to function/basic block info
instrumenter::VERBO: [Instrumenter - IRBuilder] Instruction has no debug information, defaulting to function/basic block info
instrumenter::VERBO: [Instrumenter - IRBuilder] Instruction has no debug information, defaulting to function/basic block info
instrumenter::VERBO: [Instrumenter - IRBuilder] Instruction has no debug information, defaulting to function/basic block info
instrumenter::VERBO: [Instrumenter - IRBuilder] Instruction has no debug information, defaulting to function/basic block info
instrumenter::VERBO: [Instrumenter - IRBuilder] Instruction has no debug information, defaulting to function/basic block info
instrumenter::VERBO: [Instrumenter - IRBuilder] Instruction has no debug information, defaulting to function/basic block info
instrumenter::VERBO: [Instrumenter - IRBuilder] Instruction has no debug information, defaulting to function/basic block info
instrumenter::VERBO: [Instrumenter - IRBuilder] Instruction has no debug information, defaulting to function/basic block info
instrumenter::VERBO: [Instrumenter - IRBuilder] Instruction has no debug information, defaulting to function/basic block info
instrumenter::VERBO: [Instrumenter - IRBuilder] Instruction has no debug information, defaulting to function/basic block info
instrumenter::VERBO: [Instrumenter - IRBuilder] Instruction has no debug information, defaulting to function/basic block info
instrumenter::VERBO: [Instrumenter - IRBuilder] Instruction has no debug information, defaulting to function/basic block info
instrumenter::VERBO: [Instrumenter - IRBuilder] Instruction has no debug information, defaulting to function/basic block info
instrumenter::VERBO: [Instrumenter - IRBuilder] Instruction has no debug information, defaulting to function/basic block info
instrumenter::VERBO: [Instrumenter - IRBuilder] Instruction has no debug information, defaulting to function/basic block info
instrumenter::VERBO: [Instrumenter - IRBuilder] Instruction has no debug information, defaulting to function/basic block info
instrumenter::VERBO: [Instrumenter - IRBuilder] Instruction has no debug information, defaulting to function/basic block info
instrumenter::VERBO: [Instrumenter - IRBuilder] Instruction has no debug information, defaulting to function/basic block info
instrumenter::VERBO: [Instrumenter - IRBuilder] Instruction has no debug information, defaulting to function/basic block info
instrumenter::VERBO: [Instrumenter - IRBuilder] Instruction has no debug information, defaulting to function/basic block info
instrumenter::VERBO: [Instrumenter - IRBuilder] Instruction has no debug information, defaulting to function/basic block info
instrumenter::VERBO: [Instrumenter - IRBuilder] Instruction has no debug information, defaulting to function/basic block info
instrumenter::VERBO: [Instrumenter - IRBuilder] Instruction has no debug information, defaulting to function/basic block info
instrumenter::VERBO: [Instrumenter - IRBuilder] Instruction has no debug information, defaulting to function/basic block info
instrumenter::VERBO: [Instrumenter - IRBuilder] Instruction has no debug information, defaulting to function/basic block info
instrumenter::VERBO: [Instrumenter - IRBuilder] Instruction has no debug information, defaulting to function/basic block info
instrumenter::VERBO: [Instrumenter - IRBuilder] Instruction has no debug information, defaulting to function/basic block info
instrumenter::VERBO: [Instrumenter - IRBuilder] Instruction has no debug information, defaulting to function/basic block info
instrumenter::VERBO: [Instrumenter - IRBuilder] Instruction has no debug information, defaulting to function/basic block info
instrumenter::VERBO: [Instrumenter - IRBuilder] Instruction has no debug information, defaulting to function/basic block info
instrumenter::VERBO: [Instrumenter - IRBuilder] Instruction has no debug information, defaulting to function/basic block info
instrumenter::VERBO: [Instrumenter - IRBuilder] Instruction has no debug information, defaulting to function/basic block info
instrumenter::VERBO: [Instrumenter - IRBuilder] Instruction has no debug information, defaulting to function/basic block info
instrumenter::VERBO: [Instrumenter - IRBuilder] Instruction has no debug information, defaulting to function/basic block info
instrumenter::VERBO: [Instrumenter - IRBuilder] Instruction has no debug information, defaulting to function/basic block info
instrumenter::VERBO: [Instrumenter - IRBuilder] Instruction has no debug information, defaulting to function/basic block info
instrumenter::VERBO: [Instrumenter - IRBuilder] Instruction has no debug information, defaulting to function/basic block info
instrumenter::VERBO: [Instrumenter - IRBuilder] Instruction has no debug information, defaulting to function/basic block info
instrumenter::VERBO: [Instrumenter - IRBuilder] Instruction has no debug information, defaulting to function/basic block info
instrumenter::VERBO: [Instrumenter - IRBuilder] Instruction has no debug information, defaulting to function/basic block info
instrumenter::VERBO: [Instrumenter - IRBuilder] Instruction has no debug information, defaulting to function/basic block info
instrumenter::VERBO: [Instrumenter - IRBuilder] Instruction has no debug information, defaulting to function/basic block info
instrumenter::VERBO: [Instrumenter - IRBuilder] Instruction has no debug information, defaulting to function/basic block info
instrumenter::VERBO: [Instrumenter - IRBuilder] Instruction has no debug information, defaulting to function/basic block info
instrumenter::VERBO: [Instrumenter - IRBuilder] Instruction has no debug information, defaulting to function/basic block info
instrumenter::VERBO: [Instrumenter - IRBuilder] Instruction has no debug information, defaulting to function/basic block info
instrumenter::VERBO: [Instrumenter - IRBuilder] Instruction has no debug information, defaulting to function/basic block info
instrumenter::VERBO: [Instrumenter - IRBuilder] Instruction has no debug information, defaulting to function/basic block info
instrumenter::VERBO: [Instrumenter - IRBuilder] Instruction has no debug information, defaulting to function/basic block info
instrumenter::VERBO: [Instrumenter - IRBuilder] Instruction has no debug information, defaulting to function/basic block info
instrumenter::VERBO: [Instrumenter - IRBuilder] Instruction has no debug information, defaulting to function/basic block info
instrumenter::VERBO: [Instrumenter - IRBuilder] Instruction has no debug information, defaulting to function/basic block info
instrumenter::VERBO: [Instrumenter - IRBuilder] Instruction has no debug information, defaulting to function/basic block info
instrumenter::VERBO: [Instrumenter - IRBuilder] Instruction has no debug information, defaulting to function/basic block info
instrumenter::VERBO: [Instrumenter - IRBuilder] Instruction has no debug information, defaulting to function/basic block info
instrumenter::VERBO: [Instrumenter - IRBuilder] Instruction has no debug information, defaulting to function/basic block info
instrumenter::VERBO: [Instrumenter - IRBuilder] Instruction has no debug information, defaulting to function/basic block info
instrumenter::VERBO: [Instrumenter - IRBuilder] Instruction has no debug information, defaulting to function/basic block info
instrumenter::VERBO: [Instrumenter - IRBuilder] Instruction has no debug information, defaulting to function/basic block info
instrumenter::VERBO: [Instrumenter - IRBuilder] Instruction has no debug information, defaulting to function/basic block info
instrumenter::VERBO: [Instrumenter - IRBuilder] Instruction has no debug information, defaulting to function/basic block info
instrumenter::VERBO: [Instrumenter - IRBuilder] Instruction has no debug information, defaulting to function/basic block info
instrumenter::VERBO: [Instrumenter - IRBuilder] Instruction has no debug information, defaulting to function/basic block info
instrumenter::VERBO: [Instrumenter - IRBuilder] Instruction has no debug information, defaulting to function/basic block info
instrumenter::VERBO: [Instrumenter - IRBuilder] Instruction has no debug information, defaulting to function/basic block info
instrumenter::VERBO: [Instrumenter - IRBuilder] Instruction has no debug information, defaulting to function/basic block info
instrumenter::VERBO: [Instrumenter - IRBuilder] Instruction has no debug information, defaulting to function/basic block info
instrumenter::VERBO: [Instrumenter - IRBuilder] Instruction has no debug information, defaulting to function/basic block info
instrumenter::VERBO: [Instrumenter - IRBuilder] Instruction has no debug information, defaulting to function/basic block info
instrumenter::VERBO: [Instrumenter - IRBuilder] Instruction has no debug information, defaulting to function/basic block info
instrumenter::VERBO: [Instrumenter - IRBuilder] Instruction has no debug information, defaulting to function/basic block info
instrumenter::VERBO: [Instrumenter - IRBuilder] Instruction has no debug information, defaulting to function/basic block info
instrumenter::VERBO: [Instrumenter - IRBuilder] Instruction has no debug information, defaulting to function/basic block info
instrumenter::VERBO: [Instrumenter - IRBuilder] Instruction has no debug information, defaulting to function/basic block info
instrumenter::VERBO: [Instrumenter - IRBuilder] Instruction has no debug information, defaulting to function/basic block info
instrumenter::VERBO: [Instrumenter - IRBuilder] Instruction has no debug information, defaulting to function/basic block info
instrumenter::VERBO: [Instrumenter - IRBuilder] Instruction has no debug information, defaulting to function/basic block info
instrumenter::VERBO: [Instrumenter - IRBuilder] Instruction has no debug information, defaulting to function/basic block info
instrumenter::VERBO: [Instrumenter - IRBuilder] Instruction has no debug information, defaulting to function/basic block info
instrumenter::VERBO: [Instrumenter - IRBuilder] Instruction has no debug information, defaulting to function/basic block info
instrumenter::VERBO: [Instrumenter - IRBuilder] Instruction has no debug information, defaulting to function/basic block info
instrumenter::VERBO: [Instrumenter - IRBuilder] Instruction has no debug information, defaulting to function/basic block info
instrumenter::VERBO: [Instrumenter - IRBuilder] Instruction has no debug information, defaulting to function/basic block info
instrumenter::VERBO: [Instrumenter - IRBuilder] Instruction has no debug information, defaulting to function/basic block info
instrumenter::VERBO: [Instrumenter - IRBuilder] Instruction has no debug information, defaulting to function/basic block info
instrumenter::VERBO: [Instrumenter - IRBuilder] Instruction has no debug information, defaulting to function/basic block info
instrumenter::VERBO: [Instrumenter - IRBuilder] Instruction has no debug information, defaulting to function/basic block info
instrumenter::VERBO: [Instrumenter - IRBuilder] Instruction has no debug information, defaulting to function/basic block info
instrumenter::VERBO: [Instrumenter - IRBuilder] Instruction has no debug information, defaulting to function/basic block info
instrumenter::VERBO: [Instrumenter - IRBuilder] Instruction has no debug information, defaulting to function/basic block info
instrumenter::VERBO: [Instrumenter - IRBuilder] Instruction has no debug information, defaulting to function/basic block info
instrumenter::VERBO: [Instrumenter - IRBuilder] Instruction has no debug information, defaulting to function/basic block info
instrumenter::VERBO: [Instrumenter - IRBuilder] Instruction has no debug information, defaulting to function/basic block info
instrumenter::VERBO: [Instrumenter - IRBuilder] Instruction has no debug information, defaulting to function/basic block info
instrumenter::VERBO: [Instrumenter - IRBuilder] Instruction has no debug information, defaulting to function/basic block info
instrumenter::VERBO: [Instrumenter - IRBuilder] Instruction has no debug information, defaulting to function/basic block info
instrumenter::VERBO: [Instrumenter - IRBuilder] Instruction has no debug information, defaulting to function/basic block info
instrumenter::VERBO: [Instrumenter - IRBuilder] Instruction has no debug information, defaulting to function/basic block info
instrumenter::VERBO: [Instrumenter - IRBuilder] Instruction has no debug information, defaulting to function/basic block info
instrumenter::VERBO: [Instrumenter - IRBuilder] Instruction has no debug information, defaulting to function/basic block info
instrumenter::VERBO: [Instrumenter - IRBuilder] Instruction has no debug information, defaulting to function/basic block info
instrumenter::VERBO: [Instrumenter - IRBuilder] Instruction has no debug information, defaulting to function/basic block info
instrumenter::VERBO: [Instrumenter - IRBuilder] Instruction has no debug information, defaulting to function/basic block info
instrumenter::VERBO: [Instrumenter - IRBuilder] Instruction has no debug information, defaulting to function/basic block info
instrumenter::VERBO: [Instrumenter - IRBuilder] Instruction has no debug information, defaulting to function/basic block info
instrumenter::VERBO: [Instrumenter - IRBuilder] Instruction has no debug information, defaulting to function/basic block info
instrumenter::VERBO: [Instrumenter - IRBuilder] Instruction has no debug information, defaulting to function/basic block info
instrumenter::VERBO: [Instrumenter - IRBuilder] Instruction has no debug information, defaulting to function/basic block info
instrumenter::VERBO: [Instrumenter - IRBuilder] Instruction has no debug information, defaulting to function/basic block info
instrumenter::VERBO: [Instrumenter - IRBuilder] Instruction has no debug information, defaulting to function/basic block info
instrumenter::VERBO: [Instrumenter - IRBuilder] Instruction has no debug information, defaulting to function/basic block info
instrumenter::VERBO: [Instrumenter - IRBuilder] Instruction has no debug information, defaulting to function/basic block info
instrumenter::VERBO: [Instrumenter - IRBuilder] Instruction has no debug information, defaulting to function/basic block info
instrumenter::VERBO: [Instrumenter - IRBuilder] Instruction has no debug information, defaulting to function/basic block info
instrumenter::VERBO: [Instrumenter - IRBuilder] Instruction has no debug information, defaulting to function/basic block info
instrumenter::VERBO: [Instrumenter - IRBuilder] Instruction has no debug information, defaulting to function/basic block info
instrumenter::VERBO: [Instrumenter - IRBuilder] Instruction has no debug information, defaulting to function/basic block info
instrumenter::VERBO: [Instrumenter - IRBuilder] Instruction has no debug information, defaulting to function/basic block info
instrumenter::VERBO: [Instrumenter - IRBuilder] Instruction has no debug information, defaulting to function/basic block info
instrumenter::VERBO: [Instrumenter - IRBuilder] Instruction has no debug information, defaulting to function/basic block info
instrumenter::VERBO: [Instrumenter - IRBuilder] Instruction has no debug information, defaulting to function/basic block info
instrumenter::VERBO: [Instrumenter - IRBuilder] Instruction has no debug information, defaulting to function/basic block info
instrumenter::VERBO: [Instrumenter - IRBuilder] Instruction has no debug information, defaulting to function/basic block info
instrumenter::VERBO: [Instrumenter - IRBuilder] Instruction has no debug information, defaulting to function/basic block info
instrumenter::VERBO: [Instrumenter - IRBuilder] Instruction has no debug information, defaulting to function/basic block info
instrumenter::VERBO: [Instrumenter - IRBuilder] Instruction has no debug information, defaulting to function/basic block info
instrumenter::VERBO: [Instrumenter - IRBuilder] Instruction has no debug information, defaulting to function/basic block info
instrumenter::VERBO: [Instrumenter - IRBuilder] Instruction has no debug information, defaulting to function/basic block info
instrumenter::VERBO: [Instrumenter - IRBuilder] Instruction has no debug information, defaulting to function/basic block info
instrumenter::VERBO: [Instrumenter - IRBuilder] Instruction has no debug information, defaulting to function/basic block info
instrumenter::VERBO: [Instrumenter - IRBuilder] Instruction has no debug information, defaulting to function/basic block info
instrumenter::VERBO: [Instrumenter - IRBuilder] Instruction has no debug information, defaulting to function/basic block info
instrumenter::VERBO: [Instrumenter - IRBuilder] Instruction has no debug information, defaulting to function/basic block info
instrumenter::VERBO: [Instrumenter - IRBuilder] Instruction has no debug information, defaulting to function/basic block info
instrumenter::VERBO: [Instrumenter - IRBuilder] Instruction has no debug information, defaulting to function/basic block info
instrumenter::VERBO: [Instrumenter - IRBuilder] Instruction has no debug information, defaulting to function/basic block info
instrumenter::VERBO: [Instrumenter - IRBuilder] Instruction has no debug information, defaulting to function/basic block info
instrumenter::VERBO: [Instrumenter - IRBuilder] Instruction has no debug information, defaulting to function/basic block info
instrumenter::VERBO: [Instrumenter - IRBuilder] Instruction has no debug information, defaulting to function/basic block info
instrumenter::VERBO: [Instrumenter - IRBuilder] Instruction has no debug information, defaulting to function/basic block info
instrumenter::VERBO: [Instrumenter - IRBuilder] Instruction has no debug information, defaulting to function/basic block info
instrumenter::VERBO: [Instrumenter - IRBuilder] Instruction has no debug information, defaulting to function/basic block info
instrumenter::VERBO: [Instrumenter - IRBuilder] Instruction has no debug information, defaulting to function/basic block info
instrumenter::VERBO: [Instrumenter - IRBuilder] Instruction has no debug information, defaulting to function/basic block info
instrumenter::VERBO: [Instrumenter - IRBuilder] Instruction has no debug information, defaulting to function/basic block info
instrumenter::VERBO: [Instrumenter - IRBuilder] Instruction has no debug information, defaulting to function/basic block info
instrumenter::VERBO: [Instrumenter - IRBuilder] Instruction has no debug information, defaulting to function/basic block info
instrumenter::VERBO: [Instrumenter - IRBuilder] Instruction has no debug information, defaulting to function/basic block info
instrumenter::VERBO: [Instrumenter - IRBuilder] Instruction has no debug information, defaulting to function/basic block info
instrumenter::VERBO: [Instrumenter - IRBuilder] Instruction has no debug information, defaulting to function/basic block info
instrumenter::VERBO: [Instrumenter - IRBuilder] Instruction has no debug information, defaulting to function/basic block info
instrumenter::VERBO: [Instrumenter - IRBuilder] Instruction has no debug information, defaulting to function/basic block info
instrumenter::VERBO: [Instrumenter - IRBuilder] Instruction has no debug information, defaulting to function/basic block info
instrumenter::VERBO: [Instrumenter - IRBuilder] Instruction has no debug information, defaulting to function/basic block info
instrumenter::VERBO: [Instrumenter - IRBuilder] Instruction has no debug information, defaulting to function/basic block info
instrumenter::VERBO: [Instrumenter - IRBuilder] Instruction has no debug information, defaulting to function/basic block info
instrumenter::VERBO: [Instrumenter - IRBuilder] Instruction has no debug information, defaulting to function/basic block info
instrumenter::VERBO: [Instrumenter - IRBuilder] Instruction has no debug information, defaulting to function/basic block info
instrumenter::VERBO: [Instrumenter - IRBuilder] Instruction has no debug information, defaulting to function/basic block info
instrumenter::VERBO: [Instrumenter - IRBuilder] Instruction has no debug information, defaulting to function/basic block info
instrumenter::VERBO: [Instrumenter - IRBuilder] Instruction has no debug information, defaulting to function/basic block info
instrumenter::VERBO: [Instrumenter - IRBuilder] Instruction has no debug information, defaulting to function/basic block info
instrumenter::VERBO: [Instrumenter - IRBuilder] Instruction has no debug information, defaulting to function/basic block info
instrumenter::VERBO: [Instrumenter - IRBuilder] Instruction has no debug information, defaulting to function/basic block info
instrumenter::VERBO: [Instrumenter - IRBuilder] Instruction has no debug information, defaulting to function/basic block info
instrumenter::VERBO: [Instrumenter - IRBuilder] Instruction has no debug information, defaulting to function/basic block info
instrumenter::VERBO: [Instrumenter - IRBuilder] Instruction has no debug information, defaulting to function/basic block info
instrumenter::VERBO: [Instrumenter - IRBuilder] Instruction has no debug information, defaulting to function/basic block info
instrumenter::VERBO: [Instrumenter - IRBuilder] Instruction has no debug information, defaulting to function/basic block info
instrumenter::VERBO: [Instrumenter - IRBuilder] Instruction has no debug information, defaulting to function/basic block info
instrumenter::VERBO: [Instrumenter - IRBuilder] Instruction has no debug information, defaulting to function/basic block info
instrumenter::VERBO: [Instrumenter - IRBuilder] Instruction has no debug information, defaulting to function/basic block info
instrumenter::VERBO: [Instrumenter - IRBuilder] Instruction has no debug information, defaulting to function/basic block info
instrumenter::VERBO: [Instrumenter - IRBuilder] Instruction has no debug information, defaulting to function/basic block info
instrumenter::VERBO: [Instrumenter - IRBuilder] Instruction has no debug information, defaulting to function/basic block info
instrumenter::VERBO: [Instrumenter - IRBuilder] Instruction has no debug information, defaulting to function/basic block info
instrumenter::VERBO: [Instrumenter - IRBuilder] Instruction has no debug information, defaulting to function/basic block info
instrumenter::VERBO: [Instrumenter - IRBuilder] Instruction has no debug information, defaulting to function/basic block info
instrumenter::VERBO: [Instrumenter - IRBuilder] Instruction has no debug information, defaulting to function/basic block info
instrumenter::VERBO: [Instrumenter - IRBuilder] Instruction has no debug information, defaulting to function/basic block info
instrumenter::VERBO: [Instrumenter - IRBuilder] Instruction has no debug information, defaulting to function/basic block info
instrumenter::VERBO: [Instrumenter - IRBuilder] Instruction has no debug information, defaulting to function/basic block info
instrumenter::VERBO: [Instrumenter - IRBuilder] Instruction has no debug information, defaulting to function/basic block info
instrumenter::VERBO: [Instrumenter - IRBuilder] Instruction has no debug information, defaulting to function/basic block info
instrumenter::VERBO: [Instrumenter - IRBuilder] Instruction has no debug information, defaulting to function/basic block info
instrumenter::VERBO: [Instrumenter - IRBuilder] Instruction has no debug information, defaulting to function/basic block info
instrumenter::VERBO: [Instrumenter - IRBuilder] Instruction has no debug information, defaulting to function/basic block info
instrumenter::VERBO: [Instrumenter - IRBuilder] Instruction has no debug information, defaulting to function/basic block info
instrumenter::VERBO: [Instrumenter - IRBuilder] Instruction has no debug information, defaulting to function/basic block info
instrumenter::VERBO: [Instrumenter - IRBuilder] Instruction has no debug information, defaulting to function/basic block info
instrumenter::VERBO: [Instrumenter - IRBuilder] Instruction has no debug information, defaulting to function/basic block info
instrumenter::VERBO: [Instrumenter - IRBuilder] Instruction has no debug information, defaulting to function/basic block info
instrumenter::VERBO: [Instrumenter - IRBuilder] Instruction has no debug information, defaulting to function/basic block info
instrumenter::VERBO: [Instrumenter - IRBuilder] Instruction has no debug information, defaulting to function/basic block info
instrumenter::VERBO: [Instrumenter - IRBuilder] Instruction has no debug information, defaulting to function/basic block info
instrumenter::VERBO: [Instrumenter - IRBuilder] Instruction has no debug information, defaulting to function/basic block info
instrumenter::VERBO: [Instrumenter - IRBuilder] Instruction has no debug information, defaulting to function/basic block info
instrumenter::VERBO: [Instrumenter - IRBuilder] Instruction has no debug information, defaulting to function/basic block info
instrumenter::VERBO: [Instrumenter - IRBuilder] Instruction has no debug information, defaulting to function/basic block info
instrumenter::VERBO: [Instrumenter - IRBuilder] Instruction has no debug information, defaulting to function/basic block info
instrumenter::VERBO: [Instrumenter - IRBuilder] Instruction has no debug information, defaulting to function/basic block info
instrumenter::VERBO: [Instrumenter - IRBuilder] Instruction has no debug information, defaulting to function/basic block info
instrumenter::VERBO: [Instrumenter - IRBuilder] Instruction has no debug information, defaulting to function/basic block info
instrumenter::VERBO: [Instrumenter - IRBuilder] Instruction has no debug information, defaulting to function/basic block info
instrumenter::VERBO: [Instrumenter - IRBuilder] Instruction has no debug information, defaulting to function/basic block info
instrumenter::VERBO: [Instrumenter - IRBuilder] Instruction has no debug information, defaulting to function/basic block info
instrumenter::VERBO: [Instrumenter - IRBuilder] Instruction has no debug information, defaulting to function/basic block info
instrumenter::VERBO: [Instrumenter - IRBuilder] Instruction has no debug information, defaulting to function/basic block info
instrumenter::VERBO: [Instrumenter - IRBuilder] Instruction has no debug information, defaulting to function/basic block info
instrumenter::VERBO: [Instrumenter - IRBuilder] Instruction has no debug information, defaulting to function/basic block info
instrumenter::VERBO: [Instrumenter - IRBuilder] Instruction has no debug information, defaulting to function/basic block info
instrumenter::VERBO: [Instrumenter - IRBuilder] Instruction has no debug information, defaulting to function/basic block info
instrumenter::VERBO: [Instrumenter - IRBuilder] Instruction has no debug information, defaulting to function/basic block info
instrumenter::VERBO: [Instrumenter - IRBuilder] Instruction has no debug information, defaulting to function/basic block info
instrumenter::VERBO: [Instrumenter - IRBuilder] Instruction has no debug information, defaulting to function/basic block info
instrumenter::VERBO: [Instrumenter - IRBuilder] Instruction has no debug information, defaulting to function/basic block info
instrumenter::VERBO: [Instrumenter - IRBuilder] Instruction has no debug information, defaulting to function/basic block info
instrumenter::VERBO: [Instrumenter - IRBuilder] Instruction has no debug information, defaulting to function/basic block info
instrumenter::VERBO: [Instrumenter - IRBuilder] Instruction has no debug information, defaulting to function/basic block info
instrumenter::VERBO: [Instrumenter - IRBuilder] Instruction has no debug information, defaulting to function/basic block info
instrumenter::VERBO: [Instrumenter - IRBuilder] Instruction has no debug information, defaulting to function/basic block info
instrumenter::VERBO: [Instrumenter - IRBuilder] Instruction has no debug information, defaulting to function/basic block info
instrumenter::VERBO: [Instrumenter - IRBuilder] Instruction has no debug information, defaulting to function/basic block info
instrumenter::VERBO: [Instrumenter - IRBuilder] Instruction has no debug information, defaulting to function/basic block info
instrumenter::VERBO: [Instrumenter - IRBuilder] Instruction has no debug information, defaulting to function/basic block info
instrumenter::VERBO: [Instrumenter - IRBuilder] Instruction has no debug information, defaulting to function/basic block info
instrumenter::VERBO: [Instrumenter - IRBuilder] Instruction has no debug information, defaulting to function/basic block info
instrumenter::VERBO: [Instrumenter - IRBuilder] Instruction has no debug information, defaulting to function/basic block info
instrumenter::VERBO: [Instrumenter - IRBuilder] Instruction has no debug information, defaulting to function/basic block info
instrumenter::VERBO: [Instrumenter - IRBuilder] Instruction has no debug information, defaulting to function/basic block info
instrumenter::VERBO: [Instrumenter - IRBuilder] Instruction has no debug information, defaulting to function/basic block info
instrumenter::VERBO: [Instrumenter - IRBuilder] Instruction has no debug information, defaulting to function/basic block info
instrumenter::VERBO: [Instrumenter - IRBuilder] Instruction has no debug information, defaulting to function/basic block info
instrumenter::VERBO: [Instrumenter - IRBuilder] Instruction has no debug information, defaulting to function/basic block info
instrumenter::VERBO: [Instrumenter - IRBuilder] Instruction has no debug information, defaulting to function/basic block info
instrumenter::VERBO: [Instrumenter - IRBuilder] Instruction has no debug information, defaulting to function/basic block info
instrumenter::VERBO: [Instrumenter - IRBuilder] Instruction has no debug information, defaulting to function/basic block info
instrumenter::VERBO: [Instrumenter - IRBuilder] Instruction has no debug information, defaulting to function/basic block info
instrumenter::VERBO: [Instrumenter - IRBuilder] Instruction has no debug information, defaulting to function/basic block info
instrumenter::VERBO: [Instrumenter - IRBuilder] Instruction has no debug information, defaulting to function/basic block info
instrumenter::VERBO: [Instrumenter - IRBuilder] Instruction has no debug information, defaulting to function/basic block info
instrumenter::VERBO: [Instrumenter - IRBuilder] Instruction has no debug information, defaulting to function/basic block info
instrumenter::VERBO: [Instrumenter - IRBuilder] Instruction has no debug information, defaulting to function/basic block info
instrumenter::VERBO: [Instrumenter - IRBuilder] Instruction has no debug information, defaulting to function/basic block info
instrumenter::VERBO: [Instrumenter - IRBuilder] Instruction has no debug information, defaulting to function/basic block info
instrumenter::VERBO: [Instrumenter - IRBuilder] Instruction has no debug information, defaulting to function/basic block info
instrumenter::VERBO: [Instrumenter - IRBuilder] Instruction has no debug information, defaulting to function/basic block info
instrumenter::VERBO: [Instrumenter - IRBuilder] Instruction has no debug information, defaulting to function/basic block info
instrumenter::VERBO: [Instrumenter - IRBuilder] Instruction has no debug information, defaulting to function/basic block info
instrumenter::VERBO: [Instrumenter - IRBuilder] Instruction has no debug information, defaulting to function/basic block info
instrumenter::VERBO: [Instrumenter - IRBuilder] Instruction has no debug information, defaulting to function/basic block info
instrumenter::VERBO: [Instrumenter - IRBuilder] Instruction has no debug information, defaulting to function/basic block info
instrumenter::VERBO: [Instrumenter - IRBuilder] Instruction has no debug information, defaulting to function/basic block info
instrumenter::VERBO: [Instrumenter - IRBuilder] Instruction has no debug information, defaulting to function/basic block info
instrumenter::VERBO: [Instrumenter - IRBuilder] Instruction has no debug information, defaulting to function/basic block info
instrumenter::VERBO: [Instrumenter - IRBuilder] Instruction has no debug information, defaulting to function/basic block info
instrumenter::VERBO: [Instrumenter - IRBuilder] Instruction has no debug information, defaulting to function/basic block info
instrumenter::VERBO: [Instrumenter - IRBuilder] Instruction has no debug information, defaulting to function/basic block info
instrumenter::VERBO: [Instrumenter - IRBuilder] Instruction has no debug information, defaulting to function/basic block info
instrumenter::VERBO: [Instrumenter - IRBuilder] Instruction has no debug information, defaulting to function/basic block info
instrumenter::VERBO: [Instrumenter - IRBuilder] Instruction has no debug information, defaulting to function/basic block info
instrumenter::VERBO: [Instrumenter - IRBuilder] Instruction has no debug information, defaulting to function/basic block info
instrumenter::VERBO: [Instrumenter - IRBuilder] Instruction has no debug information, defaulting to function/basic block info
instrumenter::VERBO: [Instrumenter - IRBuilder] Instruction has no debug information, defaulting to function/basic block info
instrumenter::VERBO: [Instrumenter - IRBuilder] Instruction has no debug information, defaulting to function/basic block info
instrumenter::VERBO: [Instrumenter - IRBuilder] Instruction has no debug information, defaulting to function/basic block info
instrumenter::VERBO: [Instrumenter - IRBuilder] Instruction has no debug information, defaulting to function/basic block info
instrumenter::VERBO: [Instrumenter - IRBuilder] Instruction has no debug information, defaulting to function/basic block info
instrumenter::VERBO: [Instrumenter - IRBuilder] Instruction has no debug information, defaulting to function/basic block info
instrumenter::VERBO: [Instrumenter - IRBuilder] Instruction has no debug information, defaulting to function/basic block info
instrumenter::VERBO: [Instrumenter - IRBuilder] Instruction has no debug information, defaulting to function/basic block info
instrumenter::VERBO: [Instrumenter - IRBuilder] Instruction has no debug information, defaulting to function/basic block info
instrumenter::VERBO: [Instrumenter - IRBuilder] Instruction has no debug information, defaulting to function/basic block info
instrumenter::VERBO: [Instrumenter - IRBuilder] Instruction has no debug information, defaulting to function/basic block info
instrumenter::VERBO: [Instrumenter - IRBuilder] Instruction has no debug information, defaulting to function/basic block info
instrumenter::VERBO: [Instrumenter - IRBuilder] Instruction has no debug information, defaulting to function/basic block info
instrumenter::VERBO: [Instrumenter - IRBuilder] Instruction has no debug information, defaulting to function/basic block info
instrumenter::VERBO: [Instrumenter - IRBuilder] Instruction has no debug information, defaulting to function/basic block info
instrumenter::VERBO: [Instrumenter - IRBuilder] Instruction has no debug information, defaulting to function/basic block info
instrumenter::VERBO: [Instrumenter - IRBuilder] Instruction has no debug information, defaulting to function/basic block info
instrumenter::VERBO: [Instrumenter - IRBuilder] Instruction has no debug information, defaulting to function/basic block info
instrumenter::VERBO: [Instrumenter - IRBuilder] Instruction has no debug information, defaulting to function/basic block info
instrumenter::VERBO: [Instrumenter - IRBuilder] Instruction has no debug information, defaulting to function/basic block info
instrumenter::VERBO: [Instrumenter - IRBuilder] Instruction has no debug information, defaulting to function/basic block info
instrumenter::VERBO: [Instrumenter - IRBuilder] Instruction has no debug information, defaulting to function/basic block info
instrumenter::VERBO: [Instrumenter - IRBuilder] Instruction has no debug information, defaulting to function/basic block info
instrumenter::VERBO: [Instrumenter - IRBuilder] Instruction has no debug information, defaulting to function/basic block info
instrumenter::VERBO: [Instrumenter - IRBuilder] Instruction has no debug information, defaulting to function/basic block info
instrumenter::VERBO: [Instrumenter - IRBuilder] Instruction has no debug information, defaulting to function/basic block info
instrumenter::VERBO: [Instrumenter - IRBuilder] Instruction has no debug information, defaulting to function/basic block info
instrumenter::VERBO: [Instrumenter - IRBuilder] Instruction has no debug information, defaulting to function/basic block info
instrumenter::VERBO: [Instrumenter - IRBuilder] Instruction has no debug information, defaulting to function/basic block info
instrumenter::VERBO: [Instrumenter - IRBuilder] Instruction has no debug information, defaulting to function/basic block info
instrumenter::VERBO: [Instrumenter - IRBuilder] Instruction has no debug information, defaulting to function/basic block info
instrumenter::VERBO: [Instrumenter - IRBuilder] Instruction has no debug information, defaulting to function/basic block info
instrumenter::VERBO: [Instrumenter - IRBuilder] Instruction has no debug information, defaulting to function/basic block info
instrumenter::VERBO: [Instrumenter - IRBuilder] Instruction has no debug information, defaulting to function/basic block info
instrumenter::VERBO: [Instrumenter - IRBuilder] Instruction has no debug information, defaulting to function/basic block info
instrumenter::VERBO: [Instrumenter - IRBuilder] Instruction has no debug information, defaulting to function/basic block info
instrumenter::VERBO: [Instrumenter - IRBuilder] Instruction has no debug information, defaulting to function/basic block info
instrumenter::VERBO: [Instrumenter - IRBuilder] Instruction has no debug information, defaulting to function/basic block info
instrumenter::VERBO: [Instrumenter - IRBuilder] Instruction has no debug information, defaulting to function/basic block info
instrumenter::VERBO: [Instrumenter - IRBuilder] Instruction has no debug information, defaulting to function/basic block info
instrumenter::VERBO: [Instrumenter - IRBuilder] Instruction has no debug information, defaulting to function/basic block info
instrumenter::VERBO: [Instrumenter - IRBuilder] Instruction has no debug information, defaulting to function/basic block info
instrumenter::VERBO: [Instrumenter - IRBuilder] Instruction has no debug information, defaulting to function/basic block info
instrumenter::VERBO: [Instrumenter - IRBuilder] Instruction has no debug information, defaulting to function/basic block info
instrumenter::VERBO: [Instrumenter - IRBuilder] Instruction has no debug information, defaulting to function/basic block info
instrumenter::VERBO: [Instrumenter - IRBuilder] Instruction has no debug information, defaulting to function/basic block info
instrumenter::VERBO: [Instrumenter - IRBuilder] Instruction has no debug information, defaulting to function/basic block info
instrumenter::VERBO: [Instrumenter - IRBuilder] Instruction has no debug information, defaulting to function/basic block info
instrumenter::VERBO: [Instrumenter - IRBuilder] Instruction has no debug information, defaulting to function/basic block info
instrumenter::VERBO: [Instrumenter - IRBuilder] Instruction has no debug information, defaulting to function/basic block info
instrumenter::VERBO: [Instrumenter - IRBuilder] Instruction has no debug information, defaulting to function/basic block info
instrumenter::VERBO: [Instrumenter - IRBuilder] Instruction has no debug information, defaulting to function/basic block info
instrumenter::VERBO: [Instrumenter - IRBuilder] Instruction has no debug information, defaulting to function/basic block info
instrumenter::VERBO: [Instrumenter - IRBuilder] Instruction has no debug information, defaulting to function/basic block info
instrumenter::VERBO: [Instrumenter - IRBuilder] Instruction has no debug information, defaulting to function/basic block info
instrumenter::VERBO: [Instrumenter - IRBuilder] Instruction has no debug information, defaulting to function/basic block info
instrumenter::VERBO: [Instrumenter - IRBuilder] Instruction has no debug information, defaulting to function/basic block info
instrumenter::VERBO: [Instrumenter - IRBuilder] Instruction has no debug information, defaulting to function/basic block info
instrumenter::VERBO: [Instrumenter - IRBuilder] Instruction has no debug information, defaulting to function/basic block info
instrumenter::VERBO: [Instrumenter - IRBuilder] Instruction has no debug information, defaulting to function/basic block info
instrumenter::VERBO: [Instrumenter - IRBuilder] Instruction has no debug information, defaulting to function/basic block info
instrumenter::VERBO: [Instrumenter - IRBuilder] Instruction has no debug information, defaulting to function/basic block info
instrumenter::VERBO: [Instrumenter - IRBuilder] Instruction has no debug information, defaulting to function/basic block info
instrumenter::VERBO: [Instrumenter - IRBuilder] Instruction has no debug information, defaulting to function/basic block info
instrumenter::VERBO: [Instrumenter - IRBuilder] Instruction has no debug information, defaulting to function/basic block info
instrumenter::VERBO: [Instrumenter - IRBuilder] Instruction has no debug information, defaulting to function/basic block info
instrumenter::VERBO: [Instrumenter - IRBuilder] Instruction has no debug information, defaulting to function/basic block info
instrumenter::VERBO: [Instrumenter - IRBuilder] Instruction has no debug information, defaulting to function/basic block info
instrumenter::VERBO: [Instrumenter - IRBuilder] Instruction has no debug information, defaulting to function/basic block info
instrumenter::VERBO: [Instrumenter - IRBuilder] Instruction has no debug information, defaulting to function/basic block info
instrumenter::VERBO: [Instrumenter - IRBuilder] Instruction has no debug information, defaulting to function/basic block info
instrumenter::VERBO: [Instrumenter - IRBuilder] Instruction has no debug information, defaulting to function/basic block info
instrumenter::VERBO: [Instrumenter - IRBuilder] Instruction has no debug information, defaulting to function/basic block info
instrumenter::VERBO: [Instrumenter - IRBuilder] Instruction has no debug information, defaulting to function/basic block info
instrumenter::VERBO: [Instrumenter - IRBuilder] Instruction has no debug information, defaulting to function/basic block info
instrumenter::VERBO: [Instrumenter - IRBuilder] Instruction has no debug information, defaulting to function/basic block info
instrumenter::VERBO: [Instrumenter - IRBuilder] Instruction has no debug information, defaulting to function/basic block info
instrumenter::VERBO: [Instrumenter - IRBuilder] Instruction has no debug information, defaulting to function/basic block info
instrumenter::VERBO: [Instrumenter - IRBuilder] Instruction has no debug information, defaulting to function/basic block info
instrumenter::VERBO: [Instrumenter - IRBuilder] Instruction has no debug information, defaulting to function/basic block info
instrumenter::VERBO: [Instrumenter - IRBuilder] Instruction has no debug information, defaulting to function/basic block info
instrumenter::VERBO: [Instrumenter - IRBuilder] Instruction has no debug information, defaulting to function/basic block info
instrumenter::VERBO: [Instrumenter - IRBuilder] Instruction has no debug information, defaulting to function/basic block info
instrumenter::VERBO: [Instrumenter - IRBuilder] Instruction has no debug information, defaulting to function/basic block info
instrumenter::VERBO: [Instrumenter - IRBuilder] Instruction has no debug information, defaulting to function/basic block info
instrumenter::VERBO: [Instrumenter - IRBuilder] Instruction has no debug information, defaulting to function/basic block info
instrumenter::VERBO: [Instrumenter - IRBuilder] Instruction has no debug information, defaulting to function/basic block info
instrumenter::VERBO: [Instrumenter - IRBuilder] Instruction has no debug information, defaulting to function/basic block info
instrumenter::VERBO: [Instrumenter - IRBuilder] Instruction has no debug information, defaulting to function/basic block info
instrumenter::VERBO: [Instrumenter - IRBuilder] Instruction has no debug information, defaulting to function/basic block info
instrumenter::VERBO: [Instrumenter - IRBuilder] Instruction has no debug information, defaulting to function/basic block info
instrumenter::VERBO: [Instrumenter - IRBuilder] Instruction has no debug information, defaulting to function/basic block info
instrumenter::VERBO: [Instrumenter - IRBuilder] Instruction has no debug information, defaulting to function/basic block info
instrumenter::VERBO: [Instrumenter - IRBuilder] Instruction has no debug information, defaulting to function/basic block info
instrumenter::VERBO: [Instrumenter - IRBuilder] Instruction has no debug information, defaulting to function/basic block info
instrumenter::VERBO: [Instrumenter - IRBuilder] Instruction has no debug information, defaulting to function/basic block info
instrumenter::VERBO: [Instrumenter - IRBuilder] Instruction has no debug information, defaulting to function/basic block info
instrumenter::VERBO: [Instrumenter - IRBuilder] Instruction has no debug information, defaulting to function/basic block info
instrumenter::VERBO: [Instrumenter - IRBuilder] Instruction has no debug information, defaulting to function/basic block info
instrumenter::VERBO: [Instrumenter - IRBuilder] Instruction has no debug information, defaulting to function/basic block info
instrumenter::VERBO: [Instrumenter - IRBuilder] Instruction has no debug information, defaulting to function/basic block info
instrumenter::VERBO: [Instrumenter - IRBuilder] Instruction has no debug information, defaulting to function/basic block info
instrumenter::VERBO: [Instrumenter - IRBuilder] Instruction has no debug information, defaulting to function/basic block info
instrumenter::VERBO: [Instrumenter - IRBuilder] Instruction has no debug information, defaulting to function/basic block info
instrumenter::VERBO: [Instrumenter - IRBuilder] Instruction has no debug information, defaulting to function/basic block info
instrumenter::VERBO: [Instrumenter - IRBuilder] Instruction has no debug information, defaulting to function/basic block info
instrumenter::VERBO: [Instrumenter - IRBuilder] Instruction has no debug information, defaulting to function/basic block info
instrumenter::VERBO: [Instrumenter - IRBuilder] Instruction has no debug information, defaulting to function/basic block info
instrumenter::VERBO: [Instrumenter - IRBuilder] Instruction has no debug information, defaulting to function/basic block info
instrumenter::VERBO: [Instrumenter - IRBuilder] Instruction has no debug information, defaulting to function/basic block info
instrumenter::VERBO: [Instrumenter - IRBuilder] Instruction has no debug information, defaulting to function/basic block info
instrumenter::VERBO: [Instrumenter - IRBuilder] Instruction has no debug information, defaulting to function/basic block info
instrumenter::VERBO: [Instrumenter - IRBuilder] Instruction has no debug information, defaulting to function/basic block info
instrumenter::VERBO: [Instrumenter - IRBuilder] Instruction has no debug information, defaulting to function/basic block info
instrumenter::VERBO: [Instrumenter - IRBuilder] Instruction has no debug information, defaulting to function/basic block info
instrumenter::VERBO: [Instrumenter - IRBuilder] Instruction has no debug information, defaulting to function/basic block info
instrumenter::VERBO: [Instrumenter - IRBuilder] Instruction has no debug information, defaulting to function/basic block info
instrumenter::VERBO: [Instrumenter - IRBuilder] Instruction has no debug information, defaulting to function/basic block info
instrumenter::VERBO: [Instrumenter - IRBuilder] Instruction has no debug information, defaulting to function/basic block info
instrumenter::VERBO: [Instrumenter - IRBuilder] Instruction has no debug information, defaulting to function/basic block info
instrumenter::VERBO: [Instrumenter - IRBuilder] Instruction has no debug information, defaulting to function/basic block info
instrumenter::VERBO: [Instrumenter - IRBuilder] Instruction has no debug information, defaulting to function/basic block info
instrumenter::VERBO: [Instrumenter - IRBuilder] Instruction has no debug information, defaulting to function/basic block info
instrumenter::VERBO: [Instrumenter - IRBuilder] Instruction has no debug information, defaulting to function/basic block info
instrumenter::VERBO: [Instrumenter - IRBuilder] Instruction has no debug information, defaulting to function/basic block info
instrumenter::VERBO: [Instrumenter - IRBuilder] Instruction has no debug information, defaulting to function/basic block info
instrumenter::VERBO: [Instrumenter - IRBuilder] Instruction has no debug information, defaulting to function/basic block info
instrumenter::VERBO: [Instrumenter - IRBuilder] Instruction has no debug information, defaulting to function/basic block info
instrumenter::VERBO: [Instrumenter - IRBuilder] Instruction has no debug information, defaulting to function/basic block info
instrumenter::VERBO: [Instrumenter - IRBuilder] Instruction has no debug information, defaulting to function/basic block info
instrumenter::VERBO: [Instrumenter - IRBuilder] Instruction has no debug information, defaulting to function/basic block info
instrumenter::VERBO: [Instrumenter - IRBuilder] Instruction has no debug information, defaulting to function/basic block info
instrumenter::VERBO: [Instrumenter - IRBuilder] Instruction has no debug information, defaulting to function/basic block info
instrumenter::VERBO: [Instrumenter - IRBuilder] Instruction has no debug information, defaulting to function/basic block info
instrumenter::VERBO: [Instrumenter - IRBuilder] Instruction has no debug information, defaulting to function/basic block info
instrumenter::VERBO: [Instrumenter - IRBuilder] Instruction has no debug information, defaulting to function/basic block info
instrumenter::VERBO: [Instrumenter - IRBuilder] Instruction has no debug information, defaulting to function/basic block info
instrumenter::VERBO: [Instrumenter - IRBuilder] Instruction has no debug information, defaulting to function/basic block info
instrumenter::VERBO: [Instrumenter - IRBuilder] Instruction has no debug information, defaulting to function/basic block info
instrumenter::VERBO: [Instrumenter - IRBuilder] Instruction has no debug information, defaulting to function/basic block info
instrumenter::VERBO: [Instrumenter - IRBuilder] Instruction has no debug information, defaulting to function/basic block info
instrumenter::VERBO: [Instrumenter - IRBuilder] Instruction has no debug information, defaulting to function/basic block info
instrumenter::VERBO: [Instrumenter - IRBuilder] Instruction has no debug information, defaulting to function/basic block info
instrumenter::VERBO: [Instrumenter - IRBuilder] Instruction has no debug information, defaulting to function/basic block info
instrumenter::VERBO: [Instrumenter - IRBuilder] Instruction has no debug information, defaulting to function/basic block info
instrumenter::VERBO: [Instrumenter - IRBuilder] Instruction has no debug information, defaulting to function/basic block info
instrumenter::VERBO: [Instrumenter - IRBuilder] Instruction has no debug information, defaulting to function/basic block info
instrumenter::VERBO: [Instrumenter - IRBuilder] Instruction has no debug information, defaulting to function/basic block info
instrumenter::VERBO: [Instrumenter - IRBuilder] Instruction has no debug information, defaulting to function/basic block info
instrumenter::VERBO: [Instrumenter - IRBuilder] Instruction has no debug information, defaulting to function/basic block info
instrumenter::VERBO: [Instrumenter - IRBuilder] Instruction has no debug information, defaulting to function/basic block info
instrumenter::VERBO: [Instrumenter - IRBuilder] Instruction has no debug information, defaulting to function/basic block info
instrumenter::VERBO: [Instrumenter - IRBuilder] Instruction has no debug information, defaulting to function/basic block info
instrumenter::VERBO: [Instrumenter - IRBuilder] Instruction has no debug information, defaulting to function/basic block info
instrumenter::VERBO: [Instrumenter - IRBuilder] Instruction has no debug information, defaulting to function/basic block info
instrumenter::VERBO: [Instrumenter - IRBuilder] Instruction has no debug information, defaulting to function/basic block info
instrumenter::VERBO: [Instrumenter - IRBuilder] Instruction has no debug information, defaulting to function/basic block info
instrumenter::VERBO: [Instrumenter - IRBuilder] Instruction has no debug information, defaulting to function/basic block info
instrumenter::VERBO: [Instrumenter - IRBuilder] Instruction has no debug information, defaulting to function/basic block info
instrumenter::VERBO: [Instrumenter - IRBuilder] Instruction has no debug information, defaulting to function/basic block info
instrumenter::VERBO: [Instrumenter - IRBuilder] Instruction has no debug information, defaulting to function/basic block info
instrumenter::VERBO: [Instrumenter - IRBuilder] Instruction has no debug information, defaulting to function/basic block info
instrumenter::VERBO: [Instrumenter - IRBuilder] Instruction has no debug information, defaulting to function/basic block info
instrumenter::VERBO: [Instrumenter - IRBuilder] Instruction has no debug information, defaulting to function/basic block info
instrumenter::VERBO: [Instrumenter - IRBuilder] Instruction has no debug information, defaulting to function/basic block info
instrumenter::VERBO: [Instrumenter - IRBuilder] Instruction has no debug information, defaulting to function/basic block info
instrumenter::VERBO: [Instrumenter - IRBuilder] Instruction has no debug information, defaulting to function/basic block info
instrumenter::VERBO: [Instrumenter - IRBuilder] Instruction has no debug information, defaulting to function/basic block info
instrumenter::VERBO: [Instrumenter - IRBuilder] Instruction has no debug information, defaulting to function/basic block info
instrumenter::VERBO: [Instrumenter - IRBuilder] Instruction has no debug information, defaulting to function/basic block info
instrumenter::VERBO: [Instrumenter - IRBuilder] Instruction has no debug information, defaulting to function/basic block info
instrumenter::VERBO: [Instrumenter - IRBuilder] Instruction has no debug information, defaulting to function/basic block info
instrumenter::VERBO: [Instrumenter - IRBuilder] Instruction has no debug information, defaulting to function/basic block info
instrumenter::VERBO: [Instrumenter - IRBuilder] Instruction has no debug information, defaulting to function/basic block info
instrumenter::VERBO: [Instrumenter - IRBuilder] Instruction has no debug information, defaulting to function/basic block info
instrumenter::VERBO: [Instrumenter - IRBuilder] Instruction has no debug information, defaulting to function/basic block info
instrumenter::VERBO: [Instrumenter - IRBuilder] Instruction has no debug information, defaulting to function/basic block info
instrumenter::VERBO: [Instrumenter - IRBuilder] Instruction has no debug information, defaulting to function/basic block info
instrumenter::VERBO: [Instrumenter - IRBuilder] Instruction has no debug information, defaulting to function/basic block info
instrumenter::VERBO: [Instrumenter - IRBuilder] Instruction has no debug information, defaulting to function/basic block info
instrumenter::VERBO: [Instrumenter - IRBuilder] Instruction has no debug information, defaulting to function/basic block info
instrumenter::VERBO: [Instrumenter - IRBuilder] Instruction has no debug information, defaulting to function/basic block info
instrumenter::VERBO: [Instrumenter - IRBuilder] Instruction has no debug information, defaulting to function/basic block info
instrumenter::VERBO: [Instrumenter - IRBuilder] Instruction has no debug information, defaulting to function/basic block info
instrumenter::VERBO: [Instrumenter - IRBuilder] Instruction has no debug information, defaulting to function/basic block info
instrumenter::VERBO: [Instrumenter - IRBuilder] Instruction has no debug information, defaulting to function/basic block info
instrumenter::VERBO: [Instrumenter - IRBuilder] Instruction has no debug information, defaulting to function/basic block info
instrumenter::VERBO: [Instrumenter - IRBuilder] Instruction has no debug information, defaulting to function/basic block info
instrumenter::VERBO: [Instrumenter - IRBuilder] Instruction has no debug information, defaulting to function/basic block info
instrumenter::VERBO: [Instrumenter - IRBuilder] Instruction has no debug information, defaulting to function/basic block info
instrumenter::VERBO: [Instrumenter - IRBuilder] Instruction has no debug information, defaulting to function/basic block info
instrumenter::VERBO: [Instrumenter - IRBuilder] Instruction has no debug information, defaulting to function/basic block info
instrumenter::VERBO: [Instrumenter - IRBuilder] Instruction has no debug information, defaulting to function/basic block info
instrumenter::VERBO: [Instrumenter - IRBuilder] Instruction has no debug information, defaulting to function/basic block info
instrumenter::VERBO: [Instrumenter - IRBuilder] Instruction has no debug information, defaulting to function/basic block info
instrumenter::VERBO: [Instrumenter - IRBuilder] Instruction has no debug information, defaulting to function/basic block info
instrumenter::VERBO: [Instrumenter - IRBuilder] Instruction has no debug information, defaulting to function/basic block info
instrumenter::VERBO: [Instrumenter - IRBuilder] Instruction has no debug information, defaulting to function/basic block info
instrumenter::INFOR: [Instrumenter - Initialization] Finished adding static information
instrumenter::VERBO: [Instrumenter - Finalize] Dumping static data to .... "/home/lenovo/Simulation_Linux/HLS/Leading_One_Vitis/Leading_One_Vitis/hls/csim/code_analyzer/.internal/instrument/app_0/static.xml"
instrumenter::VERBO: [Instrumenter - GV] Global Variables Instrumentation
instrumenter::VERBO: [Instrumenter - WARNING] Global value llvm.global_ctors is not instrumentable
instrumenter::VERBO: [Instrumenter - WARNING] Global value .str is not instrumentable
instrumenter::VERBO: [Instrumenter - WARNING] Global value .str.1 is not instrumentable
instrumenter::VERBO: [Instrumenter - WARNING] Global value .str.2 is not instrumentable
instrumenter::VERBO: [Instrumenter - WARNING] Global value .str.3 is not instrumentable
instrumenter::VERBO: [Instrumenter - WARNING] Global value .str.4 is not instrumentable
instrumenter::VERBO: [Instrumenter - WARNING] Global value .str.5 is not instrumentable
instrumenter::VERBO: [Instrumenter - WARNING] Global value .str.7 is not instrumentable
instrumenter::VERBO: [Instrumenter - WARNING] Global value .str.8 is not instrumentable
instrumenter::VERBO: [Instrumenter - WARNING] Global value __PRETTY_FUNCTION__._ZNK10ap_privateILi5ELb1ELb1EE8toStringB5cxx11Ehb is not instrumentable
instrumenter::VERBO: [Instrumenter - WARNING] Global value .str.9 is not instrumentable
instrumenter::VERBO: [Instrumenter - WARNING] Global value .str.10 is not instrumentable
instrumenter::VERBO: [Instrumenter - WARNING] Global value .str.11 is not instrumentable
instrumenter::VERBO: [Instrumenter - WARNING] Global value .str.12 is not instrumentable
instrumenter::VERBO: [Instrumenter - WARNING] Global value .str.13 is not instrumentable
instrumenter::VERBO: [Instrumenter - WARNING] Global value .str.14 is not instrumentable
instrumenter::VERBO: [Instrumenter - WARNING] Global value .str.15 is not instrumentable
instrumenter::VERBO: [Instrumenter - WARNING] Global value .str.16 is not instrumentable
instrumenter::VERBO: [Instrumenter - WARNING] Global value .str.17 is not instrumentable
instrumenter::VERBO: [Instrumenter - WARNING] Global value .str.18 is not instrumentable
instrumenter::VERBO: [Instrumenter - WARNING] Global value .str.19 is not instrumentable
instrumenter::VERBO: [Instrumenter - WARNING] Global value .str.20 is not instrumentable
instrumenter::VERBO: [Instrumenter - WARNING] Global value .str.21 is not instrumentable
instrumenter::VERBO: [Instrumenter - WARNING] Global value .str.22 is not instrumentable
instrumenter::VERBO: [Instrumenter - WARNING] Global value .str.23 is not instrumentable
instrumenter::VERBO: [Instrumenter - WARNING] Global value .str.24 is not instrumentable
instrumenter::VERBO: [Instrumenter - WARNING] Global value .str.25 is not instrumentable
instrumenter::VERBO: [Instrumenter - WARNING] Global value .str.26 is not instrumentable
instrumenter::VERBO: [Instrumenter - WARNING] Global value .str.27 is not instrumentable
instrumenter::VERBO: [Instrumenter - WARNING] Global value .str.28 is not instrumentable
instrumenter::VERBO: [Instrumenter - WARNING] Global value .str.29 is not instrumentable
instrumenter::VERBO: [Instrumenter - WARNING] Global value .str.30 is not instrumentable
instrumenter::VERBO: [Instrumenter - WARNING] Global value .str.31 is not instrumentable
instrumenter::VERBO: [Instrumenter - WARNING] Global value .str.32 is not instrumentable
instrumenter::VERBO: [Instrumenter - WARNING] Global value .str.34 is not instrumentable
instrumenter::VERBO: [Instrumenter - WARNING] Global value .str.36 is not instrumentable
instrumenter::VERBO: [Instrumenter - WARNING] Global value __PRETTY_FUNCTION__._ZNK10ap_privateILi6ELb0ELb1EE4uremILb0EEES0_RKS_ILi6EXT_ELb1EE is not instrumentable
instrumenter::VERBO: [Instrumenter - WARNING] Global value __PRETTY_FUNCTION__._ZNK10ap_privateILi9ELb1ELb1EE8toStringB5cxx11Ehb is not instrumentable
instrumenter::VERBO: [Instrumenter - WARNING] Global value __PRETTY_FUNCTION__._ZNK10ap_privateILi9ELb0ELb1EE4uremILb0EEES0_RKS_ILi9EXT_ELb1EE is not instrumentable
instrumenter::VERBO: [Instrumenter - WARNING] Global value __dso_handle is not instrumentable
instrumenter::VERBO: [Instrumenter - WARNING] Global value llvm.compiler.used is not instrumentable
instrumenter::VERBO: spec:0:0: note: [Instrumenter - FN/BB] Function/BasicBlock profiling
instrumenter::VERBO: [Instrumenter - FN/BB] Inserting profiling calls for function/basic-blocks
instrumenter::INFOR: [Instrumenter - FN_TRACE] Adding the init function for the trace calls...
instrumenter::VERBO: [Instrumenter - BB] Instrumenting the function: _GLOBAL__sub_I_leading_one_tb.cpp
instrumenter::VERBO: [Instrumenter - BB] Instrumenting the function: __cxx_global_var_init
instrumenter::VERBO: [Instrumenter - BB] Instrumenting the function: _ZNSt8ios_base4InitC1Ev
instrumenter::VERBO: [Instrumenter - BB] Instrumenting the function: _ZNSt8ios_base4InitD1Ev
instrumenter::VERBO: [Instrumenter - BB] Instrumenting the function: __cxa_atexit
instrumenter::VERBO: [Instrumenter - BB] Instrumenting the function: _Z23find_leading_one_goldeni
instrumenter::VERBO: [Instrumenter - BB] Skipping Function llvm.dbg.declare
instrumenter::VERBO: [Instrumenter - BB] Skipping Function llvm.vcxx.region.start
instrumenter::VERBO: [Instrumenter - BB] Instrumenting the function: main
instrumenter::VERBO: [Instrumenter - BB] Instrumenting the function: __gxx_personality_v0
instrumenter::VERBO: [Instrumenter - BB] Instrumenting the function: _ZN6ap_intILi9EEC1Ei
instrumenter::VERBO: [Instrumenter - BB] Instrumenting the function: _ZN7ap_uintILi9EEC1ILi9EEERK6ap_intIXT_EE
instrumenter::VERBO: [Instrumenter - BB] Instrumenting the function: _ZneILi5ELb1EEbRK11ap_int_baseIXT_EXT0_EEi
instrumenter::VERBO: [Instrumenter - BB] Instrumenting the function: _ZStlsISt11char_traitsIcEERSt13basic_ostreamIcT_ES5_PKc
instrumenter::VERBO: [Instrumenter - BB] Instrumenting the function: _ZNSolsEi
instrumenter::VERBO: [Instrumenter - BB] Instrumenting the function: _ZlsILi5ELb1EERSoS0_RK11ap_int_baseIXT_EXT0_EE
instrumenter::VERBO: [Instrumenter - BB] Instrumenting the function: _ZSt4endlIcSt11char_traitsIcEERSt13basic_ostreamIT_T0_ES6_
instrumenter::VERBO: [Instrumenter - BB] Instrumenting the function: _ZNSolsEPFRSoS_E
instrumenter::VERBO: [Instrumenter - BB] Instrumenting the function: _ZNK11ap_int_baseILi9ELb1EE9to_stringB5cxx11Eab
instrumenter::VERBO: [Instrumenter - BB] Instrumenting the function: _ZStlsIcSt11char_traitsIcESaIcEERSt13basic_ostreamIT_T0_ES7_RKNSt7__cxx1112basic_stringIS4_S5_T1_EE
instrumenter::VERBO: [Instrumenter - BB] Instrumenting the function: _ZNSt7__cxx1112basic_stringIcSt11char_traitsIcESaIcEED1Ev
instrumenter::VERBO: [Instrumenter - BB] Instrumenting the function: _ZNK10ap_privateILi9ELb1ELb1EE9to_stringB5cxx11Ehb
instrumenter::VERBO: [Instrumenter - BB] Instrumenting the function: _ZNK10ap_privateILi9ELb1ELb1EE8toStringB5cxx11Ehb
instrumenter::VERBO: [Instrumenter - BB] Instrumenting the function: __assert_fail
instrumenter::VERBO: [Instrumenter - BB] Instrumenting the function: _ZNSt7__cxx1112basic_stringIcSt11char_traitsIcESaIcEEC1Ev
instrumenter::VERBO: [Instrumenter - BB] Instrumenting the function: _ZNK10ap_privateILi9ELb1ELb1EEeqEm
instrumenter::VERBO: [Instrumenter - BB] Instrumenting the function: _ZNSt7__cxx1112basic_stringIcSt11char_traitsIcESaIcEEaSEPKc
instrumenter::VERBO: [Instrumenter - BB] Instrumenting the function: _ZN10ap_privateILi9ELb0ELb1EEC1ILi9ELb1ELb1EEERKS_IXT_EXT0_EXT1_EE
instrumenter::VERBO: [Instrumenter - BB] Instrumenting the function: _ZNK10ap_privateILi9ELb1ELb1EE10isNegativeEv
instrumenter::VERBO: [Instrumenter - BB] Instrumenting the function: _ZN10ap_privateILi9ELb0ELb1EE4flipEv
instrumenter::VERBO: [Instrumenter - BB] Instrumenting the function: _ZN10ap_privateILi9ELb0ELb1EEppEi
instrumenter::VERBO: [Instrumenter - BB] Instrumenting the function: _ZNSt7__cxx1112basic_stringIcSt11char_traitsIcESaIcEEpLEPKc
instrumenter::VERBO: [Instrumenter - BB] Instrumenting the function: _ZN10ap_privateILi9ELb0ELb1EEC1Ei
instrumenter::VERBO: [Instrumenter - BB] Instrumenting the function: _ZNK10ap_privateILi9ELb0ELb1EE2neILi9ELb0EEEbRKS_IXT_EXT0_EXleT_Li64EEE
instrumenter::VERBO: [Instrumenter - BB] Instrumenting the function: _ZN10ap_privateILi9ELb0ELb1EE7get_VALEv
instrumenter::VERBO: [Instrumenter - BB] Instrumenting the function: _ZNSt7__cxx1112basic_stringIcSt11char_traitsIcESaIcEE6insertEmPKc
instrumenter::VERBO: [Instrumenter - BB] Instrumenting the function: _ZNK10ap_privateILi9ELb0ELb1EE4lshrEj
instrumenter::VERBO: [Instrumenter - BB] Instrumenting the function: _ZN10ap_privateILi9ELb0ELb1EEaSERKS0_
instrumenter::VERBO: [Instrumenter - BB] Instrumenting the function: _ZNSt7__cxx1112basic_stringIcSt11char_traitsIcESaIcEEC1EOS4_
instrumenter::VERBO: [Instrumenter - BB] Instrumenting the function: _ZN10ap_privateILi6ELb0ELb1EEC1Eh
instrumenter::VERBO: [Instrumenter - BB] Instrumenting the function: _ZN10ap_privateILi9ELb1ELb1EEC1Ei
instrumenter::VERBO: [Instrumenter - BB] Instrumenting the function: _ZN10ap_privateILi9ELb0ELb1EEC1Ey
instrumenter::VERBO: [Instrumenter - BB] Instrumenting the function: _ZNK10ap_privateILi9ELb0ELb1EEeqERKS0_
instrumenter::VERBO: [Instrumenter - BB] Instrumenting the function: _ZNK10ap_privateILi9ELb0ELb1EE2neILi9ELb1EEEbRKS_IXT_EXT0_EXleT_Li64EEE
instrumenter::VERBO: [Instrumenter - BB] Instrumenting the function: _ZNK10ap_privateILi9ELb0ELb1EErmILi6ELb0EEENS0_5RTypeIXT_EXT0_EE3modERKS_IXT_EXT0_EXleT_Li64EEE
instrumenter::VERBO: [Instrumenter - BB] Instrumenting the function: _ZN10ap_privateILi9ELb0ELb1EEC1ILi6ELb0ELb1EEERKS_IXT_EXT0_EXT1_EE
instrumenter::VERBO: [Instrumenter - BB] Instrumenting the function: _ZNK10ap_privateILi9ELb0ELb1EEdvILi6ELb0EEENS0_5RTypeIXT_EXT0_EE3divERKS_IXT_EXT0_EXleT_Li64EEE
instrumenter::VERBO: [Instrumenter - BB] Instrumenting the function: _ZNK10ap_privateILi9ELb0ELb1EE12getZExtValueEv
instrumenter::VERBO: [Instrumenter - BB] Instrumenting the function: _ZNK10ap_privateILi9ELb0ELb1EE15get_cleared_VALEv
instrumenter::VERBO: [Instrumenter - BB] Instrumenting the function: _ZNK10ap_privateILi9ELb0ELb1EE4sdivERKS0_
instrumenter::VERBO: [Instrumenter - BB] Instrumenting the function: _ZNK10ap_privateILi9ELb0ELb1EE4udivERKS0_
instrumenter::VERBO: [Instrumenter - BB] Instrumenting the function: _ZN10ap_privateILi9ELb0ELb1EE15clearUnusedBitsEv
instrumenter::VERBO: [Instrumenter - BB] Instrumenting the function: _ZN10ap_privateILi9ELb0ELb1EEC1Em
instrumenter::VERBO: [Instrumenter - BB] Instrumenting the function: _ZN10ap_privateILi9ELb0ELb1EEC2Em
instrumenter::VERBO: [Instrumenter - BB] Instrumenting the function: _ZN10ap_privateILi9ELb0ELb1EE10set_canaryEv
instrumenter::VERBO: [Instrumenter - BB] Instrumenting the function: _ZN10ap_privateILi9ELb0ELb1EE12check_canaryEv
instrumenter::VERBO: [Instrumenter - BB] Instrumenting the function: _ZNK10ap_privateILi9ELb0ELb1EE10isNegativeEv
instrumenter::VERBO: [Instrumenter - BB] Instrumenting the function: _ZmiILi9ELb0EEN10ap_privateILi32ELb1ELb1EE5RTypeIXT_EXT0_EE5minusEiRKS0_IXT_EXT0_EXleT_Li64EEE
instrumenter::VERBO: [Instrumenter - BB] Instrumenting the function: _ZNK10ap_privateILi33ELb1ELb1EEcvlEv
instrumenter::VERBO: [Instrumenter - BB] Instrumenting the function: _ZNK10ap_privateILi9ELb0ELb1EEcvtEv
instrumenter::VERBO: [Instrumenter - BB] Instrumenting the function: _ZN10ap_privateILi9ELb0ELb1EEC1ILi33ELb1ELb1EEERKS_IXT_EXT0_EXT1_EE
instrumenter::VERBO: [Instrumenter - BB] Instrumenting the function: _ZN10ap_privateILi9ELb0ELb1EEC2ILi33ELb1ELb1EEERKS_IXT_EXT0_EXT1_EE
instrumenter::VERBO: [Instrumenter - BB] Instrumenting the function: _ZNK10ap_privateILi33ELb1ELb1EE7get_VALEv
instrumenter::VERBO: [Instrumenter - BB] Instrumenting the function: _ZNK10ap_privateILi33ELb1ELb1EE15get_cleared_VALEv
instrumenter::VERBO: [Instrumenter - BB] Instrumenting the function: _ZN10ap_privateILi32ELb1ELb1EEC1Ei
instrumenter::VERBO: [Instrumenter - BB] Instrumenting the function: _ZNK10ap_privateILi32ELb1ELb1EEmiILi9ELb0EEENS0_5RTypeIXT_EXT0_EE5minusERKS_IXT_EXT0_EXleT_Li64EEE
instrumenter::VERBO: [Instrumenter - BB] Instrumenting the function: _ZNK10ap_privateILi32ELb1ELb1EE15get_cleared_VALEv
instrumenter::VERBO: [Instrumenter - BB] Instrumenting the function: _ZN10ap_privateILi33ELb1ELb1EEC1El
instrumenter::VERBO: [Instrumenter - BB] Instrumenting the function: _ZN10ap_privateILi33ELb1ELb1EEC2El
instrumenter::VERBO: [Instrumenter - BB] Instrumenting the function: _ZN10ap_privateILi33ELb1ELb1EE10set_canaryEv
instrumenter::VERBO: [Instrumenter - BB] Instrumenting the function: _ZN10ap_privateILi33ELb1ELb1EE15clearUnusedBitsEv
instrumenter::VERBO: [Instrumenter - BB] Instrumenting the function: _ZN10ap_privateILi33ELb1ELb1EE12check_canaryEv
instrumenter::VERBO: [Instrumenter - BB] Instrumenting the function: _ZN10ap_privateILi32ELb1ELb1EEC2Ei
instrumenter::VERBO: [Instrumenter - BB] Instrumenting the function: _ZN10ap_privateILi32ELb1ELb1EE10set_canaryEv
instrumenter::VERBO: [Instrumenter - BB] Instrumenting the function: _ZN10ap_privateILi32ELb1ELb1EE15clearUnusedBitsEv
instrumenter::VERBO: [Instrumenter - BB] Instrumenting the function: _ZN10ap_privateILi32ELb1ELb1EE12check_canaryEv
instrumenter::VERBO: [Instrumenter - BB] Instrumenting the function: _ZN10ap_privateILi9ELb0ELb1EEC2ILi6ELb0ELb1EEERKS_IXT_EXT0_EXT1_EE
instrumenter::VERBO: [Instrumenter - BB] Instrumenting the function: _ZNK10ap_privateILi6ELb0ELb1EE7get_VALEv
instrumenter::VERBO: [Instrumenter - BB] Instrumenting the function: _ZNK10ap_privateILi9ELb0ELb1EE4sremILb0EEES0_RKS_ILi9EXT_ELb1EE
instrumenter::VERBO: [Instrumenter - BB] Instrumenting the function: _ZNK10ap_privateILi9ELb0ELb1EE4uremILb0EEES0_RKS_ILi9EXT_ELb1EE
instrumenter::VERBO: [Instrumenter - BB] Instrumenting the function: _ZN10ap_privateILi6ELb0ELb1EEC1ILi9ELb0ELb1EEERKS_IXT_EXT0_EXT1_EE
instrumenter::VERBO: [Instrumenter - BB] Instrumenting the function: _ZN10ap_privateILi6ELb0ELb1EEC2ILi9ELb0ELb1EEERKS_IXT_EXT0_EXT1_EE
instrumenter::VERBO: [Instrumenter - BB] Instrumenting the function: _ZNK10ap_privateILi9ELb0ELb1EE7get_VALEv
instrumenter::VERBO: [Instrumenter - BB] Instrumenting the function: _ZN10ap_privateILi6ELb0ELb1EE10set_canaryEv
instrumenter::VERBO: [Instrumenter - BB] Instrumenting the function: _ZN10ap_privateILi6ELb0ELb1EE15clearUnusedBitsEv
instrumenter::VERBO: [Instrumenter - BB] Instrumenting the function: _ZN10ap_privateILi6ELb0ELb1EE12check_canaryEv
instrumenter::VERBO: [Instrumenter - BB] Instrumenting the function: _ZNK10ap_privateILi9ELb0ELb1EEeqERKS_ILi9ELb1ELb1EE
instrumenter::VERBO: [Instrumenter - BB] Instrumenting the function: _ZNK10ap_privateILi9ELb1ELb1EE15get_cleared_VALEv
instrumenter::VERBO: [Instrumenter - BB] Instrumenting the function: _ZN10ap_privateILi9ELb0ELb1EEC2Ey
instrumenter::VERBO: [Instrumenter - BB] Instrumenting the function: _ZN10ap_privateILi9ELb1ELb1EEC2Ei
instrumenter::VERBO: [Instrumenter - BB] Instrumenting the function: _ZN10ap_privateILi9ELb1ELb1EE10set_canaryEv
instrumenter::VERBO: [Instrumenter - BB] Instrumenting the function: _ZN10ap_privateILi9ELb1ELb1EE15clearUnusedBitsEv
instrumenter::VERBO: [Instrumenter - BB] Instrumenting the function: _ZN10ap_privateILi9ELb1ELb1EE12check_canaryEv
instrumenter::VERBO: [Instrumenter - BB] Instrumenting the function: _ZN10ap_privateILi6ELb0ELb1EEC2Eh
instrumenter::VERBO: [Instrumenter - BB] Instrumenting the function: _ZN10ap_privateILi9ELb0ELb1EEC2Ei
instrumenter::VERBO: [Instrumenter - BB] Instrumenting the function: _ZN10ap_privateILi9ELb0ELb1EE15get_cleared_VALEv
instrumenter::VERBO: [Instrumenter - BB] Instrumenting the function: _ZN10ap_privateILi9ELb0ELb1EEC2ILi9ELb1ELb1EEERKS_IXT_EXT0_EXT1_EE
instrumenter::VERBO: [Instrumenter - BB] Instrumenting the function: _ZNK10ap_privateILi9ELb1ELb1EE7get_VALEv
instrumenter::VERBO: [Instrumenter - BB] Instrumenting the function: _ZNKSt8ios_base5flagsEv
instrumenter::VERBO: [Instrumenter - BB] Instrumenting the function: _ZStanSt13_Ios_FmtflagsS_
instrumenter::VERBO: [Instrumenter - BB] Instrumenting the function: _ZNK11ap_int_baseILi5ELb1EE9to_stringB5cxx11Eab
instrumenter::VERBO: [Instrumenter - BB] Instrumenting the function: _ZNK10ap_privateILi5ELb1ELb1EE9to_stringB5cxx11Ehb
instrumenter::VERBO: [Instrumenter - BB] Instrumenting the function: _ZNK10ap_privateILi5ELb1ELb1EE8toStringB5cxx11Ehb
instrumenter::VERBO: [Instrumenter - BB] Instrumenting the function: _ZNK10ap_privateILi5ELb1ELb1EEeqEm
instrumenter::VERBO: [Instrumenter - BB] Instrumenting the function: _ZN10ap_privateILi5ELb0ELb1EEC1ILi5ELb1ELb1EEERKS_IXT_EXT0_EXT1_EE
instrumenter::VERBO: [Instrumenter - BB] Instrumenting the function: _ZNK10ap_privateILi5ELb1ELb1EE10isNegativeEv
instrumenter::VERBO: [Instrumenter - BB] Instrumenting the function: _ZN10ap_privateILi5ELb0ELb1EE4flipEv
instrumenter::VERBO: [Instrumenter - BB] Instrumenting the function: _ZN10ap_privateILi5ELb0ELb1EEppEi
instrumenter::VERBO: [Instrumenter - BB] Instrumenting the function: _ZN10ap_privateILi5ELb0ELb1EEC1Ei
instrumenter::VERBO: [Instrumenter - BB] Instrumenting the function: _ZNK10ap_privateILi5ELb0ELb1EE2neILi5ELb0EEEbRKS_IXT_EXT0_EXleT_Li64EEE
instrumenter::VERBO: [Instrumenter - BB] Instrumenting the function: _ZN10ap_privateILi5ELb0ELb1EE7get_VALEv
instrumenter::VERBO: [Instrumenter - BB] Instrumenting the function: _ZNK10ap_privateILi5ELb0ELb1EE4lshrEj
instrumenter::VERBO: [Instrumenter - BB] Instrumenting the function: _ZN10ap_privateILi5ELb0ELb1EEaSERKS0_
instrumenter::VERBO: [Instrumenter - BB] Instrumenting the function: _ZN10ap_privateILi5ELb1ELb1EEC1Ei
instrumenter::VERBO: [Instrumenter - BB] Instrumenting the function: _ZN10ap_privateILi5ELb0ELb1EEC1Ey
instrumenter::VERBO: [Instrumenter - BB] Instrumenting the function: _ZNK10ap_privateILi5ELb0ELb1EEeqERKS0_
instrumenter::VERBO: [Instrumenter - BB] Instrumenting the function: _ZNK10ap_privateILi5ELb0ELb1EE2neILi5ELb1EEEbRKS_IXT_EXT0_EXleT_Li64EEE
instrumenter::VERBO: [Instrumenter - BB] Instrumenting the function: _ZNK10ap_privateILi5ELb0ELb1EErmILi6ELb0EEENS0_5RTypeIXT_EXT0_EE3modERKS_IXT_EXT0_EXleT_Li64EEE
instrumenter::VERBO: [Instrumenter - BB] Instrumenting the function: _ZNK10ap_privateILi5ELb0ELb1EEdvILi6ELb0EEENS0_5RTypeIXT_EXT0_EE3divERKS_IXT_EXT0_EXleT_Li64EEE
instrumenter::VERBO: [Instrumenter - BB] Instrumenting the function: _ZNK10ap_privateILi5ELb0ELb1EE12getZExtValueEv
instrumenter::VERBO: [Instrumenter - BB] Instrumenting the function: _ZNK10ap_privateILi5ELb0ELb1EE15get_cleared_VALEv
instrumenter::VERBO: [Instrumenter - BB] Instrumenting the function: _ZN10ap_privateILi6ELb0ELb1EEC1ILi5ELb0ELb1EEERKS_IXT_EXT0_EXT1_EE
instrumenter::VERBO: [Instrumenter - BB] Instrumenting the function: _ZNK10ap_privateILi6ELb0ELb1EE4sdivERKS0_
instrumenter::VERBO: [Instrumenter - BB] Instrumenting the function: _ZNK10ap_privateILi6ELb0ELb1EE4udivERKS0_
instrumenter::VERBO: [Instrumenter - BB] Instrumenting the function: _ZN10ap_privateILi5ELb0ELb1EEC1ILi6ELb0ELb1EEERKS_IXT_EXT0_EXT1_EE
instrumenter::VERBO: [Instrumenter - BB] Instrumenting the function: _ZN10ap_privateILi5ELb0ELb1EEC2ILi6ELb0ELb1EEERKS_IXT_EXT0_EXT1_EE
instrumenter::VERBO: [Instrumenter - BB] Instrumenting the function: _ZN10ap_privateILi5ELb0ELb1EE10set_canaryEv
instrumenter::VERBO: [Instrumenter - BB] Instrumenting the function: _ZN10ap_privateILi5ELb0ELb1EE15clearUnusedBitsEv
instrumenter::VERBO: [Instrumenter - BB] Instrumenting the function: _ZN10ap_privateILi5ELb0ELb1EE12check_canaryEv
instrumenter::VERBO: [Instrumenter - BB] Instrumenting the function: _ZN10ap_privateILi6ELb0ELb1EE7get_VALEv
instrumenter::VERBO: [Instrumenter - BB] Instrumenting the function: _ZN10ap_privateILi6ELb0ELb1EEC1Em
instrumenter::VERBO: [Instrumenter - BB] Instrumenting the function: _ZN10ap_privateILi6ELb0ELb1EEC2Em
instrumenter::VERBO: [Instrumenter - BB] Instrumenting the function: _ZNK10ap_privateILi6ELb0ELb1EE10isNegativeEv
instrumenter::VERBO: [Instrumenter - BB] Instrumenting the function: _ZmiILi6ELb0EEN10ap_privateILi32ELb1ELb1EE5RTypeIXT_EXT0_EE5minusEiRKS0_IXT_EXT0_EXleT_Li64EEE
instrumenter::VERBO: [Instrumenter - BB] Instrumenting the function: _ZNK10ap_privateILi6ELb0ELb1EEcvhEv
instrumenter::VERBO: [Instrumenter - BB] Instrumenting the function: _ZN10ap_privateILi6ELb0ELb1EEC1ILi33ELb1ELb1EEERKS_IXT_EXT0_EXT1_EE
instrumenter::VERBO: [Instrumenter - BB] Instrumenting the function: _ZN10ap_privateILi6ELb0ELb1EEC2ILi33ELb1ELb1EEERKS_IXT_EXT0_EXT1_EE
instrumenter::VERBO: [Instrumenter - BB] Instrumenting the function: _ZNK10ap_privateILi6ELb0ELb1EE15get_cleared_VALEv
instrumenter::VERBO: [Instrumenter - BB] Instrumenting the function: _ZNK10ap_privateILi32ELb1ELb1EEmiILi6ELb0EEENS0_5RTypeIXT_EXT0_EE5minusERKS_IXT_EXT0_EXleT_Li64EEE
instrumenter::VERBO: [Instrumenter - BB] Instrumenting the function: _ZN10ap_privateILi6ELb0ELb1EEC2ILi5ELb0ELb1EEERKS_IXT_EXT0_EXT1_EE
instrumenter::VERBO: [Instrumenter - BB] Instrumenting the function: _ZNK10ap_privateILi5ELb0ELb1EE7get_VALEv
instrumenter::VERBO: [Instrumenter - BB] Instrumenting the function: _ZNK10ap_privateILi6ELb0ELb1EE4sremILb0EEES0_RKS_ILi6EXT_ELb1EE
instrumenter::VERBO: [Instrumenter - BB] Instrumenting the function: _ZNK10ap_privateILi6ELb0ELb1EE4uremILb0EEES0_RKS_ILi6EXT_ELb1EE
instrumenter::VERBO: [Instrumenter - BB] Instrumenting the function: _ZNK10ap_privateILi5ELb0ELb1EEeqERKS_ILi5ELb1ELb1EE
instrumenter::VERBO: [Instrumenter - BB] Instrumenting the function: _ZNK10ap_privateILi5ELb1ELb1EE15get_cleared_VALEv
instrumenter::VERBO: [Instrumenter - BB] Instrumenting the function: _ZN10ap_privateILi5ELb0ELb1EEC2Ey
instrumenter::VERBO: [Instrumenter - BB] Instrumenting the function: _ZN10ap_privateILi5ELb1ELb1EEC2Ei
instrumenter::VERBO: [Instrumenter - BB] Instrumenting the function: _ZN10ap_privateILi5ELb1ELb1EE10set_canaryEv
instrumenter::VERBO: [Instrumenter - BB] Instrumenting the function: _ZN10ap_privateILi5ELb1ELb1EE15clearUnusedBitsEv
instrumenter::VERBO: [Instrumenter - BB] Instrumenting the function: _ZN10ap_privateILi5ELb1ELb1EE12check_canaryEv
instrumenter::VERBO: [Instrumenter - BB] Instrumenting the function: _ZN10ap_privateILi5ELb0ELb1EEC1Em
instrumenter::VERBO: [Instrumenter - BB] Instrumenting the function: _ZN10ap_privateILi5ELb0ELb1EEC2Em
instrumenter::VERBO: [Instrumenter - BB] Instrumenting the function: _ZN10ap_privateILi5ELb0ELb1EEC2Ei
instrumenter::VERBO: [Instrumenter - BB] Instrumenting the function: _ZN10ap_privateILi5ELb0ELb1EE15get_cleared_VALEv
instrumenter::VERBO: [Instrumenter - BB] Instrumenting the function: _ZN10ap_privateILi5ELb0ELb1EEC2ILi5ELb1ELb1EEERKS_IXT_EXT0_EXT1_EE
instrumenter::VERBO: [Instrumenter - BB] Instrumenting the function: _ZNK10ap_privateILi5ELb1ELb1EE7get_VALEv
instrumenter::VERBO: [Instrumenter - BB] Instrumenting the function: _ZN11ap_int_baseILi32ELb1EEC1Ei
instrumenter::VERBO: [Instrumenter - BB] Instrumenting the function: _ZNK11ap_int_baseILi5ELb1EEneILi32ELb1EEEbRKS_IXT_EXT0_EE
instrumenter::VERBO: [Instrumenter - BB] Instrumenting the function: _ZNK10ap_privateILi5ELb1ELb1EEeqILi32ELb1EEEbRKS_IXT_EXT0_EXleT_Li64EEE
instrumenter::VERBO: [Instrumenter - BB] Instrumenting the function: _ZN10ap_privateILi32ELb0ELb1EEC1ILi5ELb1ELb1EEERKS_IXT_EXT0_EXT1_EE
instrumenter::VERBO: [Instrumenter - BB] Instrumenting the function: _ZN10ap_privateILi32ELb0ELb1EEC1ILi32ELb1ELb1EEERKS_IXT_EXT0_EXT1_EE
instrumenter::VERBO: [Instrumenter - BB] Instrumenting the function: _ZN10ap_privateILi32ELb0ELb1EE7get_VALEv
instrumenter::VERBO: [Instrumenter - BB] Instrumenting the function: _ZN10ap_privateILi32ELb0ELb1EEC2ILi32ELb1ELb1EEERKS_IXT_EXT0_EXT1_EE
instrumenter::VERBO: [Instrumenter - BB] Instrumenting the function: _ZNK10ap_privateILi32ELb1ELb1EE7get_VALEv
instrumenter::VERBO: [Instrumenter - BB] Instrumenting the function: _ZN10ap_privateILi32ELb0ELb1EE10set_canaryEv
instrumenter::VERBO: [Instrumenter - BB] Instrumenting the function: _ZN10ap_privateILi32ELb0ELb1EE15clearUnusedBitsEv
instrumenter::VERBO: [Instrumenter - BB] Instrumenting the function: _ZN10ap_privateILi32ELb0ELb1EE12check_canaryEv
instrumenter::VERBO: [Instrumenter - BB] Instrumenting the function: _ZN10ap_privateILi32ELb0ELb1EEC2ILi5ELb1ELb1EEERKS_IXT_EXT0_EXT1_EE
instrumenter::VERBO: [Instrumenter - BB] Instrumenting the function: _ZN11ap_int_baseILi32ELb1EEC2Ei
instrumenter::VERBO: [Instrumenter - BB] Instrumenting the function: _ZN12ssdm_int_simILi32ELb1EEC2E10ap_privateILi32ELb1ELb1EE
instrumenter::VERBO: [Instrumenter - BB] Instrumenting the function: _ZN10ap_privateILi32ELb1ELb1EEaSEi
instrumenter::VERBO: [Instrumenter - BB] Instrumenting the function: _ZN7ap_uintILi9EEC2ILi9EEERK6ap_intIXT_EE
instrumenter::VERBO: [Instrumenter - BB] Instrumenting the function: _ZN11ap_int_baseILi9ELb0EEC2ILi9ELb1EEERKS_IXT_EXT0_EE
instrumenter::VERBO: [Instrumenter - BB] Instrumenting the function: _ZNK11ap_int_baseILi9ELb1EE17checkOverflowCsimEibb
instrumenter::VERBO: [Instrumenter - BB] Instrumenting the function: _ZN12ssdm_int_simILi9ELb0EEC2E10ap_privateILi9ELb0ELb1EE
instrumenter::VERBO: [Instrumenter - BB] Instrumenting the function: _ZN10ap_privateILi9ELb0ELb1EEaSILi9ELb1EEERS0_RKS_IXT_EXT0_EXleT_Li64EEE
instrumenter::VERBO: [Instrumenter - BB] Instrumenting the function: _ZN6ap_intILi9EEC2Ei
instrumenter::VERBO: [Instrumenter - BB] Instrumenting the function: _ZN11ap_int_baseILi9ELb1EEC2Ei
instrumenter::VERBO: [Instrumenter - BB] Instrumenting the function: _ZN11ap_int_baseILi9ELb1EE18checkOverflowBaseCIiEEvT_
instrumenter::VERBO: [Instrumenter - BB] Instrumenting the function: _ZN12ssdm_int_simILi9ELb1EEC2E10ap_privateILi9ELb1ELb1EE
instrumenter::VERBO: [Instrumenter - BB] Instrumenting the function: _ZN10ap_privateILi9ELb1ELb1EEaSEi
instrumenter::VERBO: [Instrumenter - BB] Instrumenting the function: _GLOBAL__sub_I_main_leading_one.cpp
instrumenter::VERBO: [Instrumenter - BB] Instrumenting the function: __cxx_global_var_init.2
instrumenter::VERBO: [Instrumenter - BB] Instrumenting the function: _GLOBAL__sub_I_main_leading_one.cpp.5
instrumenter::VERBO: [Instrumenter - BB] Instrumenting the function: __cxx_global_var_init.6
instrumenter::VERBO: [Instrumenter - BB] Instrumenting the function: __dtor__ZStL8__ioinit
instrumenter::VERBO: [Instrumenter - BB] Instrumenting the function: atexit
instrumenter::VERBO: [Instrumenter - BB] Instrumenting the function: _Z11leading_one7ap_uintILi9EE
instrumenter::VERBO: [Instrumenter - BB] Instrumenting the function: llvm.sideeffect
instrumenter::VERBO: [Instrumenter - BB] Skipping Function llvm.dbg.value
instrumenter::VERBO: [Instrumenter - Finalize] Adding extra setup and memory access calls
