Copyright 1986-2022 Xilinx, Inc. All Rights Reserved. Copyright 2022-2025 Advanced Micro Devices, Inc. All Rights Reserved.
---------------------------------------------------------------------------------------------------------------------------------------------------------------------------------------------------------------------------------------------------------------
| Tool Version : Vivado v.2025.1 (lin64) Build 6140274 Wed May 21 22:58:25 MDT 2025
| Date         : Fri May  8 12:29:53 2026
| Host         : lenovo-Legion-5-17ACH6H running 64-bit Ubuntu 24.04.2 LTS
| Command      : report_timing_summary -max_paths 10 -routable_nets -report_unconstrained -file comb_lock_wrapper_timing_summary_routed.rpt -pb comb_lock_wrapper_timing_summary_routed.pb -rpx comb_lock_wrapper_timing_summary_routed.rpx -warn_on_violation
| Design       : comb_lock_wrapper
| Device       : 7a35t-cpg236
| Speed File   : -1  PRODUCTION 1.23 2018-06-13
| Design State : Routed
---------------------------------------------------------------------------------------------------------------------------------------------------------------------------------------------------------------------------------------------------------------

Timing Summary Report

------------------------------------------------------------------------------------------------
| Timer Settings
| --------------
------------------------------------------------------------------------------------------------

  Enable Multi Corner Analysis               :  Yes
  Enable Pessimism Removal                   :  Yes
  Pessimism Removal Resolution               :  Nearest Common Node
  Enable Input Delay Default Clock           :  No
  Enable Preset / Clear Arcs                 :  No
  Disable Flight Delays                      :  No
  Ignore I/O Paths                           :  No
  Timing Early Launch at Borrowing Latches   :  No
  Borrow Time for Max Delay Exceptions       :  Yes
  Merge Timing Exceptions                    :  Yes
  Inter-SLR Compensation                     :  Conservative

  Corner  Analyze    Analyze    
  Name    Max Paths  Min Paths  
  ------  ---------  ---------  
  Slow    Yes        Yes        
  Fast    Yes        Yes        


------------------------------------------------------------------------------------------------
| Report Methodology
| ------------------
------------------------------------------------------------------------------------------------

Rule       Severity  Description                    Violations  
---------  --------  -----------------------------  ----------  
TIMING-18  Warning   Missing input or output delay  23          

Note: This report is based on the most recent report_methodology run and may not be up-to-date. Run report_methodology on the current design for the latest report.



check_timing report

Table of Contents
-----------------
1. checking no_clock (0)
2. checking constant_clock (0)
3. checking pulse_width_clock (0)
4. checking unconstrained_internal_endpoints (0)
5. checking no_input_delay (6)
6. checking no_output_delay (8)
7. checking multiple_clock (0)
8. checking generated_clocks (0)
9. checking loops (0)
10. checking partial_input_delay (0)
11. checking partial_output_delay (0)
12. checking latch_loops (0)

1. checking no_clock (0)
------------------------
 There are 0 register/latch pins with no clock.


2. checking constant_clock (0)
------------------------------
 There are 0 register/latch pins with constant_clock.


3. checking pulse_width_clock (0)
---------------------------------
 There are 0 register/latch pins which need pulse_width check


4. checking unconstrained_internal_endpoints (0)
------------------------------------------------
 There are 0 pins that are not constrained for maximum delay.

 There are 0 pins that are not constrained for maximum delay due to constant clock.


5. checking no_input_delay (6)
------------------------------
 There are 6 input ports with no input delay specified. (HIGH)

 There are 0 input ports with no input delay but user has a false path constraint.


6. checking no_output_delay (8)
-------------------------------
 There are 8 ports with no output delay specified. (HIGH)

 There are 0 ports with no output delay but user has a false path constraint

 There are 0 ports with no output delay but with a timing clock defined on it or propagating through it


7. checking multiple_clock (0)
------------------------------
 There are 0 register/latch pins with multiple clocks.


8. checking generated_clocks (0)
--------------------------------
 There are 0 generated clocks that are not connected to a clock source.


9. checking loops (0)
---------------------
 There are 0 combinational loops in the design.


10. checking partial_input_delay (0)
------------------------------------
 There are 0 input ports with partial input delay specified.


11. checking partial_output_delay (0)
-------------------------------------
 There are 0 ports with partial output delay specified.


12. checking latch_loops (0)
----------------------------
 There are 0 combinational latch loops in the design through latch input



------------------------------------------------------------------------------------------------
| Design Timing Summary
| ---------------------
------------------------------------------------------------------------------------------------

    WNS(ns)      TNS(ns)  TNS Failing Endpoints  TNS Total Endpoints      WHS(ns)      THS(ns)  THS Failing Endpoints  THS Total Endpoints     WPWS(ns)     TPWS(ns)  TPWS Failing Endpoints  TPWS Total Endpoints  
    -------      -------  ---------------------  -------------------      -------      -------  ---------------------  -------------------     --------     --------  ----------------------  --------------------  
      6.338        0.000                      0                   71        0.216        0.000                      0                   71        4.500        0.000                       0                    40  


All user specified timing constraints are met.


------------------------------------------------------------------------------------------------
| Clock Summary
| -------------
------------------------------------------------------------------------------------------------

Clock        Waveform(ns)       Period(ns)      Frequency(MHz)
-----        ------------       ----------      --------------
sys_clk_pin  {0.000 5.000}      10.000          100.000         


------------------------------------------------------------------------------------------------
| Intra Clock Table
| -----------------
------------------------------------------------------------------------------------------------

Clock             WNS(ns)      TNS(ns)  TNS Failing Endpoints  TNS Total Endpoints      WHS(ns)      THS(ns)  THS Failing Endpoints  THS Total Endpoints     WPWS(ns)     TPWS(ns)  TPWS Failing Endpoints  TPWS Total Endpoints  
-----             -------      -------  ---------------------  -------------------      -------      -------  ---------------------  -------------------     --------     --------  ----------------------  --------------------  
sys_clk_pin         6.338        0.000                      0                   71        0.216        0.000                      0                   71        4.500        0.000                       0                    40  


------------------------------------------------------------------------------------------------
| Inter Clock Table
| -----------------
------------------------------------------------------------------------------------------------

From Clock    To Clock          WNS(ns)      TNS(ns)  TNS Failing Endpoints  TNS Total Endpoints      WHS(ns)      THS(ns)  THS Failing Endpoints  THS Total Endpoints  
----------    --------          -------      -------  ---------------------  -------------------      -------      -------  ---------------------  -------------------  


------------------------------------------------------------------------------------------------
| Other Path Groups Table
| -----------------------
------------------------------------------------------------------------------------------------

Path Group    From Clock    To Clock          WNS(ns)      TNS(ns)  TNS Failing Endpoints  TNS Total Endpoints      WHS(ns)      THS(ns)  THS Failing Endpoints  THS Total Endpoints  
----------    ----------    --------          -------      -------  ---------------------  -------------------      -------      -------  ---------------------  -------------------  


------------------------------------------------------------------------------------------------
| User Ignored Path Table
| -----------------------
------------------------------------------------------------------------------------------------

Path Group    From Clock    To Clock    
----------    ----------    --------    


------------------------------------------------------------------------------------------------
| Unconstrained Path Table
| ------------------------
------------------------------------------------------------------------------------------------

Path Group    From Clock    To Clock    
----------    ----------    --------    
(none)                                    
(none)        sys_clk_pin                 
(none)                      sys_clk_pin   


------------------------------------------------------------------------------------------------
| Timing Details
| --------------
------------------------------------------------------------------------------------------------


---------------------------------------------------------------------------------------------------
From Clock:  sys_clk_pin
  To Clock:  sys_clk_pin

Setup :            0  Failing Endpoints,  Worst Slack        6.338ns,  Total Violation        0.000ns
Hold  :            0  Failing Endpoints,  Worst Slack        0.216ns,  Total Violation        0.000ns
PW    :            0  Failing Endpoints,  Worst Slack        4.500ns,  Total Violation        0.000ns
---------------------------------------------------------------------------------------------------


Max Delay Paths
--------------------------------------------------------------------------------------
Slack (MET) :             6.338ns  (required time - arrival time)
  Source:                 comb_lock_i/debouncer_0/U0/sig_cntrs_ary_reg[0][0]/C
                            (rising edge-triggered cell FDRE clocked by sys_clk_pin  {rise@0.000ns fall@5.000ns period=10.000ns})
  Destination:            comb_lock_i/debouncer_0/U0/sig_cntrs_ary_reg[0][12]/R
                            (rising edge-triggered cell FDRE clocked by sys_clk_pin  {rise@0.000ns fall@5.000ns period=10.000ns})
  Path Group:             sys_clk_pin
  Path Type:              Setup (Max at Slow Process Corner)
  Requirement:            10.000ns  (sys_clk_pin rise@10.000ns - sys_clk_pin rise@0.000ns)
  Data Path Delay:        3.172ns  (logic 0.704ns (22.195%)  route 2.468ns (77.805%))
  Logic Levels:           2  (LUT4=1 LUT6=1)
  Clock Path Skew:        -0.026ns (DCD - SCD + CPR)
    Destination Clock Delay (DCD):    4.859ns = ( 14.859 - 10.000 ) 
    Source Clock Delay      (SCD):    5.159ns
    Clock Pessimism Removal (CPR):    0.274ns
  Clock Uncertainty:      0.035ns  ((TSJ^2 + TIJ^2)^1/2 + DJ) / 2 + PE
    Total System Jitter     (TSJ):    0.071ns
    Total Input Jitter      (TIJ):    0.000ns
    Discrete Jitter          (DJ):    0.000ns
    Phase Error              (PE):    0.000ns

    Location             Delay type                Incr(ns)  Path(ns)    Netlist Resource(s)
  -------------------------------------------------------------------    -------------------
                         (clock sys_clk_pin rise edge)
                                                      0.000     0.000 r  
    W5                                                0.000     0.000 r  ap_clk_0 (IN)
                         net (fo=0)                   0.000     0.000    ap_clk_0
    W5                   IBUF (Prop_ibuf_I_O)         1.458     1.458 r  ap_clk_0_IBUF_inst/O
                         net (fo=1, routed)           1.967     3.425    ap_clk_0_IBUF
    BUFGCTRL_X0Y0        BUFG (Prop_bufg_I_O)         0.096     3.521 r  ap_clk_0_IBUF_BUFG_inst/O
                         net (fo=39, routed)          1.638     5.159    comb_lock_i/debouncer_0/U0/CLK_I
    SLICE_X1Y4           FDRE                                         r  comb_lock_i/debouncer_0/U0/sig_cntrs_ary_reg[0][0]/C
  -------------------------------------------------------------------    -------------------
    SLICE_X1Y4           FDRE (Prop_fdre_C_Q)         0.456     5.615 r  comb_lock_i/debouncer_0/U0/sig_cntrs_ary_reg[0][0]/Q
                         net (fo=2, routed)           0.681     6.296    comb_lock_i/debouncer_0/U0/sig_cntrs_ary_reg[0]_0[0]
    SLICE_X0Y4           LUT4 (Prop_lut4_I1_O)        0.124     6.420 r  comb_lock_i/debouncer_0/U0/sig_out_reg[0]_i_2/O
                         net (fo=2, routed)           0.808     7.228    comb_lock_i/debouncer_0/U0/sig_out_reg[0]_i_2_n_0
    SLICE_X0Y5           LUT6 (Prop_lut6_I0_O)        0.124     7.352 r  comb_lock_i/debouncer_0/U0/sig_cntrs_ary[0][0]_i_1/O
                         net (fo=16, routed)          0.979     8.331    comb_lock_i/debouncer_0/U0/sig_cntrs_ary[0][0]_i_1_n_0
    SLICE_X1Y7           FDRE                                         r  comb_lock_i/debouncer_0/U0/sig_cntrs_ary_reg[0][12]/R
  -------------------------------------------------------------------    -------------------

                         (clock sys_clk_pin rise edge)
                                                     10.000    10.000 r  
    W5                                                0.000    10.000 r  ap_clk_0 (IN)
                         net (fo=0)                   0.000    10.000    ap_clk_0
    W5                   IBUF (Prop_ibuf_I_O)         1.388    11.388 r  ap_clk_0_IBUF_inst/O
                         net (fo=1, routed)           1.862    13.250    ap_clk_0_IBUF
    BUFGCTRL_X0Y0        BUFG (Prop_bufg_I_O)         0.091    13.341 r  ap_clk_0_IBUF_BUFG_inst/O
                         net (fo=39, routed)          1.518    14.859    comb_lock_i/debouncer_0/U0/CLK_I
    SLICE_X1Y7           FDRE                                         r  comb_lock_i/debouncer_0/U0/sig_cntrs_ary_reg[0][12]/C
                         clock pessimism              0.274    15.133    
                         clock uncertainty           -0.035    15.098    
    SLICE_X1Y7           FDRE (Setup_fdre_C_R)       -0.429    14.669    comb_lock_i/debouncer_0/U0/sig_cntrs_ary_reg[0][12]
  -------------------------------------------------------------------
                         required time                         14.669    
                         arrival time                          -8.331    
  -------------------------------------------------------------------
                         slack                                  6.338    

Slack (MET) :             6.338ns  (required time - arrival time)
  Source:                 comb_lock_i/debouncer_0/U0/sig_cntrs_ary_reg[0][0]/C
                            (rising edge-triggered cell FDRE clocked by sys_clk_pin  {rise@0.000ns fall@5.000ns period=10.000ns})
  Destination:            comb_lock_i/debouncer_0/U0/sig_cntrs_ary_reg[0][13]/R
                            (rising edge-triggered cell FDRE clocked by sys_clk_pin  {rise@0.000ns fall@5.000ns period=10.000ns})
  Path Group:             sys_clk_pin
  Path Type:              Setup (Max at Slow Process Corner)
  Requirement:            10.000ns  (sys_clk_pin rise@10.000ns - sys_clk_pin rise@0.000ns)
  Data Path Delay:        3.172ns  (logic 0.704ns (22.195%)  route 2.468ns (77.805%))
  Logic Levels:           2  (LUT4=1 LUT6=1)
  Clock Path Skew:        -0.026ns (DCD - SCD + CPR)
    Destination Clock Delay (DCD):    4.859ns = ( 14.859 - 10.000 ) 
    Source Clock Delay      (SCD):    5.159ns
    Clock Pessimism Removal (CPR):    0.274ns
  Clock Uncertainty:      0.035ns  ((TSJ^2 + TIJ^2)^1/2 + DJ) / 2 + PE
    Total System Jitter     (TSJ):    0.071ns
    Total Input Jitter      (TIJ):    0.000ns
    Discrete Jitter          (DJ):    0.000ns
    Phase Error              (PE):    0.000ns

    Location             Delay type                Incr(ns)  Path(ns)    Netlist Resource(s)
  -------------------------------------------------------------------    -------------------
                         (clock sys_clk_pin rise edge)
                                                      0.000     0.000 r  
    W5                                                0.000     0.000 r  ap_clk_0 (IN)
                         net (fo=0)                   0.000     0.000    ap_clk_0
    W5                   IBUF (Prop_ibuf_I_O)         1.458     1.458 r  ap_clk_0_IBUF_inst/O
                         net (fo=1, routed)           1.967     3.425    ap_clk_0_IBUF
    BUFGCTRL_X0Y0        BUFG (Prop_bufg_I_O)         0.096     3.521 r  ap_clk_0_IBUF_BUFG_inst/O
                         net (fo=39, routed)          1.638     5.159    comb_lock_i/debouncer_0/U0/CLK_I
    SLICE_X1Y4           FDRE                                         r  comb_lock_i/debouncer_0/U0/sig_cntrs_ary_reg[0][0]/C
  -------------------------------------------------------------------    -------------------
    SLICE_X1Y4           FDRE (Prop_fdre_C_Q)         0.456     5.615 r  comb_lock_i/debouncer_0/U0/sig_cntrs_ary_reg[0][0]/Q
                         net (fo=2, routed)           0.681     6.296    comb_lock_i/debouncer_0/U0/sig_cntrs_ary_reg[0]_0[0]
    SLICE_X0Y4           LUT4 (Prop_lut4_I1_O)        0.124     6.420 r  comb_lock_i/debouncer_0/U0/sig_out_reg[0]_i_2/O
                         net (fo=2, routed)           0.808     7.228    comb_lock_i/debouncer_0/U0/sig_out_reg[0]_i_2_n_0
    SLICE_X0Y5           LUT6 (Prop_lut6_I0_O)        0.124     7.352 r  comb_lock_i/debouncer_0/U0/sig_cntrs_ary[0][0]_i_1/O
                         net (fo=16, routed)          0.979     8.331    comb_lock_i/debouncer_0/U0/sig_cntrs_ary[0][0]_i_1_n_0
    SLICE_X1Y7           FDRE                                         r  comb_lock_i/debouncer_0/U0/sig_cntrs_ary_reg[0][13]/R
  -------------------------------------------------------------------    -------------------

                         (clock sys_clk_pin rise edge)
                                                     10.000    10.000 r  
    W5                                                0.000    10.000 r  ap_clk_0 (IN)
                         net (fo=0)                   0.000    10.000    ap_clk_0
    W5                   IBUF (Prop_ibuf_I_O)         1.388    11.388 r  ap_clk_0_IBUF_inst/O
                         net (fo=1, routed)           1.862    13.250    ap_clk_0_IBUF
    BUFGCTRL_X0Y0        BUFG (Prop_bufg_I_O)         0.091    13.341 r  ap_clk_0_IBUF_BUFG_inst/O
                         net (fo=39, routed)          1.518    14.859    comb_lock_i/debouncer_0/U0/CLK_I
    SLICE_X1Y7           FDRE                                         r  comb_lock_i/debouncer_0/U0/sig_cntrs_ary_reg[0][13]/C
                         clock pessimism              0.274    15.133    
                         clock uncertainty           -0.035    15.098    
    SLICE_X1Y7           FDRE (Setup_fdre_C_R)       -0.429    14.669    comb_lock_i/debouncer_0/U0/sig_cntrs_ary_reg[0][13]
  -------------------------------------------------------------------
                         required time                         14.669    
                         arrival time                          -8.331    
  -------------------------------------------------------------------
                         slack                                  6.338    

Slack (MET) :             6.338ns  (required time - arrival time)
  Source:                 comb_lock_i/debouncer_0/U0/sig_cntrs_ary_reg[0][0]/C
                            (rising edge-triggered cell FDRE clocked by sys_clk_pin  {rise@0.000ns fall@5.000ns period=10.000ns})
  Destination:            comb_lock_i/debouncer_0/U0/sig_cntrs_ary_reg[0][14]/R
                            (rising edge-triggered cell FDRE clocked by sys_clk_pin  {rise@0.000ns fall@5.000ns period=10.000ns})
  Path Group:             sys_clk_pin
  Path Type:              Setup (Max at Slow Process Corner)
  Requirement:            10.000ns  (sys_clk_pin rise@10.000ns - sys_clk_pin rise@0.000ns)
  Data Path Delay:        3.172ns  (logic 0.704ns (22.195%)  route 2.468ns (77.805%))
  Logic Levels:           2  (LUT4=1 LUT6=1)
  Clock Path Skew:        -0.026ns (DCD - SCD + CPR)
    Destination Clock Delay (DCD):    4.859ns = ( 14.859 - 10.000 ) 
    Source Clock Delay      (SCD):    5.159ns
    Clock Pessimism Removal (CPR):    0.274ns
  Clock Uncertainty:      0.035ns  ((TSJ^2 + TIJ^2)^1/2 + DJ) / 2 + PE
    Total System Jitter     (TSJ):    0.071ns
    Total Input Jitter      (TIJ):    0.000ns
    Discrete Jitter          (DJ):    0.000ns
    Phase Error              (PE):    0.000ns

    Location             Delay type                Incr(ns)  Path(ns)    Netlist Resource(s)
  -------------------------------------------------------------------    -------------------
                         (clock sys_clk_pin rise edge)
                                                      0.000     0.000 r  
    W5                                                0.000     0.000 r  ap_clk_0 (IN)
                         net (fo=0)                   0.000     0.000    ap_clk_0
    W5                   IBUF (Prop_ibuf_I_O)         1.458     1.458 r  ap_clk_0_IBUF_inst/O
                         net (fo=1, routed)           1.967     3.425    ap_clk_0_IBUF
    BUFGCTRL_X0Y0        BUFG (Prop_bufg_I_O)         0.096     3.521 r  ap_clk_0_IBUF_BUFG_inst/O
                         net (fo=39, routed)          1.638     5.159    comb_lock_i/debouncer_0/U0/CLK_I
    SLICE_X1Y4           FDRE                                         r  comb_lock_i/debouncer_0/U0/sig_cntrs_ary_reg[0][0]/C
  -------------------------------------------------------------------    -------------------
    SLICE_X1Y4           FDRE (Prop_fdre_C_Q)         0.456     5.615 r  comb_lock_i/debouncer_0/U0/sig_cntrs_ary_reg[0][0]/Q
                         net (fo=2, routed)           0.681     6.296    comb_lock_i/debouncer_0/U0/sig_cntrs_ary_reg[0]_0[0]
    SLICE_X0Y4           LUT4 (Prop_lut4_I1_O)        0.124     6.420 r  comb_lock_i/debouncer_0/U0/sig_out_reg[0]_i_2/O
                         net (fo=2, routed)           0.808     7.228    comb_lock_i/debouncer_0/U0/sig_out_reg[0]_i_2_n_0
    SLICE_X0Y5           LUT6 (Prop_lut6_I0_O)        0.124     7.352 r  comb_lock_i/debouncer_0/U0/sig_cntrs_ary[0][0]_i_1/O
                         net (fo=16, routed)          0.979     8.331    comb_lock_i/debouncer_0/U0/sig_cntrs_ary[0][0]_i_1_n_0
    SLICE_X1Y7           FDRE                                         r  comb_lock_i/debouncer_0/U0/sig_cntrs_ary_reg[0][14]/R
  -------------------------------------------------------------------    -------------------

                         (clock sys_clk_pin rise edge)
                                                     10.000    10.000 r  
    W5                                                0.000    10.000 r  ap_clk_0 (IN)
                         net (fo=0)                   0.000    10.000    ap_clk_0
    W5                   IBUF (Prop_ibuf_I_O)         1.388    11.388 r  ap_clk_0_IBUF_inst/O
                         net (fo=1, routed)           1.862    13.250    ap_clk_0_IBUF
    BUFGCTRL_X0Y0        BUFG (Prop_bufg_I_O)         0.091    13.341 r  ap_clk_0_IBUF_BUFG_inst/O
                         net (fo=39, routed)          1.518    14.859    comb_lock_i/debouncer_0/U0/CLK_I
    SLICE_X1Y7           FDRE                                         r  comb_lock_i/debouncer_0/U0/sig_cntrs_ary_reg[0][14]/C
                         clock pessimism              0.274    15.133    
                         clock uncertainty           -0.035    15.098    
    SLICE_X1Y7           FDRE (Setup_fdre_C_R)       -0.429    14.669    comb_lock_i/debouncer_0/U0/sig_cntrs_ary_reg[0][14]
  -------------------------------------------------------------------
                         required time                         14.669    
                         arrival time                          -8.331    
  -------------------------------------------------------------------
                         slack                                  6.338    

Slack (MET) :             6.338ns  (required time - arrival time)
  Source:                 comb_lock_i/debouncer_0/U0/sig_cntrs_ary_reg[0][0]/C
                            (rising edge-triggered cell FDRE clocked by sys_clk_pin  {rise@0.000ns fall@5.000ns period=10.000ns})
  Destination:            comb_lock_i/debouncer_0/U0/sig_cntrs_ary_reg[0][15]/R
                            (rising edge-triggered cell FDRE clocked by sys_clk_pin  {rise@0.000ns fall@5.000ns period=10.000ns})
  Path Group:             sys_clk_pin
  Path Type:              Setup (Max at Slow Process Corner)
  Requirement:            10.000ns  (sys_clk_pin rise@10.000ns - sys_clk_pin rise@0.000ns)
  Data Path Delay:        3.172ns  (logic 0.704ns (22.195%)  route 2.468ns (77.805%))
  Logic Levels:           2  (LUT4=1 LUT6=1)
  Clock Path Skew:        -0.026ns (DCD - SCD + CPR)
    Destination Clock Delay (DCD):    4.859ns = ( 14.859 - 10.000 ) 
    Source Clock Delay      (SCD):    5.159ns
    Clock Pessimism Removal (CPR):    0.274ns
  Clock Uncertainty:      0.035ns  ((TSJ^2 + TIJ^2)^1/2 + DJ) / 2 + PE
    Total System Jitter     (TSJ):    0.071ns
    Total Input Jitter      (TIJ):    0.000ns
    Discrete Jitter          (DJ):    0.000ns
    Phase Error              (PE):    0.000ns

    Location             Delay type                Incr(ns)  Path(ns)    Netlist Resource(s)
  -------------------------------------------------------------------    -------------------
                         (clock sys_clk_pin rise edge)
                                                      0.000     0.000 r  
    W5                                                0.000     0.000 r  ap_clk_0 (IN)
                         net (fo=0)                   0.000     0.000    ap_clk_0
    W5                   IBUF (Prop_ibuf_I_O)         1.458     1.458 r  ap_clk_0_IBUF_inst/O
                         net (fo=1, routed)           1.967     3.425    ap_clk_0_IBUF
    BUFGCTRL_X0Y0        BUFG (Prop_bufg_I_O)         0.096     3.521 r  ap_clk_0_IBUF_BUFG_inst/O
                         net (fo=39, routed)          1.638     5.159    comb_lock_i/debouncer_0/U0/CLK_I
    SLICE_X1Y4           FDRE                                         r  comb_lock_i/debouncer_0/U0/sig_cntrs_ary_reg[0][0]/C
  -------------------------------------------------------------------    -------------------
    SLICE_X1Y4           FDRE (Prop_fdre_C_Q)         0.456     5.615 r  comb_lock_i/debouncer_0/U0/sig_cntrs_ary_reg[0][0]/Q
                         net (fo=2, routed)           0.681     6.296    comb_lock_i/debouncer_0/U0/sig_cntrs_ary_reg[0]_0[0]
    SLICE_X0Y4           LUT4 (Prop_lut4_I1_O)        0.124     6.420 r  comb_lock_i/debouncer_0/U0/sig_out_reg[0]_i_2/O
                         net (fo=2, routed)           0.808     7.228    comb_lock_i/debouncer_0/U0/sig_out_reg[0]_i_2_n_0
    SLICE_X0Y5           LUT6 (Prop_lut6_I0_O)        0.124     7.352 r  comb_lock_i/debouncer_0/U0/sig_cntrs_ary[0][0]_i_1/O
                         net (fo=16, routed)          0.979     8.331    comb_lock_i/debouncer_0/U0/sig_cntrs_ary[0][0]_i_1_n_0
    SLICE_X1Y7           FDRE                                         r  comb_lock_i/debouncer_0/U0/sig_cntrs_ary_reg[0][15]/R
  -------------------------------------------------------------------    -------------------

                         (clock sys_clk_pin rise edge)
                                                     10.000    10.000 r  
    W5                                                0.000    10.000 r  ap_clk_0 (IN)
                         net (fo=0)                   0.000    10.000    ap_clk_0
    W5                   IBUF (Prop_ibuf_I_O)         1.388    11.388 r  ap_clk_0_IBUF_inst/O
                         net (fo=1, routed)           1.862    13.250    ap_clk_0_IBUF
    BUFGCTRL_X0Y0        BUFG (Prop_bufg_I_O)         0.091    13.341 r  ap_clk_0_IBUF_BUFG_inst/O
                         net (fo=39, routed)          1.518    14.859    comb_lock_i/debouncer_0/U0/CLK_I
    SLICE_X1Y7           FDRE                                         r  comb_lock_i/debouncer_0/U0/sig_cntrs_ary_reg[0][15]/C
                         clock pessimism              0.274    15.133    
                         clock uncertainty           -0.035    15.098    
    SLICE_X1Y7           FDRE (Setup_fdre_C_R)       -0.429    14.669    comb_lock_i/debouncer_0/U0/sig_cntrs_ary_reg[0][15]
  -------------------------------------------------------------------
                         required time                         14.669    
                         arrival time                          -8.331    
  -------------------------------------------------------------------
                         slack                                  6.338    

Slack (MET) :             6.477ns  (required time - arrival time)
  Source:                 comb_lock_i/debouncer_0/U0/sig_cntrs_ary_reg[0][0]/C
                            (rising edge-triggered cell FDRE clocked by sys_clk_pin  {rise@0.000ns fall@5.000ns period=10.000ns})
  Destination:            comb_lock_i/debouncer_0/U0/sig_cntrs_ary_reg[0][10]/R
                            (rising edge-triggered cell FDRE clocked by sys_clk_pin  {rise@0.000ns fall@5.000ns period=10.000ns})
  Path Group:             sys_clk_pin
  Path Type:              Setup (Max at Slow Process Corner)
  Requirement:            10.000ns  (sys_clk_pin rise@10.000ns - sys_clk_pin rise@0.000ns)
  Data Path Delay:        3.033ns  (logic 0.704ns (23.208%)  route 2.329ns (76.792%))
  Logic Levels:           2  (LUT4=1 LUT6=1)
  Clock Path Skew:        -0.025ns (DCD - SCD + CPR)
    Destination Clock Delay (DCD):    4.860ns = ( 14.860 - 10.000 ) 
    Source Clock Delay      (SCD):    5.159ns
    Clock Pessimism Removal (CPR):    0.274ns
  Clock Uncertainty:      0.035ns  ((TSJ^2 + TIJ^2)^1/2 + DJ) / 2 + PE
    Total System Jitter     (TSJ):    0.071ns
    Total Input Jitter      (TIJ):    0.000ns
    Discrete Jitter          (DJ):    0.000ns
    Phase Error              (PE):    0.000ns

    Location             Delay type                Incr(ns)  Path(ns)    Netlist Resource(s)
  -------------------------------------------------------------------    -------------------
                         (clock sys_clk_pin rise edge)
                                                      0.000     0.000 r  
    W5                                                0.000     0.000 r  ap_clk_0 (IN)
                         net (fo=0)                   0.000     0.000    ap_clk_0
    W5                   IBUF (Prop_ibuf_I_O)         1.458     1.458 r  ap_clk_0_IBUF_inst/O
                         net (fo=1, routed)           1.967     3.425    ap_clk_0_IBUF
    BUFGCTRL_X0Y0        BUFG (Prop_bufg_I_O)         0.096     3.521 r  ap_clk_0_IBUF_BUFG_inst/O
                         net (fo=39, routed)          1.638     5.159    comb_lock_i/debouncer_0/U0/CLK_I
    SLICE_X1Y4           FDRE                                         r  comb_lock_i/debouncer_0/U0/sig_cntrs_ary_reg[0][0]/C
  -------------------------------------------------------------------    -------------------
    SLICE_X1Y4           FDRE (Prop_fdre_C_Q)         0.456     5.615 r  comb_lock_i/debouncer_0/U0/sig_cntrs_ary_reg[0][0]/Q
                         net (fo=2, routed)           0.681     6.296    comb_lock_i/debouncer_0/U0/sig_cntrs_ary_reg[0]_0[0]
    SLICE_X0Y4           LUT4 (Prop_lut4_I1_O)        0.124     6.420 r  comb_lock_i/debouncer_0/U0/sig_out_reg[0]_i_2/O
                         net (fo=2, routed)           0.808     7.228    comb_lock_i/debouncer_0/U0/sig_out_reg[0]_i_2_n_0
    SLICE_X0Y5           LUT6 (Prop_lut6_I0_O)        0.124     7.352 r  comb_lock_i/debouncer_0/U0/sig_cntrs_ary[0][0]_i_1/O
                         net (fo=16, routed)          0.840     8.193    comb_lock_i/debouncer_0/U0/sig_cntrs_ary[0][0]_i_1_n_0
    SLICE_X1Y6           FDRE                                         r  comb_lock_i/debouncer_0/U0/sig_cntrs_ary_reg[0][10]/R
  -------------------------------------------------------------------    -------------------

                         (clock sys_clk_pin rise edge)
                                                     10.000    10.000 r  
    W5                                                0.000    10.000 r  ap_clk_0 (IN)
                         net (fo=0)                   0.000    10.000    ap_clk_0
    W5                   IBUF (Prop_ibuf_I_O)         1.388    11.388 r  ap_clk_0_IBUF_inst/O
                         net (fo=1, routed)           1.862    13.250    ap_clk_0_IBUF
    BUFGCTRL_X0Y0        BUFG (Prop_bufg_I_O)         0.091    13.341 r  ap_clk_0_IBUF_BUFG_inst/O
                         net (fo=39, routed)          1.519    14.860    comb_lock_i/debouncer_0/U0/CLK_I
    SLICE_X1Y6           FDRE                                         r  comb_lock_i/debouncer_0/U0/sig_cntrs_ary_reg[0][10]/C
                         clock pessimism              0.274    15.134    
                         clock uncertainty           -0.035    15.099    
    SLICE_X1Y6           FDRE (Setup_fdre_C_R)       -0.429    14.670    comb_lock_i/debouncer_0/U0/sig_cntrs_ary_reg[0][10]
  -------------------------------------------------------------------
                         required time                         14.670    
                         arrival time                          -8.193    
  -------------------------------------------------------------------
                         slack                                  6.477    

Slack (MET) :             6.477ns  (required time - arrival time)
  Source:                 comb_lock_i/debouncer_0/U0/sig_cntrs_ary_reg[0][0]/C
                            (rising edge-triggered cell FDRE clocked by sys_clk_pin  {rise@0.000ns fall@5.000ns period=10.000ns})
  Destination:            comb_lock_i/debouncer_0/U0/sig_cntrs_ary_reg[0][11]/R
                            (rising edge-triggered cell FDRE clocked by sys_clk_pin  {rise@0.000ns fall@5.000ns period=10.000ns})
  Path Group:             sys_clk_pin
  Path Type:              Setup (Max at Slow Process Corner)
  Requirement:            10.000ns  (sys_clk_pin rise@10.000ns - sys_clk_pin rise@0.000ns)
  Data Path Delay:        3.033ns  (logic 0.704ns (23.208%)  route 2.329ns (76.792%))
  Logic Levels:           2  (LUT4=1 LUT6=1)
  Clock Path Skew:        -0.025ns (DCD - SCD + CPR)
    Destination Clock Delay (DCD):    4.860ns = ( 14.860 - 10.000 ) 
    Source Clock Delay      (SCD):    5.159ns
    Clock Pessimism Removal (CPR):    0.274ns
  Clock Uncertainty:      0.035ns  ((TSJ^2 + TIJ^2)^1/2 + DJ) / 2 + PE
    Total System Jitter     (TSJ):    0.071ns
    Total Input Jitter      (TIJ):    0.000ns
    Discrete Jitter          (DJ):    0.000ns
    Phase Error              (PE):    0.000ns

    Location             Delay type                Incr(ns)  Path(ns)    Netlist Resource(s)
  -------------------------------------------------------------------    -------------------
                         (clock sys_clk_pin rise edge)
                                                      0.000     0.000 r  
    W5                                                0.000     0.000 r  ap_clk_0 (IN)
                         net (fo=0)                   0.000     0.000    ap_clk_0
    W5                   IBUF (Prop_ibuf_I_O)         1.458     1.458 r  ap_clk_0_IBUF_inst/O
                         net (fo=1, routed)           1.967     3.425    ap_clk_0_IBUF
    BUFGCTRL_X0Y0        BUFG (Prop_bufg_I_O)         0.096     3.521 r  ap_clk_0_IBUF_BUFG_inst/O
                         net (fo=39, routed)          1.638     5.159    comb_lock_i/debouncer_0/U0/CLK_I
    SLICE_X1Y4           FDRE                                         r  comb_lock_i/debouncer_0/U0/sig_cntrs_ary_reg[0][0]/C
  -------------------------------------------------------------------    -------------------
    SLICE_X1Y4           FDRE (Prop_fdre_C_Q)         0.456     5.615 r  comb_lock_i/debouncer_0/U0/sig_cntrs_ary_reg[0][0]/Q
                         net (fo=2, routed)           0.681     6.296    comb_lock_i/debouncer_0/U0/sig_cntrs_ary_reg[0]_0[0]
    SLICE_X0Y4           LUT4 (Prop_lut4_I1_O)        0.124     6.420 r  comb_lock_i/debouncer_0/U0/sig_out_reg[0]_i_2/O
                         net (fo=2, routed)           0.808     7.228    comb_lock_i/debouncer_0/U0/sig_out_reg[0]_i_2_n_0
    SLICE_X0Y5           LUT6 (Prop_lut6_I0_O)        0.124     7.352 r  comb_lock_i/debouncer_0/U0/sig_cntrs_ary[0][0]_i_1/O
                         net (fo=16, routed)          0.840     8.193    comb_lock_i/debouncer_0/U0/sig_cntrs_ary[0][0]_i_1_n_0
    SLICE_X1Y6           FDRE                                         r  comb_lock_i/debouncer_0/U0/sig_cntrs_ary_reg[0][11]/R
  -------------------------------------------------------------------    -------------------

                         (clock sys_clk_pin rise edge)
                                                     10.000    10.000 r  
    W5                                                0.000    10.000 r  ap_clk_0 (IN)
                         net (fo=0)                   0.000    10.000    ap_clk_0
    W5                   IBUF (Prop_ibuf_I_O)         1.388    11.388 r  ap_clk_0_IBUF_inst/O
                         net (fo=1, routed)           1.862    13.250    ap_clk_0_IBUF
    BUFGCTRL_X0Y0        BUFG (Prop_bufg_I_O)         0.091    13.341 r  ap_clk_0_IBUF_BUFG_inst/O
                         net (fo=39, routed)          1.519    14.860    comb_lock_i/debouncer_0/U0/CLK_I
    SLICE_X1Y6           FDRE                                         r  comb_lock_i/debouncer_0/U0/sig_cntrs_ary_reg[0][11]/C
                         clock pessimism              0.274    15.134    
                         clock uncertainty           -0.035    15.099    
    SLICE_X1Y6           FDRE (Setup_fdre_C_R)       -0.429    14.670    comb_lock_i/debouncer_0/U0/sig_cntrs_ary_reg[0][11]
  -------------------------------------------------------------------
                         required time                         14.670    
                         arrival time                          -8.193    
  -------------------------------------------------------------------
                         slack                                  6.477    

Slack (MET) :             6.477ns  (required time - arrival time)
  Source:                 comb_lock_i/debouncer_0/U0/sig_cntrs_ary_reg[0][0]/C
                            (rising edge-triggered cell FDRE clocked by sys_clk_pin  {rise@0.000ns fall@5.000ns period=10.000ns})
  Destination:            comb_lock_i/debouncer_0/U0/sig_cntrs_ary_reg[0][8]/R
                            (rising edge-triggered cell FDRE clocked by sys_clk_pin  {rise@0.000ns fall@5.000ns period=10.000ns})
  Path Group:             sys_clk_pin
  Path Type:              Setup (Max at Slow Process Corner)
  Requirement:            10.000ns  (sys_clk_pin rise@10.000ns - sys_clk_pin rise@0.000ns)
  Data Path Delay:        3.033ns  (logic 0.704ns (23.208%)  route 2.329ns (76.792%))
  Logic Levels:           2  (LUT4=1 LUT6=1)
  Clock Path Skew:        -0.025ns (DCD - SCD + CPR)
    Destination Clock Delay (DCD):    4.860ns = ( 14.860 - 10.000 ) 
    Source Clock Delay      (SCD):    5.159ns
    Clock Pessimism Removal (CPR):    0.274ns
  Clock Uncertainty:      0.035ns  ((TSJ^2 + TIJ^2)^1/2 + DJ) / 2 + PE
    Total System Jitter     (TSJ):    0.071ns
    Total Input Jitter      (TIJ):    0.000ns
    Discrete Jitter          (DJ):    0.000ns
    Phase Error              (PE):    0.000ns

    Location             Delay type                Incr(ns)  Path(ns)    Netlist Resource(s)
  -------------------------------------------------------------------    -------------------
                         (clock sys_clk_pin rise edge)
                                                      0.000     0.000 r  
    W5                                                0.000     0.000 r  ap_clk_0 (IN)
                         net (fo=0)                   0.000     0.000    ap_clk_0
    W5                   IBUF (Prop_ibuf_I_O)         1.458     1.458 r  ap_clk_0_IBUF_inst/O
                         net (fo=1, routed)           1.967     3.425    ap_clk_0_IBUF
    BUFGCTRL_X0Y0        BUFG (Prop_bufg_I_O)         0.096     3.521 r  ap_clk_0_IBUF_BUFG_inst/O
                         net (fo=39, routed)          1.638     5.159    comb_lock_i/debouncer_0/U0/CLK_I
    SLICE_X1Y4           FDRE                                         r  comb_lock_i/debouncer_0/U0/sig_cntrs_ary_reg[0][0]/C
  -------------------------------------------------------------------    -------------------
    SLICE_X1Y4           FDRE (Prop_fdre_C_Q)         0.456     5.615 r  comb_lock_i/debouncer_0/U0/sig_cntrs_ary_reg[0][0]/Q
                         net (fo=2, routed)           0.681     6.296    comb_lock_i/debouncer_0/U0/sig_cntrs_ary_reg[0]_0[0]
    SLICE_X0Y4           LUT4 (Prop_lut4_I1_O)        0.124     6.420 r  comb_lock_i/debouncer_0/U0/sig_out_reg[0]_i_2/O
                         net (fo=2, routed)           0.808     7.228    comb_lock_i/debouncer_0/U0/sig_out_reg[0]_i_2_n_0
    SLICE_X0Y5           LUT6 (Prop_lut6_I0_O)        0.124     7.352 r  comb_lock_i/debouncer_0/U0/sig_cntrs_ary[0][0]_i_1/O
                         net (fo=16, routed)          0.840     8.193    comb_lock_i/debouncer_0/U0/sig_cntrs_ary[0][0]_i_1_n_0
    SLICE_X1Y6           FDRE                                         r  comb_lock_i/debouncer_0/U0/sig_cntrs_ary_reg[0][8]/R
  -------------------------------------------------------------------    -------------------

                         (clock sys_clk_pin rise edge)
                                                     10.000    10.000 r  
    W5                                                0.000    10.000 r  ap_clk_0 (IN)
                         net (fo=0)                   0.000    10.000    ap_clk_0
    W5                   IBUF (Prop_ibuf_I_O)         1.388    11.388 r  ap_clk_0_IBUF_inst/O
                         net (fo=1, routed)           1.862    13.250    ap_clk_0_IBUF
    BUFGCTRL_X0Y0        BUFG (Prop_bufg_I_O)         0.091    13.341 r  ap_clk_0_IBUF_BUFG_inst/O
                         net (fo=39, routed)          1.519    14.860    comb_lock_i/debouncer_0/U0/CLK_I
    SLICE_X1Y6           FDRE                                         r  comb_lock_i/debouncer_0/U0/sig_cntrs_ary_reg[0][8]/C
                         clock pessimism              0.274    15.134    
                         clock uncertainty           -0.035    15.099    
    SLICE_X1Y6           FDRE (Setup_fdre_C_R)       -0.429    14.670    comb_lock_i/debouncer_0/U0/sig_cntrs_ary_reg[0][8]
  -------------------------------------------------------------------
                         required time                         14.670    
                         arrival time                          -8.193    
  -------------------------------------------------------------------
                         slack                                  6.477    

Slack (MET) :             6.477ns  (required time - arrival time)
  Source:                 comb_lock_i/debouncer_0/U0/sig_cntrs_ary_reg[0][0]/C
                            (rising edge-triggered cell FDRE clocked by sys_clk_pin  {rise@0.000ns fall@5.000ns period=10.000ns})
  Destination:            comb_lock_i/debouncer_0/U0/sig_cntrs_ary_reg[0][9]/R
                            (rising edge-triggered cell FDRE clocked by sys_clk_pin  {rise@0.000ns fall@5.000ns period=10.000ns})
  Path Group:             sys_clk_pin
  Path Type:              Setup (Max at Slow Process Corner)
  Requirement:            10.000ns  (sys_clk_pin rise@10.000ns - sys_clk_pin rise@0.000ns)
  Data Path Delay:        3.033ns  (logic 0.704ns (23.208%)  route 2.329ns (76.792%))
  Logic Levels:           2  (LUT4=1 LUT6=1)
  Clock Path Skew:        -0.025ns (DCD - SCD + CPR)
    Destination Clock Delay (DCD):    4.860ns = ( 14.860 - 10.000 ) 
    Source Clock Delay      (SCD):    5.159ns
    Clock Pessimism Removal (CPR):    0.274ns
  Clock Uncertainty:      0.035ns  ((TSJ^2 + TIJ^2)^1/2 + DJ) / 2 + PE
    Total System Jitter     (TSJ):    0.071ns
    Total Input Jitter      (TIJ):    0.000ns
    Discrete Jitter          (DJ):    0.000ns
    Phase Error              (PE):    0.000ns

    Location             Delay type                Incr(ns)  Path(ns)    Netlist Resource(s)
  -------------------------------------------------------------------    -------------------
                         (clock sys_clk_pin rise edge)
                                                      0.000     0.000 r  
    W5                                                0.000     0.000 r  ap_clk_0 (IN)
                         net (fo=0)                   0.000     0.000    ap_clk_0
    W5                   IBUF (Prop_ibuf_I_O)         1.458     1.458 r  ap_clk_0_IBUF_inst/O
                         net (fo=1, routed)           1.967     3.425    ap_clk_0_IBUF
    BUFGCTRL_X0Y0        BUFG (Prop_bufg_I_O)         0.096     3.521 r  ap_clk_0_IBUF_BUFG_inst/O
                         net (fo=39, routed)          1.638     5.159    comb_lock_i/debouncer_0/U0/CLK_I
    SLICE_X1Y4           FDRE                                         r  comb_lock_i/debouncer_0/U0/sig_cntrs_ary_reg[0][0]/C
  -------------------------------------------------------------------    -------------------
    SLICE_X1Y4           FDRE (Prop_fdre_C_Q)         0.456     5.615 r  comb_lock_i/debouncer_0/U0/sig_cntrs_ary_reg[0][0]/Q
                         net (fo=2, routed)           0.681     6.296    comb_lock_i/debouncer_0/U0/sig_cntrs_ary_reg[0]_0[0]
    SLICE_X0Y4           LUT4 (Prop_lut4_I1_O)        0.124     6.420 r  comb_lock_i/debouncer_0/U0/sig_out_reg[0]_i_2/O
                         net (fo=2, routed)           0.808     7.228    comb_lock_i/debouncer_0/U0/sig_out_reg[0]_i_2_n_0
    SLICE_X0Y5           LUT6 (Prop_lut6_I0_O)        0.124     7.352 r  comb_lock_i/debouncer_0/U0/sig_cntrs_ary[0][0]_i_1/O
                         net (fo=16, routed)          0.840     8.193    comb_lock_i/debouncer_0/U0/sig_cntrs_ary[0][0]_i_1_n_0
    SLICE_X1Y6           FDRE                                         r  comb_lock_i/debouncer_0/U0/sig_cntrs_ary_reg[0][9]/R
  -------------------------------------------------------------------    -------------------

                         (clock sys_clk_pin rise edge)
                                                     10.000    10.000 r  
    W5                                                0.000    10.000 r  ap_clk_0 (IN)
                         net (fo=0)                   0.000    10.000    ap_clk_0
    W5                   IBUF (Prop_ibuf_I_O)         1.388    11.388 r  ap_clk_0_IBUF_inst/O
                         net (fo=1, routed)           1.862    13.250    ap_clk_0_IBUF
    BUFGCTRL_X0Y0        BUFG (Prop_bufg_I_O)         0.091    13.341 r  ap_clk_0_IBUF_BUFG_inst/O
                         net (fo=39, routed)          1.519    14.860    comb_lock_i/debouncer_0/U0/CLK_I
    SLICE_X1Y6           FDRE                                         r  comb_lock_i/debouncer_0/U0/sig_cntrs_ary_reg[0][9]/C
                         clock pessimism              0.274    15.134    
                         clock uncertainty           -0.035    15.099    
    SLICE_X1Y6           FDRE (Setup_fdre_C_R)       -0.429    14.670    comb_lock_i/debouncer_0/U0/sig_cntrs_ary_reg[0][9]
  -------------------------------------------------------------------
                         required time                         14.670    
                         arrival time                          -8.193    
  -------------------------------------------------------------------
                         slack                                  6.477    

Slack (MET) :             6.497ns  (required time - arrival time)
  Source:                 comb_lock_i/debouncer_1/U0/sig_cntrs_ary_reg[0][3]/C
                            (rising edge-triggered cell FDRE clocked by sys_clk_pin  {rise@0.000ns fall@5.000ns period=10.000ns})
  Destination:            comb_lock_i/debouncer_1/U0/sig_cntrs_ary_reg[0][12]/R
                            (rising edge-triggered cell FDRE clocked by sys_clk_pin  {rise@0.000ns fall@5.000ns period=10.000ns})
  Path Group:             sys_clk_pin
  Path Type:              Setup (Max at Slow Process Corner)
  Requirement:            10.000ns  (sys_clk_pin rise@10.000ns - sys_clk_pin rise@0.000ns)
  Data Path Delay:        3.012ns  (logic 0.704ns (23.371%)  route 2.308ns (76.629%))
  Logic Levels:           2  (LUT4=1 LUT6=1)
  Clock Path Skew:        -0.026ns (DCD - SCD + CPR)
    Destination Clock Delay (DCD):    4.860ns = ( 14.860 - 10.000 ) 
    Source Clock Delay      (SCD):    5.160ns
    Clock Pessimism Removal (CPR):    0.274ns
  Clock Uncertainty:      0.035ns  ((TSJ^2 + TIJ^2)^1/2 + DJ) / 2 + PE
    Total System Jitter     (TSJ):    0.071ns
    Total Input Jitter      (TIJ):    0.000ns
    Discrete Jitter          (DJ):    0.000ns
    Phase Error              (PE):    0.000ns

    Location             Delay type                Incr(ns)  Path(ns)    Netlist Resource(s)
  -------------------------------------------------------------------    -------------------
                         (clock sys_clk_pin rise edge)
                                                      0.000     0.000 r  
    W5                                                0.000     0.000 r  ap_clk_0 (IN)
                         net (fo=0)                   0.000     0.000    ap_clk_0
    W5                   IBUF (Prop_ibuf_I_O)         1.458     1.458 r  ap_clk_0_IBUF_inst/O
                         net (fo=1, routed)           1.967     3.425    ap_clk_0_IBUF
    BUFGCTRL_X0Y0        BUFG (Prop_bufg_I_O)         0.096     3.521 r  ap_clk_0_IBUF_BUFG_inst/O
                         net (fo=39, routed)          1.639     5.160    comb_lock_i/debouncer_1/U0/CLK_I
    SLICE_X3Y0           FDRE                                         r  comb_lock_i/debouncer_1/U0/sig_cntrs_ary_reg[0][3]/C
  -------------------------------------------------------------------    -------------------
    SLICE_X3Y0           FDRE (Prop_fdre_C_Q)         0.456     5.616 r  comb_lock_i/debouncer_1/U0/sig_cntrs_ary_reg[0][3]/Q
                         net (fo=2, routed)           0.692     6.309    comb_lock_i/debouncer_1/U0/sig_cntrs_ary_reg[0]_0[3]
    SLICE_X2Y0           LUT4 (Prop_lut4_I2_O)        0.124     6.433 r  comb_lock_i/debouncer_1/U0/sig_out_reg[0]_i_2/O
                         net (fo=2, routed)           0.824     7.256    comb_lock_i/debouncer_1/U0/sig_out_reg[0]_i_2_n_0
    SLICE_X2Y1           LUT6 (Prop_lut6_I0_O)        0.124     7.380 r  comb_lock_i/debouncer_1/U0/sig_cntrs_ary[0][0]_i_1/O
                         net (fo=16, routed)          0.792     8.172    comb_lock_i/debouncer_1/U0/sig_cntrs_ary[0][0]_i_1_n_0
    SLICE_X3Y3           FDRE                                         r  comb_lock_i/debouncer_1/U0/sig_cntrs_ary_reg[0][12]/R
  -------------------------------------------------------------------    -------------------

                         (clock sys_clk_pin rise edge)
                                                     10.000    10.000 r  
    W5                                                0.000    10.000 r  ap_clk_0 (IN)
                         net (fo=0)                   0.000    10.000    ap_clk_0
    W5                   IBUF (Prop_ibuf_I_O)         1.388    11.388 r  ap_clk_0_IBUF_inst/O
                         net (fo=1, routed)           1.862    13.250    ap_clk_0_IBUF
    BUFGCTRL_X0Y0        BUFG (Prop_bufg_I_O)         0.091    13.341 r  ap_clk_0_IBUF_BUFG_inst/O
                         net (fo=39, routed)          1.519    14.860    comb_lock_i/debouncer_1/U0/CLK_I
    SLICE_X3Y3           FDRE                                         r  comb_lock_i/debouncer_1/U0/sig_cntrs_ary_reg[0][12]/C
                         clock pessimism              0.274    15.134    
                         clock uncertainty           -0.035    15.099    
    SLICE_X3Y3           FDRE (Setup_fdre_C_R)       -0.429    14.670    comb_lock_i/debouncer_1/U0/sig_cntrs_ary_reg[0][12]
  -------------------------------------------------------------------
                         required time                         14.670    
                         arrival time                          -8.172    
  -------------------------------------------------------------------
                         slack                                  6.497    

Slack (MET) :             6.497ns  (required time - arrival time)
  Source:                 comb_lock_i/debouncer_1/U0/sig_cntrs_ary_reg[0][3]/C
                            (rising edge-triggered cell FDRE clocked by sys_clk_pin  {rise@0.000ns fall@5.000ns period=10.000ns})
  Destination:            comb_lock_i/debouncer_1/U0/sig_cntrs_ary_reg[0][13]/R
                            (rising edge-triggered cell FDRE clocked by sys_clk_pin  {rise@0.000ns fall@5.000ns period=10.000ns})
  Path Group:             sys_clk_pin
  Path Type:              Setup (Max at Slow Process Corner)
  Requirement:            10.000ns  (sys_clk_pin rise@10.000ns - sys_clk_pin rise@0.000ns)
  Data Path Delay:        3.012ns  (logic 0.704ns (23.371%)  route 2.308ns (76.629%))
  Logic Levels:           2  (LUT4=1 LUT6=1)
  Clock Path Skew:        -0.026ns (DCD - SCD + CPR)
    Destination Clock Delay (DCD):    4.860ns = ( 14.860 - 10.000 ) 
    Source Clock Delay      (SCD):    5.160ns
    Clock Pessimism Removal (CPR):    0.274ns
  Clock Uncertainty:      0.035ns  ((TSJ^2 + TIJ^2)^1/2 + DJ) / 2 + PE
    Total System Jitter     (TSJ):    0.071ns
    Total Input Jitter      (TIJ):    0.000ns
    Discrete Jitter          (DJ):    0.000ns
    Phase Error              (PE):    0.000ns

    Location             Delay type                Incr(ns)  Path(ns)    Netlist Resource(s)
  -------------------------------------------------------------------    -------------------
                         (clock sys_clk_pin rise edge)
                                                      0.000     0.000 r  
    W5                                                0.000     0.000 r  ap_clk_0 (IN)
                         net (fo=0)                   0.000     0.000    ap_clk_0
    W5                   IBUF (Prop_ibuf_I_O)         1.458     1.458 r  ap_clk_0_IBUF_inst/O
                         net (fo=1, routed)           1.967     3.425    ap_clk_0_IBUF
    BUFGCTRL_X0Y0        BUFG (Prop_bufg_I_O)         0.096     3.521 r  ap_clk_0_IBUF_BUFG_inst/O
                         net (fo=39, routed)          1.639     5.160    comb_lock_i/debouncer_1/U0/CLK_I
    SLICE_X3Y0           FDRE                                         r  comb_lock_i/debouncer_1/U0/sig_cntrs_ary_reg[0][3]/C
  -------------------------------------------------------------------    -------------------
    SLICE_X3Y0           FDRE (Prop_fdre_C_Q)         0.456     5.616 r  comb_lock_i/debouncer_1/U0/sig_cntrs_ary_reg[0][3]/Q
                         net (fo=2, routed)           0.692     6.309    comb_lock_i/debouncer_1/U0/sig_cntrs_ary_reg[0]_0[3]
    SLICE_X2Y0           LUT4 (Prop_lut4_I2_O)        0.124     6.433 r  comb_lock_i/debouncer_1/U0/sig_out_reg[0]_i_2/O
                         net (fo=2, routed)           0.824     7.256    comb_lock_i/debouncer_1/U0/sig_out_reg[0]_i_2_n_0
    SLICE_X2Y1           LUT6 (Prop_lut6_I0_O)        0.124     7.380 r  comb_lock_i/debouncer_1/U0/sig_cntrs_ary[0][0]_i_1/O
                         net (fo=16, routed)          0.792     8.172    comb_lock_i/debouncer_1/U0/sig_cntrs_ary[0][0]_i_1_n_0
    SLICE_X3Y3           FDRE                                         r  comb_lock_i/debouncer_1/U0/sig_cntrs_ary_reg[0][13]/R
  -------------------------------------------------------------------    -------------------

                         (clock sys_clk_pin rise edge)
                                                     10.000    10.000 r  
    W5                                                0.000    10.000 r  ap_clk_0 (IN)
                         net (fo=0)                   0.000    10.000    ap_clk_0
    W5                   IBUF (Prop_ibuf_I_O)         1.388    11.388 r  ap_clk_0_IBUF_inst/O
                         net (fo=1, routed)           1.862    13.250    ap_clk_0_IBUF
    BUFGCTRL_X0Y0        BUFG (Prop_bufg_I_O)         0.091    13.341 r  ap_clk_0_IBUF_BUFG_inst/O
                         net (fo=39, routed)          1.519    14.860    comb_lock_i/debouncer_1/U0/CLK_I
    SLICE_X3Y3           FDRE                                         r  comb_lock_i/debouncer_1/U0/sig_cntrs_ary_reg[0][13]/C
                         clock pessimism              0.274    15.134    
                         clock uncertainty           -0.035    15.099    
    SLICE_X3Y3           FDRE (Setup_fdre_C_R)       -0.429    14.670    comb_lock_i/debouncer_1/U0/sig_cntrs_ary_reg[0][13]
  -------------------------------------------------------------------
                         required time                         14.670    
                         arrival time                          -8.172    
  -------------------------------------------------------------------
                         slack                                  6.497    





Min Delay Paths
--------------------------------------------------------------------------------------
Slack (MET) :             0.216ns  (arrival time - required time)
  Source:                 comb_lock_i/debouncer_1/U0/sig_out_reg_reg[0]/C
                            (rising edge-triggered cell FDRE clocked by sys_clk_pin  {rise@0.000ns fall@5.000ns period=10.000ns})
  Destination:            comb_lock_i/pulse_generator_1/inst/state_reg[0]/D
                            (rising edge-triggered cell FDRE clocked by sys_clk_pin  {rise@0.000ns fall@5.000ns period=10.000ns})
  Path Group:             sys_clk_pin
  Path Type:              Hold (Min at Fast Process Corner)
  Requirement:            0.000ns  (sys_clk_pin rise@0.000ns - sys_clk_pin rise@0.000ns)
  Data Path Delay:        0.302ns  (logic 0.164ns (54.285%)  route 0.138ns (45.715%))
  Logic Levels:           0  
  Clock Path Skew:        0.016ns (DCD - SCD - CPR)
    Destination Clock Delay (DCD):    1.994ns
    Source Clock Delay      (SCD):    1.479ns
    Clock Pessimism Removal (CPR):    0.499ns

    Location             Delay type                Incr(ns)  Path(ns)    Netlist Resource(s)
  -------------------------------------------------------------------    -------------------
                         (clock sys_clk_pin rise edge)
                                                      0.000     0.000 r  
    W5                                                0.000     0.000 r  ap_clk_0 (IN)
                         net (fo=0)                   0.000     0.000    ap_clk_0
    W5                   IBUF (Prop_ibuf_I_O)         0.226     0.226 r  ap_clk_0_IBUF_inst/O
                         net (fo=1, routed)           0.631     0.858    ap_clk_0_IBUF
    BUFGCTRL_X0Y0        BUFG (Prop_bufg_I_O)         0.026     0.884 r  ap_clk_0_IBUF_BUFG_inst/O
                         net (fo=39, routed)          0.596     1.479    comb_lock_i/debouncer_1/U0/CLK_I
    SLICE_X2Y1           FDRE                                         r  comb_lock_i/debouncer_1/U0/sig_out_reg_reg[0]/C
  -------------------------------------------------------------------    -------------------
    SLICE_X2Y1           FDRE (Prop_fdre_C_Q)         0.164     1.643 r  comb_lock_i/debouncer_1/U0/sig_out_reg_reg[0]/Q
                         net (fo=4, routed)           0.138     1.781    comb_lock_i/pulse_generator_1/inst/input_r[0]
    SLICE_X0Y1           FDRE                                         r  comb_lock_i/pulse_generator_1/inst/state_reg[0]/D
  -------------------------------------------------------------------    -------------------

                         (clock sys_clk_pin rise edge)
                                                      0.000     0.000 r  
    W5                                                0.000     0.000 r  ap_clk_0 (IN)
                         net (fo=0)                   0.000     0.000    ap_clk_0
    W5                   IBUF (Prop_ibuf_I_O)         0.414     0.414 r  ap_clk_0_IBUF_inst/O
                         net (fo=1, routed)           0.685     1.099    ap_clk_0_IBUF
    BUFGCTRL_X0Y0        BUFG (Prop_bufg_I_O)         0.029     1.128 r  ap_clk_0_IBUF_BUFG_inst/O
                         net (fo=39, routed)          0.867     1.994    comb_lock_i/pulse_generator_1/inst/ap_clk
    SLICE_X0Y1           FDRE                                         r  comb_lock_i/pulse_generator_1/inst/state_reg[0]/C
                         clock pessimism             -0.499     1.495    
    SLICE_X0Y1           FDRE (Hold_fdre_C_D)         0.070     1.565    comb_lock_i/pulse_generator_1/inst/state_reg[0]
  -------------------------------------------------------------------
                         required time                         -1.565    
                         arrival time                           1.781    
  -------------------------------------------------------------------
                         slack                                  0.216    

Slack (MET) :             0.231ns  (arrival time - required time)
  Source:                 comb_lock_i/debouncer_1/U0/sig_cntrs_ary_reg[0][5]/C
                            (rising edge-triggered cell FDRE clocked by sys_clk_pin  {rise@0.000ns fall@5.000ns period=10.000ns})
  Destination:            comb_lock_i/debouncer_1/U0/sig_out_reg_reg[0]/D
                            (rising edge-triggered cell FDRE clocked by sys_clk_pin  {rise@0.000ns fall@5.000ns period=10.000ns})
  Path Group:             sys_clk_pin
  Path Type:              Hold (Min at Fast Process Corner)
  Requirement:            0.000ns  (sys_clk_pin rise@0.000ns - sys_clk_pin rise@0.000ns)
  Data Path Delay:        0.364ns  (logic 0.231ns (63.456%)  route 0.133ns (36.544%))
  Logic Levels:           2  (LUT4=1 LUT5=1)
  Clock Path Skew:        0.013ns (DCD - SCD - CPR)
    Destination Clock Delay (DCD):    1.994ns
    Source Clock Delay      (SCD):    1.479ns
    Clock Pessimism Removal (CPR):    0.502ns

    Location             Delay type                Incr(ns)  Path(ns)    Netlist Resource(s)
  -------------------------------------------------------------------    -------------------
                         (clock sys_clk_pin rise edge)
                                                      0.000     0.000 r  
    W5                                                0.000     0.000 r  ap_clk_0 (IN)
                         net (fo=0)                   0.000     0.000    ap_clk_0
    W5                   IBUF (Prop_ibuf_I_O)         0.226     0.226 r  ap_clk_0_IBUF_inst/O
                         net (fo=1, routed)           0.631     0.858    ap_clk_0_IBUF
    BUFGCTRL_X0Y0        BUFG (Prop_bufg_I_O)         0.026     0.884 r  ap_clk_0_IBUF_BUFG_inst/O
                         net (fo=39, routed)          0.596     1.479    comb_lock_i/debouncer_1/U0/CLK_I
    SLICE_X3Y1           FDRE                                         r  comb_lock_i/debouncer_1/U0/sig_cntrs_ary_reg[0][5]/C
  -------------------------------------------------------------------    -------------------
    SLICE_X3Y1           FDRE (Prop_fdre_C_Q)         0.141     1.620 r  comb_lock_i/debouncer_1/U0/sig_cntrs_ary_reg[0][5]/Q
                         net (fo=2, routed)           0.066     1.686    comb_lock_i/debouncer_1/U0/sig_cntrs_ary_reg[0]_0[5]
    SLICE_X2Y1           LUT4 (Prop_lut4_I0_O)        0.045     1.731 r  comb_lock_i/debouncer_1/U0/sig_out_reg[0]_i_3/O
                         net (fo=2, routed)           0.067     1.798    comb_lock_i/debouncer_1/U0/sig_out_reg[0]_i_3_n_0
    SLICE_X2Y1           LUT5 (Prop_lut5_I1_O)        0.045     1.843 r  comb_lock_i/debouncer_1/U0/sig_out_reg[0]_i_1/O
                         net (fo=1, routed)           0.000     1.843    comb_lock_i/debouncer_1/U0/sig_out_reg[0]_i_1_n_0
    SLICE_X2Y1           FDRE                                         r  comb_lock_i/debouncer_1/U0/sig_out_reg_reg[0]/D
  -------------------------------------------------------------------    -------------------

                         (clock sys_clk_pin rise edge)
                                                      0.000     0.000 r  
    W5                                                0.000     0.000 r  ap_clk_0 (IN)
                         net (fo=0)                   0.000     0.000    ap_clk_0
    W5                   IBUF (Prop_ibuf_I_O)         0.414     0.414 r  ap_clk_0_IBUF_inst/O
                         net (fo=1, routed)           0.685     1.099    ap_clk_0_IBUF
    BUFGCTRL_X0Y0        BUFG (Prop_bufg_I_O)         0.029     1.128 r  ap_clk_0_IBUF_BUFG_inst/O
                         net (fo=39, routed)          0.867     1.994    comb_lock_i/debouncer_1/U0/CLK_I
    SLICE_X2Y1           FDRE                                         r  comb_lock_i/debouncer_1/U0/sig_out_reg_reg[0]/C
                         clock pessimism             -0.502     1.492    
    SLICE_X2Y1           FDRE (Hold_fdre_C_D)         0.120     1.612    comb_lock_i/debouncer_1/U0/sig_out_reg_reg[0]
  -------------------------------------------------------------------
                         required time                         -1.612    
                         arrival time                           1.843    
  -------------------------------------------------------------------
                         slack                                  0.231    

Slack (MET) :             0.261ns  (arrival time - required time)
  Source:                 comb_lock_i/debouncer_1/U0/sig_cntrs_ary_reg[0][1]/C
                            (rising edge-triggered cell FDRE clocked by sys_clk_pin  {rise@0.000ns fall@5.000ns period=10.000ns})
  Destination:            comb_lock_i/debouncer_1/U0/sig_cntrs_ary_reg[0][1]/D
                            (rising edge-triggered cell FDRE clocked by sys_clk_pin  {rise@0.000ns fall@5.000ns period=10.000ns})
  Path Group:             sys_clk_pin
  Path Type:              Hold (Min at Fast Process Corner)
  Requirement:            0.000ns  (sys_clk_pin rise@0.000ns - sys_clk_pin rise@0.000ns)
  Data Path Delay:        0.366ns  (logic 0.251ns (68.528%)  route 0.115ns (31.472%))
  Logic Levels:           1  (CARRY4=1)
  Clock Path Skew:        0.000ns (DCD - SCD - CPR)
    Destination Clock Delay (DCD):    1.994ns
    Source Clock Delay      (SCD):    1.479ns
    Clock Pessimism Removal (CPR):    0.515ns

    Location             Delay type                Incr(ns)  Path(ns)    Netlist Resource(s)
  -------------------------------------------------------------------    -------------------
                         (clock sys_clk_pin rise edge)
                                                      0.000     0.000 r  
    W5                                                0.000     0.000 r  ap_clk_0 (IN)
                         net (fo=0)                   0.000     0.000    ap_clk_0
    W5                   IBUF (Prop_ibuf_I_O)         0.226     0.226 r  ap_clk_0_IBUF_inst/O
                         net (fo=1, routed)           0.631     0.858    ap_clk_0_IBUF
    BUFGCTRL_X0Y0        BUFG (Prop_bufg_I_O)         0.026     0.884 r  ap_clk_0_IBUF_BUFG_inst/O
                         net (fo=39, routed)          0.596     1.479    comb_lock_i/debouncer_1/U0/CLK_I
    SLICE_X3Y0           FDRE                                         r  comb_lock_i/debouncer_1/U0/sig_cntrs_ary_reg[0][1]/C
  -------------------------------------------------------------------    -------------------
    SLICE_X3Y0           FDRE (Prop_fdre_C_Q)         0.141     1.620 r  comb_lock_i/debouncer_1/U0/sig_cntrs_ary_reg[0][1]/Q
                         net (fo=2, routed)           0.115     1.735    comb_lock_i/debouncer_1/U0/sig_cntrs_ary_reg[0]_0[1]
    SLICE_X3Y0           CARRY4 (Prop_carry4_S[1]_O[1])
                                                      0.110     1.845 r  comb_lock_i/debouncer_1/U0/sig_cntrs_ary_reg[0][0]_i_2/O[1]
                         net (fo=1, routed)           0.000     1.845    comb_lock_i/debouncer_1/U0/sig_cntrs_ary_reg[0][0]_i_2_n_6
    SLICE_X3Y0           FDRE                                         r  comb_lock_i/debouncer_1/U0/sig_cntrs_ary_reg[0][1]/D
  -------------------------------------------------------------------    -------------------

                         (clock sys_clk_pin rise edge)
                                                      0.000     0.000 r  
    W5                                                0.000     0.000 r  ap_clk_0 (IN)
                         net (fo=0)                   0.000     0.000    ap_clk_0
    W5                   IBUF (Prop_ibuf_I_O)         0.414     0.414 r  ap_clk_0_IBUF_inst/O
                         net (fo=1, routed)           0.685     1.099    ap_clk_0_IBUF
    BUFGCTRL_X0Y0        BUFG (Prop_bufg_I_O)         0.029     1.128 r  ap_clk_0_IBUF_BUFG_inst/O
                         net (fo=39, routed)          0.867     1.994    comb_lock_i/debouncer_1/U0/CLK_I
    SLICE_X3Y0           FDRE                                         r  comb_lock_i/debouncer_1/U0/sig_cntrs_ary_reg[0][1]/C
                         clock pessimism             -0.515     1.479    
    SLICE_X3Y0           FDRE (Hold_fdre_C_D)         0.105     1.584    comb_lock_i/debouncer_1/U0/sig_cntrs_ary_reg[0][1]
  -------------------------------------------------------------------
                         required time                         -1.584    
                         arrival time                           1.845    
  -------------------------------------------------------------------
                         slack                                  0.261    

Slack (MET) :             0.261ns  (arrival time - required time)
  Source:                 comb_lock_i/debouncer_1/U0/sig_cntrs_ary_reg[0][2]/C
                            (rising edge-triggered cell FDRE clocked by sys_clk_pin  {rise@0.000ns fall@5.000ns period=10.000ns})
  Destination:            comb_lock_i/debouncer_1/U0/sig_cntrs_ary_reg[0][2]/D
                            (rising edge-triggered cell FDRE clocked by sys_clk_pin  {rise@0.000ns fall@5.000ns period=10.000ns})
  Path Group:             sys_clk_pin
  Path Type:              Hold (Min at Fast Process Corner)
  Requirement:            0.000ns  (sys_clk_pin rise@0.000ns - sys_clk_pin rise@0.000ns)
  Data Path Delay:        0.366ns  (logic 0.252ns (68.801%)  route 0.114ns (31.199%))
  Logic Levels:           1  (CARRY4=1)
  Clock Path Skew:        0.000ns (DCD - SCD - CPR)
    Destination Clock Delay (DCD):    1.994ns
    Source Clock Delay      (SCD):    1.479ns
    Clock Pessimism Removal (CPR):    0.515ns

    Location             Delay type                Incr(ns)  Path(ns)    Netlist Resource(s)
  -------------------------------------------------------------------    -------------------
                         (clock sys_clk_pin rise edge)
                                                      0.000     0.000 r  
    W5                                                0.000     0.000 r  ap_clk_0 (IN)
                         net (fo=0)                   0.000     0.000    ap_clk_0
    W5                   IBUF (Prop_ibuf_I_O)         0.226     0.226 r  ap_clk_0_IBUF_inst/O
                         net (fo=1, routed)           0.631     0.858    ap_clk_0_IBUF
    BUFGCTRL_X0Y0        BUFG (Prop_bufg_I_O)         0.026     0.884 r  ap_clk_0_IBUF_BUFG_inst/O
                         net (fo=39, routed)          0.596     1.479    comb_lock_i/debouncer_1/U0/CLK_I
    SLICE_X3Y0           FDRE                                         r  comb_lock_i/debouncer_1/U0/sig_cntrs_ary_reg[0][2]/C
  -------------------------------------------------------------------    -------------------
    SLICE_X3Y0           FDRE (Prop_fdre_C_Q)         0.141     1.620 r  comb_lock_i/debouncer_1/U0/sig_cntrs_ary_reg[0][2]/Q
                         net (fo=2, routed)           0.114     1.734    comb_lock_i/debouncer_1/U0/sig_cntrs_ary_reg[0]_0[2]
    SLICE_X3Y0           CARRY4 (Prop_carry4_S[2]_O[2])
                                                      0.111     1.845 r  comb_lock_i/debouncer_1/U0/sig_cntrs_ary_reg[0][0]_i_2/O[2]
                         net (fo=1, routed)           0.000     1.845    comb_lock_i/debouncer_1/U0/sig_cntrs_ary_reg[0][0]_i_2_n_5
    SLICE_X3Y0           FDRE                                         r  comb_lock_i/debouncer_1/U0/sig_cntrs_ary_reg[0][2]/D
  -------------------------------------------------------------------    -------------------

                         (clock sys_clk_pin rise edge)
                                                      0.000     0.000 r  
    W5                                                0.000     0.000 r  ap_clk_0 (IN)
                         net (fo=0)                   0.000     0.000    ap_clk_0
    W5                   IBUF (Prop_ibuf_I_O)         0.414     0.414 r  ap_clk_0_IBUF_inst/O
                         net (fo=1, routed)           0.685     1.099    ap_clk_0_IBUF
    BUFGCTRL_X0Y0        BUFG (Prop_bufg_I_O)         0.029     1.128 r  ap_clk_0_IBUF_BUFG_inst/O
                         net (fo=39, routed)          0.867     1.994    comb_lock_i/debouncer_1/U0/CLK_I
    SLICE_X3Y0           FDRE                                         r  comb_lock_i/debouncer_1/U0/sig_cntrs_ary_reg[0][2]/C
                         clock pessimism             -0.515     1.479    
    SLICE_X3Y0           FDRE (Hold_fdre_C_D)         0.105     1.584    comb_lock_i/debouncer_1/U0/sig_cntrs_ary_reg[0][2]
  -------------------------------------------------------------------
                         required time                         -1.584    
                         arrival time                           1.845    
  -------------------------------------------------------------------
                         slack                                  0.261    

Slack (MET) :             0.263ns  (arrival time - required time)
  Source:                 comb_lock_i/debouncer_0/U0/sig_cntrs_ary_reg[0][11]/C
                            (rising edge-triggered cell FDRE clocked by sys_clk_pin  {rise@0.000ns fall@5.000ns period=10.000ns})
  Destination:            comb_lock_i/debouncer_0/U0/sig_cntrs_ary_reg[0][11]/D
                            (rising edge-triggered cell FDRE clocked by sys_clk_pin  {rise@0.000ns fall@5.000ns period=10.000ns})
  Path Group:             sys_clk_pin
  Path Type:              Hold (Min at Fast Process Corner)
  Requirement:            0.000ns  (sys_clk_pin rise@0.000ns - sys_clk_pin rise@0.000ns)
  Data Path Delay:        0.368ns  (logic 0.249ns (67.612%)  route 0.119ns (32.388%))
  Logic Levels:           1  (CARRY4=1)
  Clock Path Skew:        0.000ns (DCD - SCD - CPR)
    Destination Clock Delay (DCD):    1.993ns
    Source Clock Delay      (SCD):    1.478ns
    Clock Pessimism Removal (CPR):    0.515ns

    Location             Delay type                Incr(ns)  Path(ns)    Netlist Resource(s)
  -------------------------------------------------------------------    -------------------
                         (clock sys_clk_pin rise edge)
                                                      0.000     0.000 r  
    W5                                                0.000     0.000 r  ap_clk_0 (IN)
                         net (fo=0)                   0.000     0.000    ap_clk_0
    W5                   IBUF (Prop_ibuf_I_O)         0.226     0.226 r  ap_clk_0_IBUF_inst/O
                         net (fo=1, routed)           0.631     0.858    ap_clk_0_IBUF
    BUFGCTRL_X0Y0        BUFG (Prop_bufg_I_O)         0.026     0.884 r  ap_clk_0_IBUF_BUFG_inst/O
                         net (fo=39, routed)          0.595     1.478    comb_lock_i/debouncer_0/U0/CLK_I
    SLICE_X1Y6           FDRE                                         r  comb_lock_i/debouncer_0/U0/sig_cntrs_ary_reg[0][11]/C
  -------------------------------------------------------------------    -------------------
    SLICE_X1Y6           FDRE (Prop_fdre_C_Q)         0.141     1.619 r  comb_lock_i/debouncer_0/U0/sig_cntrs_ary_reg[0][11]/Q
                         net (fo=2, routed)           0.119     1.738    comb_lock_i/debouncer_0/U0/sig_cntrs_ary_reg[0]_0[11]
    SLICE_X1Y6           CARRY4 (Prop_carry4_S[3]_O[3])
                                                      0.108     1.846 r  comb_lock_i/debouncer_0/U0/sig_cntrs_ary_reg[0][8]_i_1/O[3]
                         net (fo=1, routed)           0.000     1.846    comb_lock_i/debouncer_0/U0/sig_cntrs_ary_reg[0][8]_i_1_n_4
    SLICE_X1Y6           FDRE                                         r  comb_lock_i/debouncer_0/U0/sig_cntrs_ary_reg[0][11]/D
  -------------------------------------------------------------------    -------------------

                         (clock sys_clk_pin rise edge)
                                                      0.000     0.000 r  
    W5                                                0.000     0.000 r  ap_clk_0 (IN)
                         net (fo=0)                   0.000     0.000    ap_clk_0
    W5                   IBUF (Prop_ibuf_I_O)         0.414     0.414 r  ap_clk_0_IBUF_inst/O
                         net (fo=1, routed)           0.685     1.099    ap_clk_0_IBUF
    BUFGCTRL_X0Y0        BUFG (Prop_bufg_I_O)         0.029     1.128 r  ap_clk_0_IBUF_BUFG_inst/O
                         net (fo=39, routed)          0.866     1.993    comb_lock_i/debouncer_0/U0/CLK_I
    SLICE_X1Y6           FDRE                                         r  comb_lock_i/debouncer_0/U0/sig_cntrs_ary_reg[0][11]/C
                         clock pessimism             -0.515     1.478    
    SLICE_X1Y6           FDRE (Hold_fdre_C_D)         0.105     1.583    comb_lock_i/debouncer_0/U0/sig_cntrs_ary_reg[0][11]
  -------------------------------------------------------------------
                         required time                         -1.583    
                         arrival time                           1.846    
  -------------------------------------------------------------------
                         slack                                  0.263    

Slack (MET) :             0.263ns  (arrival time - required time)
  Source:                 comb_lock_i/debouncer_0/U0/sig_cntrs_ary_reg[0][15]/C
                            (rising edge-triggered cell FDRE clocked by sys_clk_pin  {rise@0.000ns fall@5.000ns period=10.000ns})
  Destination:            comb_lock_i/debouncer_0/U0/sig_cntrs_ary_reg[0][15]/D
                            (rising edge-triggered cell FDRE clocked by sys_clk_pin  {rise@0.000ns fall@5.000ns period=10.000ns})
  Path Group:             sys_clk_pin
  Path Type:              Hold (Min at Fast Process Corner)
  Requirement:            0.000ns  (sys_clk_pin rise@0.000ns - sys_clk_pin rise@0.000ns)
  Data Path Delay:        0.368ns  (logic 0.249ns (67.612%)  route 0.119ns (32.388%))
  Logic Levels:           1  (CARRY4=1)
  Clock Path Skew:        0.000ns (DCD - SCD - CPR)
    Destination Clock Delay (DCD):    1.992ns
    Source Clock Delay      (SCD):    1.477ns
    Clock Pessimism Removal (CPR):    0.515ns

    Location             Delay type                Incr(ns)  Path(ns)    Netlist Resource(s)
  -------------------------------------------------------------------    -------------------
                         (clock sys_clk_pin rise edge)
                                                      0.000     0.000 r  
    W5                                                0.000     0.000 r  ap_clk_0 (IN)
                         net (fo=0)                   0.000     0.000    ap_clk_0
    W5                   IBUF (Prop_ibuf_I_O)         0.226     0.226 r  ap_clk_0_IBUF_inst/O
                         net (fo=1, routed)           0.631     0.858    ap_clk_0_IBUF
    BUFGCTRL_X0Y0        BUFG (Prop_bufg_I_O)         0.026     0.884 r  ap_clk_0_IBUF_BUFG_inst/O
                         net (fo=39, routed)          0.594     1.477    comb_lock_i/debouncer_0/U0/CLK_I
    SLICE_X1Y7           FDRE                                         r  comb_lock_i/debouncer_0/U0/sig_cntrs_ary_reg[0][15]/C
  -------------------------------------------------------------------    -------------------
    SLICE_X1Y7           FDRE (Prop_fdre_C_Q)         0.141     1.618 r  comb_lock_i/debouncer_0/U0/sig_cntrs_ary_reg[0][15]/Q
                         net (fo=2, routed)           0.119     1.737    comb_lock_i/debouncer_0/U0/sig_cntrs_ary_reg[0]_0[15]
    SLICE_X1Y7           CARRY4 (Prop_carry4_S[3]_O[3])
                                                      0.108     1.845 r  comb_lock_i/debouncer_0/U0/sig_cntrs_ary_reg[0][12]_i_1/O[3]
                         net (fo=1, routed)           0.000     1.845    comb_lock_i/debouncer_0/U0/sig_cntrs_ary_reg[0][12]_i_1_n_4
    SLICE_X1Y7           FDRE                                         r  comb_lock_i/debouncer_0/U0/sig_cntrs_ary_reg[0][15]/D
  -------------------------------------------------------------------    -------------------

                         (clock sys_clk_pin rise edge)
                                                      0.000     0.000 r  
    W5                                                0.000     0.000 r  ap_clk_0 (IN)
                         net (fo=0)                   0.000     0.000    ap_clk_0
    W5                   IBUF (Prop_ibuf_I_O)         0.414     0.414 r  ap_clk_0_IBUF_inst/O
                         net (fo=1, routed)           0.685     1.099    ap_clk_0_IBUF
    BUFGCTRL_X0Y0        BUFG (Prop_bufg_I_O)         0.029     1.128 r  ap_clk_0_IBUF_BUFG_inst/O
                         net (fo=39, routed)          0.865     1.992    comb_lock_i/debouncer_0/U0/CLK_I
    SLICE_X1Y7           FDRE                                         r  comb_lock_i/debouncer_0/U0/sig_cntrs_ary_reg[0][15]/C
                         clock pessimism             -0.515     1.477    
    SLICE_X1Y7           FDRE (Hold_fdre_C_D)         0.105     1.582    comb_lock_i/debouncer_0/U0/sig_cntrs_ary_reg[0][15]
  -------------------------------------------------------------------
                         required time                         -1.582    
                         arrival time                           1.845    
  -------------------------------------------------------------------
                         slack                                  0.263    

Slack (MET) :             0.263ns  (arrival time - required time)
  Source:                 comb_lock_i/debouncer_0/U0/sig_cntrs_ary_reg[0][3]/C
                            (rising edge-triggered cell FDRE clocked by sys_clk_pin  {rise@0.000ns fall@5.000ns period=10.000ns})
  Destination:            comb_lock_i/debouncer_0/U0/sig_cntrs_ary_reg[0][3]/D
                            (rising edge-triggered cell FDRE clocked by sys_clk_pin  {rise@0.000ns fall@5.000ns period=10.000ns})
  Path Group:             sys_clk_pin
  Path Type:              Hold (Min at Fast Process Corner)
  Requirement:            0.000ns  (sys_clk_pin rise@0.000ns - sys_clk_pin rise@0.000ns)
  Data Path Delay:        0.368ns  (logic 0.249ns (67.612%)  route 0.119ns (32.388%))
  Logic Levels:           1  (CARRY4=1)
  Clock Path Skew:        0.000ns (DCD - SCD - CPR)
    Destination Clock Delay (DCD):    1.993ns
    Source Clock Delay      (SCD):    1.478ns
    Clock Pessimism Removal (CPR):    0.515ns

    Location             Delay type                Incr(ns)  Path(ns)    Netlist Resource(s)
  -------------------------------------------------------------------    -------------------
                         (clock sys_clk_pin rise edge)
                                                      0.000     0.000 r  
    W5                                                0.000     0.000 r  ap_clk_0 (IN)
                         net (fo=0)                   0.000     0.000    ap_clk_0
    W5                   IBUF (Prop_ibuf_I_O)         0.226     0.226 r  ap_clk_0_IBUF_inst/O
                         net (fo=1, routed)           0.631     0.858    ap_clk_0_IBUF
    BUFGCTRL_X0Y0        BUFG (Prop_bufg_I_O)         0.026     0.884 r  ap_clk_0_IBUF_BUFG_inst/O
                         net (fo=39, routed)          0.595     1.478    comb_lock_i/debouncer_0/U0/CLK_I
    SLICE_X1Y4           FDRE                                         r  comb_lock_i/debouncer_0/U0/sig_cntrs_ary_reg[0][3]/C
  -------------------------------------------------------------------    -------------------
    SLICE_X1Y4           FDRE (Prop_fdre_C_Q)         0.141     1.619 r  comb_lock_i/debouncer_0/U0/sig_cntrs_ary_reg[0][3]/Q
                         net (fo=2, routed)           0.119     1.738    comb_lock_i/debouncer_0/U0/sig_cntrs_ary_reg[0]_0[3]
    SLICE_X1Y4           CARRY4 (Prop_carry4_S[3]_O[3])
                                                      0.108     1.846 r  comb_lock_i/debouncer_0/U0/sig_cntrs_ary_reg[0][0]_i_2/O[3]
                         net (fo=1, routed)           0.000     1.846    comb_lock_i/debouncer_0/U0/sig_cntrs_ary_reg[0][0]_i_2_n_4
    SLICE_X1Y4           FDRE                                         r  comb_lock_i/debouncer_0/U0/sig_cntrs_ary_reg[0][3]/D
  -------------------------------------------------------------------    -------------------

                         (clock sys_clk_pin rise edge)
                                                      0.000     0.000 r  
    W5                                                0.000     0.000 r  ap_clk_0 (IN)
                         net (fo=0)                   0.000     0.000    ap_clk_0
    W5                   IBUF (Prop_ibuf_I_O)         0.414     0.414 r  ap_clk_0_IBUF_inst/O
                         net (fo=1, routed)           0.685     1.099    ap_clk_0_IBUF
    BUFGCTRL_X0Y0        BUFG (Prop_bufg_I_O)         0.029     1.128 r  ap_clk_0_IBUF_BUFG_inst/O
                         net (fo=39, routed)          0.866     1.993    comb_lock_i/debouncer_0/U0/CLK_I
    SLICE_X1Y4           FDRE                                         r  comb_lock_i/debouncer_0/U0/sig_cntrs_ary_reg[0][3]/C
                         clock pessimism             -0.515     1.478    
    SLICE_X1Y4           FDRE (Hold_fdre_C_D)         0.105     1.583    comb_lock_i/debouncer_0/U0/sig_cntrs_ary_reg[0][3]
  -------------------------------------------------------------------
                         required time                         -1.583    
                         arrival time                           1.846    
  -------------------------------------------------------------------
                         slack                                  0.263    

Slack (MET) :             0.263ns  (arrival time - required time)
  Source:                 comb_lock_i/debouncer_0/U0/sig_cntrs_ary_reg[0][7]/C
                            (rising edge-triggered cell FDRE clocked by sys_clk_pin  {rise@0.000ns fall@5.000ns period=10.000ns})
  Destination:            comb_lock_i/debouncer_0/U0/sig_cntrs_ary_reg[0][7]/D
                            (rising edge-triggered cell FDRE clocked by sys_clk_pin  {rise@0.000ns fall@5.000ns period=10.000ns})
  Path Group:             sys_clk_pin
  Path Type:              Hold (Min at Fast Process Corner)
  Requirement:            0.000ns  (sys_clk_pin rise@0.000ns - sys_clk_pin rise@0.000ns)
  Data Path Delay:        0.368ns  (logic 0.249ns (67.612%)  route 0.119ns (32.388%))
  Logic Levels:           1  (CARRY4=1)
  Clock Path Skew:        0.000ns (DCD - SCD - CPR)
    Destination Clock Delay (DCD):    1.993ns
    Source Clock Delay      (SCD):    1.478ns
    Clock Pessimism Removal (CPR):    0.515ns

    Location             Delay type                Incr(ns)  Path(ns)    Netlist Resource(s)
  -------------------------------------------------------------------    -------------------
                         (clock sys_clk_pin rise edge)
                                                      0.000     0.000 r  
    W5                                                0.000     0.000 r  ap_clk_0 (IN)
                         net (fo=0)                   0.000     0.000    ap_clk_0
    W5                   IBUF (Prop_ibuf_I_O)         0.226     0.226 r  ap_clk_0_IBUF_inst/O
                         net (fo=1, routed)           0.631     0.858    ap_clk_0_IBUF
    BUFGCTRL_X0Y0        BUFG (Prop_bufg_I_O)         0.026     0.884 r  ap_clk_0_IBUF_BUFG_inst/O
                         net (fo=39, routed)          0.595     1.478    comb_lock_i/debouncer_0/U0/CLK_I
    SLICE_X1Y5           FDRE                                         r  comb_lock_i/debouncer_0/U0/sig_cntrs_ary_reg[0][7]/C
  -------------------------------------------------------------------    -------------------
    SLICE_X1Y5           FDRE (Prop_fdre_C_Q)         0.141     1.619 r  comb_lock_i/debouncer_0/U0/sig_cntrs_ary_reg[0][7]/Q
                         net (fo=2, routed)           0.119     1.738    comb_lock_i/debouncer_0/U0/sig_cntrs_ary_reg[0]_0[7]
    SLICE_X1Y5           CARRY4 (Prop_carry4_S[3]_O[3])
                                                      0.108     1.846 r  comb_lock_i/debouncer_0/U0/sig_cntrs_ary_reg[0][4]_i_1/O[3]
                         net (fo=1, routed)           0.000     1.846    comb_lock_i/debouncer_0/U0/sig_cntrs_ary_reg[0][4]_i_1_n_4
    SLICE_X1Y5           FDRE                                         r  comb_lock_i/debouncer_0/U0/sig_cntrs_ary_reg[0][7]/D
  -------------------------------------------------------------------    -------------------

                         (clock sys_clk_pin rise edge)
                                                      0.000     0.000 r  
    W5                                                0.000     0.000 r  ap_clk_0 (IN)
                         net (fo=0)                   0.000     0.000    ap_clk_0
    W5                   IBUF (Prop_ibuf_I_O)         0.414     0.414 r  ap_clk_0_IBUF_inst/O
                         net (fo=1, routed)           0.685     1.099    ap_clk_0_IBUF
    BUFGCTRL_X0Y0        BUFG (Prop_bufg_I_O)         0.029     1.128 r  ap_clk_0_IBUF_BUFG_inst/O
                         net (fo=39, routed)          0.866     1.993    comb_lock_i/debouncer_0/U0/CLK_I
    SLICE_X1Y5           FDRE                                         r  comb_lock_i/debouncer_0/U0/sig_cntrs_ary_reg[0][7]/C
                         clock pessimism             -0.515     1.478    
    SLICE_X1Y5           FDRE (Hold_fdre_C_D)         0.105     1.583    comb_lock_i/debouncer_0/U0/sig_cntrs_ary_reg[0][7]
  -------------------------------------------------------------------
                         required time                         -1.583    
                         arrival time                           1.846    
  -------------------------------------------------------------------
                         slack                                  0.263    

Slack (MET) :             0.263ns  (arrival time - required time)
  Source:                 comb_lock_i/debouncer_1/U0/sig_cntrs_ary_reg[0][11]/C
                            (rising edge-triggered cell FDRE clocked by sys_clk_pin  {rise@0.000ns fall@5.000ns period=10.000ns})
  Destination:            comb_lock_i/debouncer_1/U0/sig_cntrs_ary_reg[0][11]/D
                            (rising edge-triggered cell FDRE clocked by sys_clk_pin  {rise@0.000ns fall@5.000ns period=10.000ns})
  Path Group:             sys_clk_pin
  Path Type:              Hold (Min at Fast Process Corner)
  Requirement:            0.000ns  (sys_clk_pin rise@0.000ns - sys_clk_pin rise@0.000ns)
  Data Path Delay:        0.368ns  (logic 0.249ns (67.612%)  route 0.119ns (32.388%))
  Logic Levels:           1  (CARRY4=1)
  Clock Path Skew:        0.000ns (DCD - SCD - CPR)
    Destination Clock Delay (DCD):    1.994ns
    Source Clock Delay      (SCD):    1.479ns
    Clock Pessimism Removal (CPR):    0.515ns

    Location             Delay type                Incr(ns)  Path(ns)    Netlist Resource(s)
  -------------------------------------------------------------------    -------------------
                         (clock sys_clk_pin rise edge)
                                                      0.000     0.000 r  
    W5                                                0.000     0.000 r  ap_clk_0 (IN)
                         net (fo=0)                   0.000     0.000    ap_clk_0
    W5                   IBUF (Prop_ibuf_I_O)         0.226     0.226 r  ap_clk_0_IBUF_inst/O
                         net (fo=1, routed)           0.631     0.858    ap_clk_0_IBUF
    BUFGCTRL_X0Y0        BUFG (Prop_bufg_I_O)         0.026     0.884 r  ap_clk_0_IBUF_BUFG_inst/O
                         net (fo=39, routed)          0.596     1.479    comb_lock_i/debouncer_1/U0/CLK_I
    SLICE_X3Y2           FDRE                                         r  comb_lock_i/debouncer_1/U0/sig_cntrs_ary_reg[0][11]/C
  -------------------------------------------------------------------    -------------------
    SLICE_X3Y2           FDRE (Prop_fdre_C_Q)         0.141     1.620 r  comb_lock_i/debouncer_1/U0/sig_cntrs_ary_reg[0][11]/Q
                         net (fo=2, routed)           0.119     1.739    comb_lock_i/debouncer_1/U0/sig_cntrs_ary_reg[0]_0[11]
    SLICE_X3Y2           CARRY4 (Prop_carry4_S[3]_O[3])
                                                      0.108     1.847 r  comb_lock_i/debouncer_1/U0/sig_cntrs_ary_reg[0][8]_i_1/O[3]
                         net (fo=1, routed)           0.000     1.847    comb_lock_i/debouncer_1/U0/sig_cntrs_ary_reg[0][8]_i_1_n_4
    SLICE_X3Y2           FDRE                                         r  comb_lock_i/debouncer_1/U0/sig_cntrs_ary_reg[0][11]/D
  -------------------------------------------------------------------    -------------------

                         (clock sys_clk_pin rise edge)
                                                      0.000     0.000 r  
    W5                                                0.000     0.000 r  ap_clk_0 (IN)
                         net (fo=0)                   0.000     0.000    ap_clk_0
    W5                   IBUF (Prop_ibuf_I_O)         0.414     0.414 r  ap_clk_0_IBUF_inst/O
                         net (fo=1, routed)           0.685     1.099    ap_clk_0_IBUF
    BUFGCTRL_X0Y0        BUFG (Prop_bufg_I_O)         0.029     1.128 r  ap_clk_0_IBUF_BUFG_inst/O
                         net (fo=39, routed)          0.867     1.994    comb_lock_i/debouncer_1/U0/CLK_I
    SLICE_X3Y2           FDRE                                         r  comb_lock_i/debouncer_1/U0/sig_cntrs_ary_reg[0][11]/C
                         clock pessimism             -0.515     1.479    
    SLICE_X3Y2           FDRE (Hold_fdre_C_D)         0.105     1.584    comb_lock_i/debouncer_1/U0/sig_cntrs_ary_reg[0][11]
  -------------------------------------------------------------------
                         required time                         -1.584    
                         arrival time                           1.847    
  -------------------------------------------------------------------
                         slack                                  0.263    

Slack (MET) :             0.263ns  (arrival time - required time)
  Source:                 comb_lock_i/debouncer_1/U0/sig_cntrs_ary_reg[0][15]/C
                            (rising edge-triggered cell FDRE clocked by sys_clk_pin  {rise@0.000ns fall@5.000ns period=10.000ns})
  Destination:            comb_lock_i/debouncer_1/U0/sig_cntrs_ary_reg[0][15]/D
                            (rising edge-triggered cell FDRE clocked by sys_clk_pin  {rise@0.000ns fall@5.000ns period=10.000ns})
  Path Group:             sys_clk_pin
  Path Type:              Hold (Min at Fast Process Corner)
  Requirement:            0.000ns  (sys_clk_pin rise@0.000ns - sys_clk_pin rise@0.000ns)
  Data Path Delay:        0.368ns  (logic 0.249ns (67.612%)  route 0.119ns (32.388%))
  Logic Levels:           1  (CARRY4=1)
  Clock Path Skew:        0.000ns (DCD - SCD - CPR)
    Destination Clock Delay (DCD):    1.993ns
    Source Clock Delay      (SCD):    1.478ns
    Clock Pessimism Removal (CPR):    0.515ns

    Location             Delay type                Incr(ns)  Path(ns)    Netlist Resource(s)
  -------------------------------------------------------------------    -------------------
                         (clock sys_clk_pin rise edge)
                                                      0.000     0.000 r  
    W5                                                0.000     0.000 r  ap_clk_0 (IN)
                         net (fo=0)                   0.000     0.000    ap_clk_0
    W5                   IBUF (Prop_ibuf_I_O)         0.226     0.226 r  ap_clk_0_IBUF_inst/O
                         net (fo=1, routed)           0.631     0.858    ap_clk_0_IBUF
    BUFGCTRL_X0Y0        BUFG (Prop_bufg_I_O)         0.026     0.884 r  ap_clk_0_IBUF_BUFG_inst/O
                         net (fo=39, routed)          0.595     1.478    comb_lock_i/debouncer_1/U0/CLK_I
    SLICE_X3Y3           FDRE                                         r  comb_lock_i/debouncer_1/U0/sig_cntrs_ary_reg[0][15]/C
  -------------------------------------------------------------------    -------------------
    SLICE_X3Y3           FDRE (Prop_fdre_C_Q)         0.141     1.619 r  comb_lock_i/debouncer_1/U0/sig_cntrs_ary_reg[0][15]/Q
                         net (fo=2, routed)           0.119     1.738    comb_lock_i/debouncer_1/U0/sig_cntrs_ary_reg[0]_0[15]
    SLICE_X3Y3           CARRY4 (Prop_carry4_S[3]_O[3])
                                                      0.108     1.846 r  comb_lock_i/debouncer_1/U0/sig_cntrs_ary_reg[0][12]_i_1/O[3]
                         net (fo=1, routed)           0.000     1.846    comb_lock_i/debouncer_1/U0/sig_cntrs_ary_reg[0][12]_i_1_n_4
    SLICE_X3Y3           FDRE                                         r  comb_lock_i/debouncer_1/U0/sig_cntrs_ary_reg[0][15]/D
  -------------------------------------------------------------------    -------------------

                         (clock sys_clk_pin rise edge)
                                                      0.000     0.000 r  
    W5                                                0.000     0.000 r  ap_clk_0 (IN)
                         net (fo=0)                   0.000     0.000    ap_clk_0
    W5                   IBUF (Prop_ibuf_I_O)         0.414     0.414 r  ap_clk_0_IBUF_inst/O
                         net (fo=1, routed)           0.685     1.099    ap_clk_0_IBUF
    BUFGCTRL_X0Y0        BUFG (Prop_bufg_I_O)         0.029     1.128 r  ap_clk_0_IBUF_BUFG_inst/O
                         net (fo=39, routed)          0.866     1.993    comb_lock_i/debouncer_1/U0/CLK_I
    SLICE_X3Y3           FDRE                                         r  comb_lock_i/debouncer_1/U0/sig_cntrs_ary_reg[0][15]/C
                         clock pessimism             -0.515     1.478    
    SLICE_X3Y3           FDRE (Hold_fdre_C_D)         0.105     1.583    comb_lock_i/debouncer_1/U0/sig_cntrs_ary_reg[0][15]
  -------------------------------------------------------------------
                         required time                         -1.583    
                         arrival time                           1.846    
  -------------------------------------------------------------------
                         slack                                  0.263    





Pulse Width Checks
--------------------------------------------------------------------------------------
Clock Name:         sys_clk_pin
Waveform(ns):       { 0.000 5.000 }
Period(ns):         10.000
Sources:            { ap_clk_0 }

Check Type        Corner  Lib Pin  Reference Pin  Required(ns)  Actual(ns)  Slack(ns)  Location       Pin
Min Period        n/a     BUFG/I   n/a            2.155         10.000      7.845      BUFGCTRL_X0Y0  ap_clk_0_IBUF_BUFG_inst/I
Min Period        n/a     FDRE/C   n/a            1.000         10.000      9.000      SLICE_X0Y3     comb_lock_i/combination_lock_0/inst/state_reg[0]/C
Min Period        n/a     FDRE/C   n/a            1.000         10.000      9.000      SLICE_X0Y3     comb_lock_i/combination_lock_0/inst/state_reg[1]/C
Min Period        n/a     FDRE/C   n/a            1.000         10.000      9.000      SLICE_X0Y3     comb_lock_i/combination_lock_0/inst/state_reg[2]/C
Min Period        n/a     FDRE/C   n/a            1.000         10.000      9.000      SLICE_X1Y4     comb_lock_i/debouncer_0/U0/sig_cntrs_ary_reg[0][0]/C
Min Period        n/a     FDRE/C   n/a            1.000         10.000      9.000      SLICE_X1Y6     comb_lock_i/debouncer_0/U0/sig_cntrs_ary_reg[0][10]/C
Min Period        n/a     FDRE/C   n/a            1.000         10.000      9.000      SLICE_X1Y6     comb_lock_i/debouncer_0/U0/sig_cntrs_ary_reg[0][11]/C
Min Period        n/a     FDRE/C   n/a            1.000         10.000      9.000      SLICE_X1Y7     comb_lock_i/debouncer_0/U0/sig_cntrs_ary_reg[0][12]/C
Min Period        n/a     FDRE/C   n/a            1.000         10.000      9.000      SLICE_X1Y7     comb_lock_i/debouncer_0/U0/sig_cntrs_ary_reg[0][13]/C
Min Period        n/a     FDRE/C   n/a            1.000         10.000      9.000      SLICE_X1Y7     comb_lock_i/debouncer_0/U0/sig_cntrs_ary_reg[0][14]/C
Low Pulse Width   Slow    FDRE/C   n/a            0.500         5.000       4.500      SLICE_X0Y3     comb_lock_i/combination_lock_0/inst/state_reg[0]/C
Low Pulse Width   Fast    FDRE/C   n/a            0.500         5.000       4.500      SLICE_X0Y3     comb_lock_i/combination_lock_0/inst/state_reg[0]/C
Low Pulse Width   Slow    FDRE/C   n/a            0.500         5.000       4.500      SLICE_X0Y3     comb_lock_i/combination_lock_0/inst/state_reg[1]/C
Low Pulse Width   Fast    FDRE/C   n/a            0.500         5.000       4.500      SLICE_X0Y3     comb_lock_i/combination_lock_0/inst/state_reg[1]/C
Low Pulse Width   Slow    FDRE/C   n/a            0.500         5.000       4.500      SLICE_X0Y3     comb_lock_i/combination_lock_0/inst/state_reg[2]/C
Low Pulse Width   Fast    FDRE/C   n/a            0.500         5.000       4.500      SLICE_X0Y3     comb_lock_i/combination_lock_0/inst/state_reg[2]/C
Low Pulse Width   Slow    FDRE/C   n/a            0.500         5.000       4.500      SLICE_X1Y4     comb_lock_i/debouncer_0/U0/sig_cntrs_ary_reg[0][0]/C
Low Pulse Width   Fast    FDRE/C   n/a            0.500         5.000       4.500      SLICE_X1Y4     comb_lock_i/debouncer_0/U0/sig_cntrs_ary_reg[0][0]/C
Low Pulse Width   Slow    FDRE/C   n/a            0.500         5.000       4.500      SLICE_X1Y6     comb_lock_i/debouncer_0/U0/sig_cntrs_ary_reg[0][10]/C
Low Pulse Width   Fast    FDRE/C   n/a            0.500         5.000       4.500      SLICE_X1Y6     comb_lock_i/debouncer_0/U0/sig_cntrs_ary_reg[0][10]/C
High Pulse Width  Slow    FDRE/C   n/a            0.500         5.000       4.500      SLICE_X0Y3     comb_lock_i/combination_lock_0/inst/state_reg[0]/C
High Pulse Width  Fast    FDRE/C   n/a            0.500         5.000       4.500      SLICE_X0Y3     comb_lock_i/combination_lock_0/inst/state_reg[0]/C
High Pulse Width  Slow    FDRE/C   n/a            0.500         5.000       4.500      SLICE_X0Y3     comb_lock_i/combination_lock_0/inst/state_reg[1]/C
High Pulse Width  Fast    FDRE/C   n/a            0.500         5.000       4.500      SLICE_X0Y3     comb_lock_i/combination_lock_0/inst/state_reg[1]/C
High Pulse Width  Slow    FDRE/C   n/a            0.500         5.000       4.500      SLICE_X0Y3     comb_lock_i/combination_lock_0/inst/state_reg[2]/C
High Pulse Width  Fast    FDRE/C   n/a            0.500         5.000       4.500      SLICE_X0Y3     comb_lock_i/combination_lock_0/inst/state_reg[2]/C
High Pulse Width  Slow    FDRE/C   n/a            0.500         5.000       4.500      SLICE_X1Y4     comb_lock_i/debouncer_0/U0/sig_cntrs_ary_reg[0][0]/C
High Pulse Width  Fast    FDRE/C   n/a            0.500         5.000       4.500      SLICE_X1Y4     comb_lock_i/debouncer_0/U0/sig_cntrs_ary_reg[0][0]/C
High Pulse Width  Slow    FDRE/C   n/a            0.500         5.000       4.500      SLICE_X1Y6     comb_lock_i/debouncer_0/U0/sig_cntrs_ary_reg[0][10]/C
High Pulse Width  Fast    FDRE/C   n/a            0.500         5.000       4.500      SLICE_X1Y6     comb_lock_i/debouncer_0/U0/sig_cntrs_ary_reg[0][10]/C



--------------------------------------------------------------------------------------
Path Group:  (none)
From Clock:  
  To Clock:  

Max Delay             8 Endpoints
Min Delay             8 Endpoints
--------------------------------------------------------------------------------------


Max Delay Paths
--------------------------------------------------------------------------------------
Slack:                    inf
  Source:                 x[0]
                            (input port)
  Destination:            sev_seg_data[0]
                            (output port)
  Path Group:             (none)
  Path Type:              Max at Slow Process Corner
  Data Path Delay:        13.127ns  (logic 5.800ns (44.181%)  route 7.327ns (55.819%))
  Logic Levels:           5  (IBUF=1 LUT3=1 LUT4=1 LUT6=1 OBUF=1)

    Location             Delay type                Incr(ns)  Path(ns)    Netlist Resource(s)
  -------------------------------------------------------------------    -------------------
    V17                                               0.000     0.000 f  x[0] (IN)
                         net (fo=0)                   0.000     0.000    x[0]
    V17                  IBUF (Prop_ibuf_I_O)         1.453     1.453 f  x_IBUF[0]_inst/O
                         net (fo=4, routed)           1.582     3.035    comb_lock_i/combination_lock_0/inst/x[0]
    SLICE_X0Y4           LUT4 (Prop_lut4_I2_O)        0.152     3.187 f  comb_lock_i/combination_lock_0/inst/seven_segment_data[7]_INST_0_i_5/O
                         net (fo=1, routed)           0.728     3.915    comb_lock_i/combination_lock_0/inst/din3[1]
    SLICE_X0Y3           LUT6 (Prop_lut6_I5_O)        0.332     4.247 f  comb_lock_i/combination_lock_0/inst/seven_segment_data[7]_INST_0_i_2/O
                         net (fo=7, routed)           0.657     4.904    comb_lock_i/combination_lock_0/inst/dout_tmp[1]
    SLICE_X1Y3           LUT3 (Prop_lut3_I2_O)        0.150     5.054 r  comb_lock_i/combination_lock_0/inst/seven_segment_data[0]_INST_0/O
                         net (fo=2, routed)           4.360     9.414    sev_seg_data_OBUF[0]
    W7                   OBUF (Prop_obuf_I_O)         3.713    13.127 r  sev_seg_data_OBUF[0]_inst/O
                         net (fo=0)                   0.000    13.127    sev_seg_data[0]
    W7                                                                r  sev_seg_data[0] (OUT)
  -------------------------------------------------------------------    -------------------

Slack:                    inf
  Source:                 x[0]
                            (input port)
  Destination:            sev_seg_data[3]
                            (output port)
  Path Group:             (none)
  Path Type:              Max at Slow Process Corner
  Data Path Delay:        12.868ns  (logic 5.824ns (45.261%)  route 7.044ns (54.739%))
  Logic Levels:           5  (IBUF=1 LUT3=1 LUT4=1 LUT6=1 OBUF=1)

    Location             Delay type                Incr(ns)  Path(ns)    Netlist Resource(s)
  -------------------------------------------------------------------    -------------------
    V17                                               0.000     0.000 f  x[0] (IN)
                         net (fo=0)                   0.000     0.000    x[0]
    V17                  IBUF (Prop_ibuf_I_O)         1.453     1.453 f  x_IBUF[0]_inst/O
                         net (fo=4, routed)           1.582     3.035    comb_lock_i/combination_lock_0/inst/x[0]
    SLICE_X0Y4           LUT4 (Prop_lut4_I2_O)        0.152     3.187 f  comb_lock_i/combination_lock_0/inst/seven_segment_data[7]_INST_0_i_5/O
                         net (fo=1, routed)           0.728     3.915    comb_lock_i/combination_lock_0/inst/din3[1]
    SLICE_X0Y3           LUT6 (Prop_lut6_I5_O)        0.332     4.247 f  comb_lock_i/combination_lock_0/inst/seven_segment_data[7]_INST_0_i_2/O
                         net (fo=7, routed)           0.657     4.904    comb_lock_i/combination_lock_0/inst/dout_tmp[1]
    SLICE_X1Y3           LUT3 (Prop_lut3_I2_O)        0.150     5.054 r  comb_lock_i/combination_lock_0/inst/seven_segment_data[0]_INST_0/O
                         net (fo=2, routed)           4.077     9.131    sev_seg_data_OBUF[3]
    V8                   OBUF (Prop_obuf_I_O)         3.738    12.868 r  sev_seg_data_OBUF[3]_inst/O
                         net (fo=0)                   0.000    12.868    sev_seg_data[3]
    V8                                                                r  sev_seg_data[3] (OUT)
  -------------------------------------------------------------------    -------------------

Slack:                    inf
  Source:                 x[0]
                            (input port)
  Destination:            sev_seg_data[2]
                            (output port)
  Path Group:             (none)
  Path Type:              Max at Slow Process Corner
  Data Path Delay:        12.793ns  (logic 5.596ns (43.744%)  route 7.197ns (56.256%))
  Logic Levels:           5  (IBUF=1 LUT3=1 LUT4=1 LUT6=1 OBUF=1)

    Location             Delay type                Incr(ns)  Path(ns)    Netlist Resource(s)
  -------------------------------------------------------------------    -------------------
    V17                                               0.000     0.000 r  x[0] (IN)
                         net (fo=0)                   0.000     0.000    x[0]
    V17                  IBUF (Prop_ibuf_I_O)         1.453     1.453 r  x_IBUF[0]_inst/O
                         net (fo=4, routed)           1.582     3.035    comb_lock_i/combination_lock_0/inst/x[0]
    SLICE_X0Y4           LUT4 (Prop_lut4_I2_O)        0.152     3.187 r  comb_lock_i/combination_lock_0/inst/seven_segment_data[7]_INST_0_i_5/O
                         net (fo=1, routed)           0.728     3.915    comb_lock_i/combination_lock_0/inst/din3[1]
    SLICE_X0Y3           LUT6 (Prop_lut6_I5_O)        0.332     4.247 r  comb_lock_i/combination_lock_0/inst/seven_segment_data[7]_INST_0_i_2/O
                         net (fo=7, routed)           0.657     4.904    comb_lock_i/combination_lock_0/inst/dout_tmp[1]
    SLICE_X1Y3           LUT3 (Prop_lut3_I1_O)        0.124     5.028 r  comb_lock_i/combination_lock_0/inst/seven_segment_data[2]_INST_0/O
                         net (fo=1, routed)           4.230     9.258    sev_seg_data_OBUF[2]
    U8                   OBUF (Prop_obuf_I_O)         3.535    12.793 r  sev_seg_data_OBUF[2]_inst/O
                         net (fo=0)                   0.000    12.793    sev_seg_data[2]
    U8                                                                r  sev_seg_data[2] (OUT)
  -------------------------------------------------------------------    -------------------

Slack:                    inf
  Source:                 x[0]
                            (input port)
  Destination:            sev_seg_data[6]
                            (output port)
  Path Group:             (none)
  Path Type:              Max at Slow Process Corner
  Data Path Delay:        12.620ns  (logic 5.825ns (46.159%)  route 6.795ns (53.841%))
  Logic Levels:           5  (IBUF=1 LUT2=1 LUT4=1 LUT6=1 OBUF=1)

    Location             Delay type                Incr(ns)  Path(ns)    Netlist Resource(s)
  -------------------------------------------------------------------    -------------------
    V17                                               0.000     0.000 f  x[0] (IN)
                         net (fo=0)                   0.000     0.000    x[0]
    V17                  IBUF (Prop_ibuf_I_O)         1.453     1.453 f  x_IBUF[0]_inst/O
                         net (fo=4, routed)           1.582     3.035    comb_lock_i/combination_lock_0/inst/x[0]
    SLICE_X0Y4           LUT4 (Prop_lut4_I2_O)        0.152     3.187 f  comb_lock_i/combination_lock_0/inst/seven_segment_data[7]_INST_0_i_5/O
                         net (fo=1, routed)           0.728     3.915    comb_lock_i/combination_lock_0/inst/din3[1]
    SLICE_X0Y3           LUT6 (Prop_lut6_I5_O)        0.332     4.247 f  comb_lock_i/combination_lock_0/inst/seven_segment_data[7]_INST_0_i_2/O
                         net (fo=7, routed)           0.667     4.915    comb_lock_i/combination_lock_0/inst/dout_tmp[1]
    SLICE_X1Y3           LUT2 (Prop_lut2_I1_O)        0.154     5.069 r  comb_lock_i/combination_lock_0/inst/seven_segment_data[6]_INST_0/O
                         net (fo=1, routed)           3.817     8.886    sev_seg_data_OBUF[6]
    U7                   OBUF (Prop_obuf_I_O)         3.734    12.620 r  sev_seg_data_OBUF[6]_inst/O
                         net (fo=0)                   0.000    12.620    sev_seg_data[6]
    U7                                                                r  sev_seg_data[6] (OUT)
  -------------------------------------------------------------------    -------------------

Slack:                    inf
  Source:                 x[0]
                            (input port)
  Destination:            sev_seg_data[4]
                            (output port)
  Path Group:             (none)
  Path Type:              Max at Slow Process Corner
  Data Path Delay:        12.443ns  (logic 5.581ns (44.852%)  route 6.862ns (55.148%))
  Logic Levels:           5  (IBUF=1 LUT3=1 LUT4=1 LUT6=1 OBUF=1)

    Location             Delay type                Incr(ns)  Path(ns)    Netlist Resource(s)
  -------------------------------------------------------------------    -------------------
    V17                                               0.000     0.000 f  x[0] (IN)
                         net (fo=0)                   0.000     0.000    x[0]
    V17                  IBUF (Prop_ibuf_I_O)         1.453     1.453 f  x_IBUF[0]_inst/O
                         net (fo=4, routed)           1.582     3.035    comb_lock_i/combination_lock_0/inst/x[0]
    SLICE_X0Y4           LUT4 (Prop_lut4_I2_O)        0.152     3.187 f  comb_lock_i/combination_lock_0/inst/seven_segment_data[7]_INST_0_i_5/O
                         net (fo=1, routed)           0.728     3.915    comb_lock_i/combination_lock_0/inst/din3[1]
    SLICE_X0Y3           LUT6 (Prop_lut6_I5_O)        0.332     4.247 f  comb_lock_i/combination_lock_0/inst/seven_segment_data[7]_INST_0_i_2/O
                         net (fo=7, routed)           0.655     4.902    comb_lock_i/combination_lock_0/inst/dout_tmp[1]
    SLICE_X1Y3           LUT3 (Prop_lut3_I2_O)        0.124     5.026 r  comb_lock_i/combination_lock_0/inst/seven_segment_data[4]_INST_0/O
                         net (fo=1, routed)           3.897     8.923    sev_seg_data_OBUF[4]
    U5                   OBUF (Prop_obuf_I_O)         3.520    12.443 r  sev_seg_data_OBUF[4]_inst/O
                         net (fo=0)                   0.000    12.443    sev_seg_data[4]
    U5                                                                r  sev_seg_data[4] (OUT)
  -------------------------------------------------------------------    -------------------

Slack:                    inf
  Source:                 x[0]
                            (input port)
  Destination:            sev_seg_data[7]
                            (output port)
  Path Group:             (none)
  Path Type:              Max at Slow Process Corner
  Data Path Delay:        12.219ns  (logic 5.558ns (45.491%)  route 6.660ns (54.509%))
  Logic Levels:           5  (IBUF=1 LUT3=1 LUT4=1 LUT6=1 OBUF=1)

    Location             Delay type                Incr(ns)  Path(ns)    Netlist Resource(s)
  -------------------------------------------------------------------    -------------------
    V17                                               0.000     0.000 f  x[0] (IN)
                         net (fo=0)                   0.000     0.000    x[0]
    V17                  IBUF (Prop_ibuf_I_O)         1.453     1.453 f  x_IBUF[0]_inst/O
                         net (fo=4, routed)           1.582     3.035    comb_lock_i/combination_lock_0/inst/x[0]
    SLICE_X0Y4           LUT4 (Prop_lut4_I2_O)        0.152     3.187 f  comb_lock_i/combination_lock_0/inst/seven_segment_data[7]_INST_0_i_5/O
                         net (fo=1, routed)           0.728     3.915    comb_lock_i/combination_lock_0/inst/din3[1]
    SLICE_X0Y3           LUT6 (Prop_lut6_I5_O)        0.332     4.247 f  comb_lock_i/combination_lock_0/inst/seven_segment_data[7]_INST_0_i_2/O
                         net (fo=7, routed)           0.667     4.915    comb_lock_i/combination_lock_0/inst/dout_tmp[1]
    SLICE_X1Y3           LUT3 (Prop_lut3_I2_O)        0.124     5.039 r  comb_lock_i/combination_lock_0/inst/seven_segment_data[7]_INST_0/O
                         net (fo=1, routed)           3.682     8.721    sev_seg_data_OBUF[7]
    V7                   OBUF (Prop_obuf_I_O)         3.498    12.219 r  sev_seg_data_OBUF[7]_inst/O
                         net (fo=0)                   0.000    12.219    sev_seg_data[7]
    V7                                                                r  sev_seg_data[7] (OUT)
  -------------------------------------------------------------------    -------------------

Slack:                    inf
  Source:                 x[0]
                            (input port)
  Destination:            sev_seg_data[5]
                            (output port)
  Path Group:             (none)
  Path Type:              Max at Slow Process Corner
  Data Path Delay:        12.193ns  (logic 5.799ns (47.560%)  route 6.394ns (52.440%))
  Logic Levels:           5  (IBUF=1 LUT3=1 LUT4=1 LUT6=1 OBUF=1)

    Location             Delay type                Incr(ns)  Path(ns)    Netlist Resource(s)
  -------------------------------------------------------------------    -------------------
    V17                                               0.000     0.000 r  x[0] (IN)
                         net (fo=0)                   0.000     0.000    x[0]
    V17                  IBUF (Prop_ibuf_I_O)         1.453     1.453 r  x_IBUF[0]_inst/O
                         net (fo=4, routed)           1.582     3.035    comb_lock_i/combination_lock_0/inst/x[0]
    SLICE_X0Y4           LUT4 (Prop_lut4_I2_O)        0.152     3.187 r  comb_lock_i/combination_lock_0/inst/seven_segment_data[7]_INST_0_i_5/O
                         net (fo=1, routed)           0.728     3.915    comb_lock_i/combination_lock_0/inst/din3[1]
    SLICE_X0Y3           LUT6 (Prop_lut6_I5_O)        0.332     4.247 r  comb_lock_i/combination_lock_0/inst/seven_segment_data[7]_INST_0_i_2/O
                         net (fo=7, routed)           0.655     4.902    comb_lock_i/combination_lock_0/inst/dout_tmp[1]
    SLICE_X1Y3           LUT3 (Prop_lut3_I1_O)        0.150     5.052 r  comb_lock_i/combination_lock_0/inst/seven_segment_data[5]_INST_0/O
                         net (fo=1, routed)           3.429     8.481    sev_seg_data_OBUF[5]
    V5                   OBUF (Prop_obuf_I_O)         3.712    12.193 r  sev_seg_data_OBUF[5]_inst/O
                         net (fo=0)                   0.000    12.193    sev_seg_data[5]
    V5                                                                r  sev_seg_data[5] (OUT)
  -------------------------------------------------------------------    -------------------

Slack:                    inf
  Source:                 x[3]
                            (input port)
  Destination:            door_open
                            (output port)
  Path Group:             (none)
  Path Type:              Max at Slow Process Corner
  Data Path Delay:        8.748ns  (logic 5.431ns (62.085%)  route 3.317ns (37.915%))
  Logic Levels:           4  (IBUF=1 LUT4=1 LUT6=1 OBUF=1)

    Location             Delay type                Incr(ns)  Path(ns)    Netlist Resource(s)
  -------------------------------------------------------------------    -------------------
    W17                                               0.000     0.000 f  x[3] (IN)
                         net (fo=0)                   0.000     0.000    x[3]
    W17                  IBUF (Prop_ibuf_I_O)         1.448     1.448 f  x_IBUF[3]_inst/O
                         net (fo=4, routed)           1.450     2.899    comb_lock_i/combination_lock_0/inst/x[3]
    SLICE_X0Y4           LUT4 (Prop_lut4_I0_O)        0.152     3.051 r  comb_lock_i/combination_lock_0/inst/door_open[0]_INST_0_i_1/O
                         net (fo=1, routed)           0.306     3.357    comb_lock_i/combination_lock_0/inst/p_0_in
    SLICE_X0Y3           LUT6 (Prop_lut6_I0_O)        0.326     3.683 r  comb_lock_i/combination_lock_0/inst/door_open[0]_INST_0/O
                         net (fo=8, routed)           1.561     5.243    door_open_OBUF
    U16                  OBUF (Prop_obuf_I_O)         3.505     8.748 r  door_open_OBUF_inst/O
                         net (fo=0)                   0.000     8.748    door_open
    U16                                                               r  door_open (OUT)
  -------------------------------------------------------------------    -------------------





Min Delay Paths
--------------------------------------------------------------------------------------
Slack:                    inf
  Source:                 x[2]
                            (input port)
  Destination:            door_open
                            (output port)
  Path Group:             (none)
  Path Type:              Min at Fast Process Corner
  Data Path Delay:        2.455ns  (logic 1.593ns (64.866%)  route 0.863ns (35.134%))
  Logic Levels:           4  (IBUF=1 LUT4=1 LUT6=1 OBUF=1)

    Location             Delay type                Incr(ns)  Path(ns)    Netlist Resource(s)
  -------------------------------------------------------------------    -------------------
    W16                                               0.000     0.000 r  x[2] (IN)
                         net (fo=0)                   0.000     0.000    x[2]
    W16                  IBUF (Prop_ibuf_I_O)         0.232     0.232 r  x_IBUF[2]_inst/O
                         net (fo=4, routed)           0.433     0.665    comb_lock_i/combination_lock_0/inst/x[2]
    SLICE_X0Y4           LUT4 (Prop_lut4_I3_O)        0.048     0.713 r  comb_lock_i/combination_lock_0/inst/door_open[0]_INST_0_i_1/O
                         net (fo=1, routed)           0.116     0.829    comb_lock_i/combination_lock_0/inst/p_0_in
    SLICE_X0Y3           LUT6 (Prop_lut6_I0_O)        0.107     0.936 r  comb_lock_i/combination_lock_0/inst/door_open[0]_INST_0/O
                         net (fo=8, routed)           0.314     1.249    door_open_OBUF
    U16                  OBUF (Prop_obuf_I_O)         1.206     2.455 r  door_open_OBUF_inst/O
                         net (fo=0)                   0.000     2.455    door_open
    U16                                                               r  door_open (OUT)
  -------------------------------------------------------------------    -------------------

Slack:                    inf
  Source:                 x[2]
                            (input port)
  Destination:            sev_seg_data[5]
                            (output port)
  Path Group:             (none)
  Path Type:              Min at Fast Process Corner
  Data Path Delay:        3.618ns  (logic 1.702ns (47.055%)  route 1.915ns (52.945%))
  Logic Levels:           5  (IBUF=1 LUT3=1 LUT4=1 LUT6=1 OBUF=1)

    Location             Delay type                Incr(ns)  Path(ns)    Netlist Resource(s)
  -------------------------------------------------------------------    -------------------
    W16                                               0.000     0.000 f  x[2] (IN)
                         net (fo=0)                   0.000     0.000    x[2]
    W16                  IBUF (Prop_ibuf_I_O)         0.232     0.232 f  x_IBUF[2]_inst/O
                         net (fo=4, routed)           0.433     0.665    comb_lock_i/combination_lock_0/inst/x[2]
    SLICE_X0Y4           LUT4 (Prop_lut4_I3_O)        0.048     0.713 f  comb_lock_i/combination_lock_0/inst/door_open[0]_INST_0_i_1/O
                         net (fo=1, routed)           0.116     0.829    comb_lock_i/combination_lock_0/inst/p_0_in
    SLICE_X0Y3           LUT6 (Prop_lut6_I0_O)        0.107     0.936 f  comb_lock_i/combination_lock_0/inst/door_open[0]_INST_0/O
                         net (fo=8, routed)           0.190     1.126    comb_lock_i/combination_lock_0/inst/door_open[0]
    SLICE_X1Y3           LUT3 (Prop_lut3_I2_O)        0.043     1.169 r  comb_lock_i/combination_lock_0/inst/seven_segment_data[5]_INST_0/O
                         net (fo=1, routed)           1.176     2.345    sev_seg_data_OBUF[5]
    V5                   OBUF (Prop_obuf_I_O)         1.273     3.618 r  sev_seg_data_OBUF[5]_inst/O
                         net (fo=0)                   0.000     3.618    sev_seg_data[5]
    V5                                                                r  sev_seg_data[5] (OUT)
  -------------------------------------------------------------------    -------------------

Slack:                    inf
  Source:                 x[2]
                            (input port)
  Destination:            sev_seg_data[7]
                            (output port)
  Path Group:             (none)
  Path Type:              Min at Fast Process Corner
  Data Path Delay:        3.727ns  (logic 1.631ns (43.748%)  route 2.097ns (56.252%))
  Logic Levels:           5  (IBUF=1 LUT3=1 LUT4=1 LUT6=1 OBUF=1)

    Location             Delay type                Incr(ns)  Path(ns)    Netlist Resource(s)
  -------------------------------------------------------------------    -------------------
    W16                                               0.000     0.000 f  x[2] (IN)
                         net (fo=0)                   0.000     0.000    x[2]
    W16                  IBUF (Prop_ibuf_I_O)         0.232     0.232 f  x_IBUF[2]_inst/O
                         net (fo=4, routed)           0.433     0.665    comb_lock_i/combination_lock_0/inst/x[2]
    SLICE_X0Y4           LUT4 (Prop_lut4_I3_O)        0.048     0.713 f  comb_lock_i/combination_lock_0/inst/door_open[0]_INST_0_i_1/O
                         net (fo=1, routed)           0.116     0.829    comb_lock_i/combination_lock_0/inst/p_0_in
    SLICE_X0Y3           LUT6 (Prop_lut6_I0_O)        0.107     0.936 f  comb_lock_i/combination_lock_0/inst/door_open[0]_INST_0/O
                         net (fo=8, routed)           0.176     1.112    comb_lock_i/combination_lock_0/inst/door_open[0]
    SLICE_X1Y3           LUT3 (Prop_lut3_I0_O)        0.045     1.157 r  comb_lock_i/combination_lock_0/inst/seven_segment_data[7]_INST_0/O
                         net (fo=1, routed)           1.371     2.528    sev_seg_data_OBUF[7]
    V7                   OBUF (Prop_obuf_I_O)         1.199     3.727 r  sev_seg_data_OBUF[7]_inst/O
                         net (fo=0)                   0.000     3.727    sev_seg_data[7]
    V7                                                                r  sev_seg_data[7] (OUT)
  -------------------------------------------------------------------    -------------------

Slack:                    inf
  Source:                 x[2]
                            (input port)
  Destination:            sev_seg_data[4]
                            (output port)
  Path Group:             (none)
  Path Type:              Min at Fast Process Corner
  Data Path Delay:        3.835ns  (logic 1.653ns (43.097%)  route 2.182ns (56.903%))
  Logic Levels:           5  (IBUF=1 LUT3=1 LUT4=1 LUT6=1 OBUF=1)

    Location             Delay type                Incr(ns)  Path(ns)    Netlist Resource(s)
  -------------------------------------------------------------------    -------------------
    W16                                               0.000     0.000 r  x[2] (IN)
                         net (fo=0)                   0.000     0.000    x[2]
    W16                  IBUF (Prop_ibuf_I_O)         0.232     0.232 r  x_IBUF[2]_inst/O
                         net (fo=4, routed)           0.433     0.665    comb_lock_i/combination_lock_0/inst/x[2]
    SLICE_X0Y4           LUT4 (Prop_lut4_I3_O)        0.048     0.713 r  comb_lock_i/combination_lock_0/inst/door_open[0]_INST_0_i_1/O
                         net (fo=1, routed)           0.116     0.829    comb_lock_i/combination_lock_0/inst/p_0_in
    SLICE_X0Y3           LUT6 (Prop_lut6_I0_O)        0.107     0.936 r  comb_lock_i/combination_lock_0/inst/door_open[0]_INST_0/O
                         net (fo=8, routed)           0.190     1.126    comb_lock_i/combination_lock_0/inst/door_open[0]
    SLICE_X1Y3           LUT3 (Prop_lut3_I1_O)        0.045     1.171 r  comb_lock_i/combination_lock_0/inst/seven_segment_data[4]_INST_0/O
                         net (fo=1, routed)           1.443     2.614    sev_seg_data_OBUF[4]
    U5                   OBUF (Prop_obuf_I_O)         1.221     3.835 r  sev_seg_data_OBUF[4]_inst/O
                         net (fo=0)                   0.000     3.835    sev_seg_data[4]
    U5                                                                r  sev_seg_data[4] (OUT)
  -------------------------------------------------------------------    -------------------

Slack:                    inf
  Source:                 x[2]
                            (input port)
  Destination:            sev_seg_data[6]
                            (output port)
  Path Group:             (none)
  Path Type:              Min at Fast Process Corner
  Data Path Delay:        3.874ns  (logic 1.735ns (44.785%)  route 2.139ns (55.215%))
  Logic Levels:           5  (IBUF=1 LUT2=1 LUT4=1 LUT6=1 OBUF=1)

    Location             Delay type                Incr(ns)  Path(ns)    Netlist Resource(s)
  -------------------------------------------------------------------    -------------------
    W16                                               0.000     0.000 f  x[2] (IN)
                         net (fo=0)                   0.000     0.000    x[2]
    W16                  IBUF (Prop_ibuf_I_O)         0.232     0.232 f  x_IBUF[2]_inst/O
                         net (fo=4, routed)           0.433     0.665    comb_lock_i/combination_lock_0/inst/x[2]
    SLICE_X0Y4           LUT4 (Prop_lut4_I3_O)        0.048     0.713 f  comb_lock_i/combination_lock_0/inst/door_open[0]_INST_0_i_1/O
                         net (fo=1, routed)           0.116     0.829    comb_lock_i/combination_lock_0/inst/p_0_in
    SLICE_X0Y3           LUT6 (Prop_lut6_I0_O)        0.107     0.936 f  comb_lock_i/combination_lock_0/inst/door_open[0]_INST_0/O
                         net (fo=8, routed)           0.176     1.112    comb_lock_i/combination_lock_0/inst/door_open[0]
    SLICE_X1Y3           LUT2 (Prop_lut2_I0_O)        0.051     1.163 r  comb_lock_i/combination_lock_0/inst/seven_segment_data[6]_INST_0/O
                         net (fo=1, routed)           1.414     2.577    sev_seg_data_OBUF[6]
    U7                   OBUF (Prop_obuf_I_O)         1.297     3.874 r  sev_seg_data_OBUF[6]_inst/O
                         net (fo=0)                   0.000     3.874    sev_seg_data[6]
    U7                                                                r  sev_seg_data[6] (OUT)
  -------------------------------------------------------------------    -------------------

Slack:                    inf
  Source:                 x[2]
                            (input port)
  Destination:            sev_seg_data[2]
                            (output port)
  Path Group:             (none)
  Path Type:              Min at Fast Process Corner
  Data Path Delay:        3.998ns  (logic 1.668ns (41.719%)  route 2.330ns (58.281%))
  Logic Levels:           5  (IBUF=1 LUT3=1 LUT4=1 LUT6=1 OBUF=1)

    Location             Delay type                Incr(ns)  Path(ns)    Netlist Resource(s)
  -------------------------------------------------------------------    -------------------
    W16                                               0.000     0.000 f  x[2] (IN)
                         net (fo=0)                   0.000     0.000    x[2]
    W16                  IBUF (Prop_ibuf_I_O)         0.232     0.232 f  x_IBUF[2]_inst/O
                         net (fo=4, routed)           0.433     0.665    comb_lock_i/combination_lock_0/inst/x[2]
    SLICE_X0Y4           LUT4 (Prop_lut4_I3_O)        0.048     0.713 f  comb_lock_i/combination_lock_0/inst/door_open[0]_INST_0_i_1/O
                         net (fo=1, routed)           0.116     0.829    comb_lock_i/combination_lock_0/inst/p_0_in
    SLICE_X0Y3           LUT6 (Prop_lut6_I0_O)        0.107     0.936 f  comb_lock_i/combination_lock_0/inst/door_open[0]_INST_0/O
                         net (fo=8, routed)           0.188     1.124    comb_lock_i/combination_lock_0/inst/door_open[0]
    SLICE_X1Y3           LUT3 (Prop_lut3_I2_O)        0.045     1.169 r  comb_lock_i/combination_lock_0/inst/seven_segment_data[2]_INST_0/O
                         net (fo=1, routed)           1.593     2.762    sev_seg_data_OBUF[2]
    U8                   OBUF (Prop_obuf_I_O)         1.236     3.998 r  sev_seg_data_OBUF[2]_inst/O
                         net (fo=0)                   0.000     3.998    sev_seg_data[2]
    U8                                                                r  sev_seg_data[2] (OUT)
  -------------------------------------------------------------------    -------------------

Slack:                    inf
  Source:                 x[2]
                            (input port)
  Destination:            sev_seg_data[3]
                            (output port)
  Path Group:             (none)
  Path Type:              Min at Fast Process Corner
  Data Path Delay:        4.025ns  (logic 1.727ns (42.908%)  route 2.298ns (57.092%))
  Logic Levels:           5  (IBUF=1 LUT3=1 LUT4=1 LUT6=1 OBUF=1)

    Location             Delay type                Incr(ns)  Path(ns)    Netlist Resource(s)
  -------------------------------------------------------------------    -------------------
    W16                                               0.000     0.000 r  x[2] (IN)
                         net (fo=0)                   0.000     0.000    x[2]
    W16                  IBUF (Prop_ibuf_I_O)         0.232     0.232 r  x_IBUF[2]_inst/O
                         net (fo=4, routed)           0.433     0.665    comb_lock_i/combination_lock_0/inst/x[2]
    SLICE_X0Y4           LUT4 (Prop_lut4_I3_O)        0.048     0.713 r  comb_lock_i/combination_lock_0/inst/door_open[0]_INST_0_i_1/O
                         net (fo=1, routed)           0.116     0.829    comb_lock_i/combination_lock_0/inst/p_0_in
    SLICE_X0Y3           LUT6 (Prop_lut6_I0_O)        0.107     0.936 r  comb_lock_i/combination_lock_0/inst/door_open[0]_INST_0/O
                         net (fo=8, routed)           0.188     1.124    comb_lock_i/combination_lock_0/inst/door_open[0]
    SLICE_X1Y3           LUT3 (Prop_lut3_I0_O)        0.042     1.166 r  comb_lock_i/combination_lock_0/inst/seven_segment_data[0]_INST_0/O
                         net (fo=2, routed)           1.561     2.727    sev_seg_data_OBUF[3]
    V8                   OBUF (Prop_obuf_I_O)         1.298     4.025 r  sev_seg_data_OBUF[3]_inst/O
                         net (fo=0)                   0.000     4.025    sev_seg_data[3]
    V8                                                                r  sev_seg_data[3] (OUT)
  -------------------------------------------------------------------    -------------------

Slack:                    inf
  Source:                 x[2]
                            (input port)
  Destination:            sev_seg_data[0]
                            (output port)
  Path Group:             (none)
  Path Type:              Min at Fast Process Corner
  Data Path Delay:        4.116ns  (logic 1.703ns (41.365%)  route 2.413ns (58.635%))
  Logic Levels:           5  (IBUF=1 LUT3=1 LUT4=1 LUT6=1 OBUF=1)

    Location             Delay type                Incr(ns)  Path(ns)    Netlist Resource(s)
  -------------------------------------------------------------------    -------------------
    W16                                               0.000     0.000 r  x[2] (IN)
                         net (fo=0)                   0.000     0.000    x[2]
    W16                  IBUF (Prop_ibuf_I_O)         0.232     0.232 r  x_IBUF[2]_inst/O
                         net (fo=4, routed)           0.433     0.665    comb_lock_i/combination_lock_0/inst/x[2]
    SLICE_X0Y4           LUT4 (Prop_lut4_I3_O)        0.048     0.713 r  comb_lock_i/combination_lock_0/inst/door_open[0]_INST_0_i_1/O
                         net (fo=1, routed)           0.116     0.829    comb_lock_i/combination_lock_0/inst/p_0_in
    SLICE_X0Y3           LUT6 (Prop_lut6_I0_O)        0.107     0.936 r  comb_lock_i/combination_lock_0/inst/door_open[0]_INST_0/O
                         net (fo=8, routed)           0.188     1.124    comb_lock_i/combination_lock_0/inst/door_open[0]
    SLICE_X1Y3           LUT3 (Prop_lut3_I0_O)        0.042     1.166 r  comb_lock_i/combination_lock_0/inst/seven_segment_data[0]_INST_0/O
                         net (fo=2, routed)           1.676     2.842    sev_seg_data_OBUF[0]
    W7                   OBUF (Prop_obuf_I_O)         1.274     4.116 r  sev_seg_data_OBUF[0]_inst/O
                         net (fo=0)                   0.000     4.116    sev_seg_data[0]
    W7                                                                r  sev_seg_data[0] (OUT)
  -------------------------------------------------------------------    -------------------





--------------------------------------------------------------------------------------
Path Group:  (none)
From Clock:  sys_clk_pin
  To Clock:  

Max Delay             8 Endpoints
Min Delay             8 Endpoints
--------------------------------------------------------------------------------------


Max Delay Paths
--------------------------------------------------------------------------------------
Slack:                    inf
  Source:                 comb_lock_i/pulse_generator_0/inst/state_reg[0]/C
                            (rising edge-triggered cell FDRE clocked by sys_clk_pin  {rise@0.000ns fall@5.000ns period=10.000ns})
  Destination:            sev_seg_data[0]
                            (output port)
  Path Group:             (none)
  Path Type:              Max at Slow Process Corner
  Data Path Delay:        11.224ns  (logic 4.569ns (40.703%)  route 6.656ns (59.297%))
  Logic Levels:           4  (LUT2=1 LUT3=1 LUT6=1 OBUF=1)
  Clock Uncertainty:      0.025ns  ((TSJ^2 + TIJ^2)^1/2 + DJ) / 2 + PE
    Total System Jitter     (TSJ):    0.050ns
    Total Input Jitter      (TIJ):    0.000ns
    Discrete Jitter          (DJ):    0.000ns
    Phase Error              (PE):    0.000ns

    Location             Delay type                Incr(ns)  Path(ns)    Netlist Resource(s)
  -------------------------------------------------------------------    -------------------
                         (clock sys_clk_pin rise edge)
                                                      0.000     0.000 r  
    W5                                                0.000     0.000 r  ap_clk_0 (IN)
                         net (fo=0)                   0.000     0.000    ap_clk_0
    W5                   IBUF (Prop_ibuf_I_O)         1.458     1.458 r  ap_clk_0_IBUF_inst/O
                         net (fo=1, routed)           1.967     3.425    ap_clk_0_IBUF
    BUFGCTRL_X0Y0        BUFG (Prop_bufg_I_O)         0.096     3.521 r  ap_clk_0_IBUF_BUFG_inst/O
                         net (fo=39, routed)          1.638     5.159    comb_lock_i/pulse_generator_0/inst/ap_clk
    SLICE_X0Y4           FDRE                                         r  comb_lock_i/pulse_generator_0/inst/state_reg[0]/C
  -------------------------------------------------------------------    -------------------
    SLICE_X0Y4           FDRE (Prop_fdre_C_Q)         0.456     5.615 f  comb_lock_i/pulse_generator_0/inst/state_reg[0]/Q
                         net (fo=1, routed)           0.803     6.418    comb_lock_i/pulse_generator_0/inst/state
    SLICE_X0Y4           LUT2 (Prop_lut2_I1_O)        0.124     6.542 r  comb_lock_i/pulse_generator_0/inst/pulse_INST_0/O
                         net (fo=3, routed)           0.826     7.368    comb_lock_i/combination_lock_0/inst/enter[0]
    SLICE_X0Y3           LUT6 (Prop_lut6_I0_O)        0.124     7.492 r  comb_lock_i/combination_lock_0/inst/seven_segment_data[7]_INST_0_i_1/O
                         net (fo=6, routed)           0.667     8.159    comb_lock_i/combination_lock_0/inst/dout_tmp[0]
    SLICE_X1Y3           LUT3 (Prop_lut3_I1_O)        0.152     8.311 r  comb_lock_i/combination_lock_0/inst/seven_segment_data[0]_INST_0/O
                         net (fo=2, routed)           4.360    12.671    sev_seg_data_OBUF[0]
    W7                   OBUF (Prop_obuf_I_O)         3.713    16.384 r  sev_seg_data_OBUF[0]_inst/O
                         net (fo=0)                   0.000    16.384    sev_seg_data[0]
    W7                                                                r  sev_seg_data[0] (OUT)
  -------------------------------------------------------------------    -------------------

Slack:                    inf
  Source:                 comb_lock_i/pulse_generator_0/inst/state_reg[0]/C
                            (rising edge-triggered cell FDRE clocked by sys_clk_pin  {rise@0.000ns fall@5.000ns period=10.000ns})
  Destination:            sev_seg_data[3]
                            (output port)
  Path Group:             (none)
  Path Type:              Max at Slow Process Corner
  Data Path Delay:        10.966ns  (logic 4.594ns (41.889%)  route 6.373ns (58.111%))
  Logic Levels:           4  (LUT2=1 LUT3=1 LUT6=1 OBUF=1)
  Clock Uncertainty:      0.025ns  ((TSJ^2 + TIJ^2)^1/2 + DJ) / 2 + PE
    Total System Jitter     (TSJ):    0.050ns
    Total Input Jitter      (TIJ):    0.000ns
    Discrete Jitter          (DJ):    0.000ns
    Phase Error              (PE):    0.000ns

    Location             Delay type                Incr(ns)  Path(ns)    Netlist Resource(s)
  -------------------------------------------------------------------    -------------------
                         (clock sys_clk_pin rise edge)
                                                      0.000     0.000 r  
    W5                                                0.000     0.000 r  ap_clk_0 (IN)
                         net (fo=0)                   0.000     0.000    ap_clk_0
    W5                   IBUF (Prop_ibuf_I_O)         1.458     1.458 r  ap_clk_0_IBUF_inst/O
                         net (fo=1, routed)           1.967     3.425    ap_clk_0_IBUF
    BUFGCTRL_X0Y0        BUFG (Prop_bufg_I_O)         0.096     3.521 r  ap_clk_0_IBUF_BUFG_inst/O
                         net (fo=39, routed)          1.638     5.159    comb_lock_i/pulse_generator_0/inst/ap_clk
    SLICE_X0Y4           FDRE                                         r  comb_lock_i/pulse_generator_0/inst/state_reg[0]/C
  -------------------------------------------------------------------    -------------------
    SLICE_X0Y4           FDRE (Prop_fdre_C_Q)         0.456     5.615 f  comb_lock_i/pulse_generator_0/inst/state_reg[0]/Q
                         net (fo=1, routed)           0.803     6.418    comb_lock_i/pulse_generator_0/inst/state
    SLICE_X0Y4           LUT2 (Prop_lut2_I1_O)        0.124     6.542 r  comb_lock_i/pulse_generator_0/inst/pulse_INST_0/O
                         net (fo=3, routed)           0.826     7.368    comb_lock_i/combination_lock_0/inst/enter[0]
    SLICE_X0Y3           LUT6 (Prop_lut6_I0_O)        0.124     7.492 r  comb_lock_i/combination_lock_0/inst/seven_segment_data[7]_INST_0_i_1/O
                         net (fo=6, routed)           0.667     8.159    comb_lock_i/combination_lock_0/inst/dout_tmp[0]
    SLICE_X1Y3           LUT3 (Prop_lut3_I1_O)        0.152     8.311 r  comb_lock_i/combination_lock_0/inst/seven_segment_data[0]_INST_0/O
                         net (fo=2, routed)           4.077    12.388    sev_seg_data_OBUF[3]
    V8                   OBUF (Prop_obuf_I_O)         3.738    16.125 r  sev_seg_data_OBUF[3]_inst/O
                         net (fo=0)                   0.000    16.125    sev_seg_data[3]
    V8                                                                r  sev_seg_data[3] (OUT)
  -------------------------------------------------------------------    -------------------

Slack:                    inf
  Source:                 comb_lock_i/pulse_generator_0/inst/state_reg[0]/C
                            (rising edge-triggered cell FDRE clocked by sys_clk_pin  {rise@0.000ns fall@5.000ns period=10.000ns})
  Destination:            sev_seg_data[2]
                            (output port)
  Path Group:             (none)
  Path Type:              Max at Slow Process Corner
  Data Path Delay:        10.888ns  (logic 4.363ns (40.072%)  route 6.525ns (59.928%))
  Logic Levels:           4  (LUT2=1 LUT3=1 LUT6=1 OBUF=1)
  Clock Uncertainty:      0.025ns  ((TSJ^2 + TIJ^2)^1/2 + DJ) / 2 + PE
    Total System Jitter     (TSJ):    0.050ns
    Total Input Jitter      (TIJ):    0.000ns
    Discrete Jitter          (DJ):    0.000ns
    Phase Error              (PE):    0.000ns

    Location             Delay type                Incr(ns)  Path(ns)    Netlist Resource(s)
  -------------------------------------------------------------------    -------------------
                         (clock sys_clk_pin rise edge)
                                                      0.000     0.000 r  
    W5                                                0.000     0.000 r  ap_clk_0 (IN)
                         net (fo=0)                   0.000     0.000    ap_clk_0
    W5                   IBUF (Prop_ibuf_I_O)         1.458     1.458 r  ap_clk_0_IBUF_inst/O
                         net (fo=1, routed)           1.967     3.425    ap_clk_0_IBUF
    BUFGCTRL_X0Y0        BUFG (Prop_bufg_I_O)         0.096     3.521 r  ap_clk_0_IBUF_BUFG_inst/O
                         net (fo=39, routed)          1.638     5.159    comb_lock_i/pulse_generator_0/inst/ap_clk
    SLICE_X0Y4           FDRE                                         r  comb_lock_i/pulse_generator_0/inst/state_reg[0]/C
  -------------------------------------------------------------------    -------------------
    SLICE_X0Y4           FDRE (Prop_fdre_C_Q)         0.456     5.615 f  comb_lock_i/pulse_generator_0/inst/state_reg[0]/Q
                         net (fo=1, routed)           0.803     6.418    comb_lock_i/pulse_generator_0/inst/state
    SLICE_X0Y4           LUT2 (Prop_lut2_I1_O)        0.124     6.542 r  comb_lock_i/pulse_generator_0/inst/pulse_INST_0/O
                         net (fo=3, routed)           0.826     7.368    comb_lock_i/combination_lock_0/inst/enter[0]
    SLICE_X0Y3           LUT6 (Prop_lut6_I0_O)        0.124     7.492 f  comb_lock_i/combination_lock_0/inst/seven_segment_data[7]_INST_0_i_1/O
                         net (fo=6, routed)           0.667     8.159    comb_lock_i/combination_lock_0/inst/dout_tmp[0]
    SLICE_X1Y3           LUT3 (Prop_lut3_I0_O)        0.124     8.283 r  comb_lock_i/combination_lock_0/inst/seven_segment_data[2]_INST_0/O
                         net (fo=1, routed)           4.230    12.513    sev_seg_data_OBUF[2]
    U8                   OBUF (Prop_obuf_I_O)         3.535    16.048 r  sev_seg_data_OBUF[2]_inst/O
                         net (fo=0)                   0.000    16.048    sev_seg_data[2]
    U8                                                                r  sev_seg_data[2] (OUT)
  -------------------------------------------------------------------    -------------------

Slack:                    inf
  Source:                 comb_lock_i/pulse_generator_0/inst/state_reg[0]/C
                            (rising edge-triggered cell FDRE clocked by sys_clk_pin  {rise@0.000ns fall@5.000ns period=10.000ns})
  Destination:            sev_seg_data[6]
                            (output port)
  Path Group:             (none)
  Path Type:              Max at Slow Process Corner
  Data Path Delay:        10.541ns  (logic 4.592ns (43.569%)  route 5.948ns (56.431%))
  Logic Levels:           4  (LUT2=2 LUT6=1 OBUF=1)
  Clock Uncertainty:      0.025ns  ((TSJ^2 + TIJ^2)^1/2 + DJ) / 2 + PE
    Total System Jitter     (TSJ):    0.050ns
    Total Input Jitter      (TIJ):    0.000ns
    Discrete Jitter          (DJ):    0.000ns
    Phase Error              (PE):    0.000ns

    Location             Delay type                Incr(ns)  Path(ns)    Netlist Resource(s)
  -------------------------------------------------------------------    -------------------
                         (clock sys_clk_pin rise edge)
                                                      0.000     0.000 r  
    W5                                                0.000     0.000 r  ap_clk_0 (IN)
                         net (fo=0)                   0.000     0.000    ap_clk_0
    W5                   IBUF (Prop_ibuf_I_O)         1.458     1.458 r  ap_clk_0_IBUF_inst/O
                         net (fo=1, routed)           1.967     3.425    ap_clk_0_IBUF
    BUFGCTRL_X0Y0        BUFG (Prop_bufg_I_O)         0.096     3.521 r  ap_clk_0_IBUF_BUFG_inst/O
                         net (fo=39, routed)          1.638     5.159    comb_lock_i/pulse_generator_0/inst/ap_clk
    SLICE_X0Y4           FDRE                                         r  comb_lock_i/pulse_generator_0/inst/state_reg[0]/C
  -------------------------------------------------------------------    -------------------
    SLICE_X0Y4           FDRE (Prop_fdre_C_Q)         0.456     5.615 f  comb_lock_i/pulse_generator_0/inst/state_reg[0]/Q
                         net (fo=1, routed)           0.803     6.418    comb_lock_i/pulse_generator_0/inst/state
    SLICE_X0Y4           LUT2 (Prop_lut2_I1_O)        0.124     6.542 r  comb_lock_i/pulse_generator_0/inst/pulse_INST_0/O
                         net (fo=3, routed)           0.661     7.203    comb_lock_i/combination_lock_0/inst/enter[0]
    SLICE_X0Y3           LUT6 (Prop_lut6_I0_O)        0.124     7.327 f  comb_lock_i/combination_lock_0/inst/seven_segment_data[7]_INST_0_i_2/O
                         net (fo=7, routed)           0.667     7.994    comb_lock_i/combination_lock_0/inst/dout_tmp[1]
    SLICE_X1Y3           LUT2 (Prop_lut2_I1_O)        0.154     8.148 r  comb_lock_i/combination_lock_0/inst/seven_segment_data[6]_INST_0/O
                         net (fo=1, routed)           3.817    11.965    sev_seg_data_OBUF[6]
    U7                   OBUF (Prop_obuf_I_O)         3.734    15.700 r  sev_seg_data_OBUF[6]_inst/O
                         net (fo=0)                   0.000    15.700    sev_seg_data[6]
    U7                                                                r  sev_seg_data[6] (OUT)
  -------------------------------------------------------------------    -------------------

Slack:                    inf
  Source:                 comb_lock_i/pulse_generator_0/inst/state_reg[0]/C
                            (rising edge-triggered cell FDRE clocked by sys_clk_pin  {rise@0.000ns fall@5.000ns period=10.000ns})
  Destination:            sev_seg_data[4]
                            (output port)
  Path Group:             (none)
  Path Type:              Max at Slow Process Corner
  Data Path Delay:        10.539ns  (logic 4.348ns (41.254%)  route 6.191ns (58.746%))
  Logic Levels:           4  (LUT2=1 LUT3=1 LUT6=1 OBUF=1)
  Clock Uncertainty:      0.025ns  ((TSJ^2 + TIJ^2)^1/2 + DJ) / 2 + PE
    Total System Jitter     (TSJ):    0.050ns
    Total Input Jitter      (TIJ):    0.000ns
    Discrete Jitter          (DJ):    0.000ns
    Phase Error              (PE):    0.000ns

    Location             Delay type                Incr(ns)  Path(ns)    Netlist Resource(s)
  -------------------------------------------------------------------    -------------------
                         (clock sys_clk_pin rise edge)
                                                      0.000     0.000 r  
    W5                                                0.000     0.000 r  ap_clk_0 (IN)
                         net (fo=0)                   0.000     0.000    ap_clk_0
    W5                   IBUF (Prop_ibuf_I_O)         1.458     1.458 r  ap_clk_0_IBUF_inst/O
                         net (fo=1, routed)           1.967     3.425    ap_clk_0_IBUF
    BUFGCTRL_X0Y0        BUFG (Prop_bufg_I_O)         0.096     3.521 r  ap_clk_0_IBUF_BUFG_inst/O
                         net (fo=39, routed)          1.638     5.159    comb_lock_i/pulse_generator_0/inst/ap_clk
    SLICE_X0Y4           FDRE                                         r  comb_lock_i/pulse_generator_0/inst/state_reg[0]/C
  -------------------------------------------------------------------    -------------------
    SLICE_X0Y4           FDRE (Prop_fdre_C_Q)         0.456     5.615 f  comb_lock_i/pulse_generator_0/inst/state_reg[0]/Q
                         net (fo=1, routed)           0.803     6.418    comb_lock_i/pulse_generator_0/inst/state
    SLICE_X0Y4           LUT2 (Prop_lut2_I1_O)        0.124     6.542 r  comb_lock_i/pulse_generator_0/inst/pulse_INST_0/O
                         net (fo=3, routed)           0.826     7.368    comb_lock_i/combination_lock_0/inst/enter[0]
    SLICE_X0Y3           LUT6 (Prop_lut6_I0_O)        0.124     7.492 r  comb_lock_i/combination_lock_0/inst/seven_segment_data[7]_INST_0_i_1/O
                         net (fo=6, routed)           0.666     8.158    comb_lock_i/combination_lock_0/inst/dout_tmp[0]
    SLICE_X1Y3           LUT3 (Prop_lut3_I0_O)        0.124     8.282 r  comb_lock_i/combination_lock_0/inst/seven_segment_data[4]_INST_0/O
                         net (fo=1, routed)           3.897    12.179    sev_seg_data_OBUF[4]
    U5                   OBUF (Prop_obuf_I_O)         3.520    15.699 r  sev_seg_data_OBUF[4]_inst/O
                         net (fo=0)                   0.000    15.699    sev_seg_data[4]
    U5                                                                r  sev_seg_data[4] (OUT)
  -------------------------------------------------------------------    -------------------

Slack:                    inf
  Source:                 comb_lock_i/pulse_generator_0/inst/state_reg[0]/C
                            (rising edge-triggered cell FDRE clocked by sys_clk_pin  {rise@0.000ns fall@5.000ns period=10.000ns})
  Destination:            sev_seg_data[7]
                            (output port)
  Path Group:             (none)
  Path Type:              Max at Slow Process Corner
  Data Path Delay:        10.391ns  (logic 4.326ns (41.629%)  route 6.065ns (58.371%))
  Logic Levels:           4  (LUT2=1 LUT3=1 LUT6=1 OBUF=1)
  Clock Uncertainty:      0.025ns  ((TSJ^2 + TIJ^2)^1/2 + DJ) / 2 + PE
    Total System Jitter     (TSJ):    0.050ns
    Total Input Jitter      (TIJ):    0.000ns
    Discrete Jitter          (DJ):    0.000ns
    Phase Error              (PE):    0.000ns

    Location             Delay type                Incr(ns)  Path(ns)    Netlist Resource(s)
  -------------------------------------------------------------------    -------------------
                         (clock sys_clk_pin rise edge)
                                                      0.000     0.000 r  
    W5                                                0.000     0.000 r  ap_clk_0 (IN)
                         net (fo=0)                   0.000     0.000    ap_clk_0
    W5                   IBUF (Prop_ibuf_I_O)         1.458     1.458 r  ap_clk_0_IBUF_inst/O
                         net (fo=1, routed)           1.967     3.425    ap_clk_0_IBUF
    BUFGCTRL_X0Y0        BUFG (Prop_bufg_I_O)         0.096     3.521 r  ap_clk_0_IBUF_BUFG_inst/O
                         net (fo=39, routed)          1.638     5.159    comb_lock_i/pulse_generator_0/inst/ap_clk
    SLICE_X0Y4           FDRE                                         r  comb_lock_i/pulse_generator_0/inst/state_reg[0]/C
  -------------------------------------------------------------------    -------------------
    SLICE_X0Y4           FDRE (Prop_fdre_C_Q)         0.456     5.615 f  comb_lock_i/pulse_generator_0/inst/state_reg[0]/Q
                         net (fo=1, routed)           0.803     6.418    comb_lock_i/pulse_generator_0/inst/state
    SLICE_X0Y4           LUT2 (Prop_lut2_I1_O)        0.124     6.542 r  comb_lock_i/pulse_generator_0/inst/pulse_INST_0/O
                         net (fo=3, routed)           0.826     7.368    comb_lock_i/combination_lock_0/inst/enter[0]
    SLICE_X0Y3           LUT6 (Prop_lut6_I0_O)        0.124     7.492 f  comb_lock_i/combination_lock_0/inst/seven_segment_data[7]_INST_0_i_1/O
                         net (fo=6, routed)           0.754     8.246    comb_lock_i/combination_lock_0/inst/dout_tmp[0]
    SLICE_X1Y3           LUT3 (Prop_lut3_I1_O)        0.124     8.370 r  comb_lock_i/combination_lock_0/inst/seven_segment_data[7]_INST_0/O
                         net (fo=1, routed)           3.682    12.052    sev_seg_data_OBUF[7]
    V7                   OBUF (Prop_obuf_I_O)         3.498    15.550 r  sev_seg_data_OBUF[7]_inst/O
                         net (fo=0)                   0.000    15.550    sev_seg_data[7]
    V7                                                                r  sev_seg_data[7] (OUT)
  -------------------------------------------------------------------    -------------------

Slack:                    inf
  Source:                 comb_lock_i/pulse_generator_0/inst/state_reg[0]/C
                            (rising edge-triggered cell FDRE clocked by sys_clk_pin  {rise@0.000ns fall@5.000ns period=10.000ns})
  Destination:            sev_seg_data[5]
                            (output port)
  Path Group:             (none)
  Path Type:              Max at Slow Process Corner
  Data Path Delay:        10.292ns  (logic 4.568ns (44.387%)  route 5.724ns (55.613%))
  Logic Levels:           4  (LUT2=1 LUT3=1 LUT6=1 OBUF=1)
  Clock Uncertainty:      0.025ns  ((TSJ^2 + TIJ^2)^1/2 + DJ) / 2 + PE
    Total System Jitter     (TSJ):    0.050ns
    Total Input Jitter      (TIJ):    0.000ns
    Discrete Jitter          (DJ):    0.000ns
    Phase Error              (PE):    0.000ns

    Location             Delay type                Incr(ns)  Path(ns)    Netlist Resource(s)
  -------------------------------------------------------------------    -------------------
                         (clock sys_clk_pin rise edge)
                                                      0.000     0.000 r  
    W5                                                0.000     0.000 r  ap_clk_0 (IN)
                         net (fo=0)                   0.000     0.000    ap_clk_0
    W5                   IBUF (Prop_ibuf_I_O)         1.458     1.458 r  ap_clk_0_IBUF_inst/O
                         net (fo=1, routed)           1.967     3.425    ap_clk_0_IBUF
    BUFGCTRL_X0Y0        BUFG (Prop_bufg_I_O)         0.096     3.521 r  ap_clk_0_IBUF_BUFG_inst/O
                         net (fo=39, routed)          1.638     5.159    comb_lock_i/pulse_generator_0/inst/ap_clk
    SLICE_X0Y4           FDRE                                         r  comb_lock_i/pulse_generator_0/inst/state_reg[0]/C
  -------------------------------------------------------------------    -------------------
    SLICE_X0Y4           FDRE (Prop_fdre_C_Q)         0.456     5.615 f  comb_lock_i/pulse_generator_0/inst/state_reg[0]/Q
                         net (fo=1, routed)           0.803     6.418    comb_lock_i/pulse_generator_0/inst/state
    SLICE_X0Y4           LUT2 (Prop_lut2_I1_O)        0.124     6.542 r  comb_lock_i/pulse_generator_0/inst/pulse_INST_0/O
                         net (fo=3, routed)           0.826     7.368    comb_lock_i/combination_lock_0/inst/enter[0]
    SLICE_X0Y3           LUT6 (Prop_lut6_I0_O)        0.124     7.492 r  comb_lock_i/combination_lock_0/inst/seven_segment_data[7]_INST_0_i_1/O
                         net (fo=6, routed)           0.666     8.158    comb_lock_i/combination_lock_0/inst/dout_tmp[0]
    SLICE_X1Y3           LUT3 (Prop_lut3_I0_O)        0.152     8.310 r  comb_lock_i/combination_lock_0/inst/seven_segment_data[5]_INST_0/O
                         net (fo=1, routed)           3.429    11.739    sev_seg_data_OBUF[5]
    V5                   OBUF (Prop_obuf_I_O)         3.712    15.451 r  sev_seg_data_OBUF[5]_inst/O
                         net (fo=0)                   0.000    15.451    sev_seg_data[5]
    V5                                                                r  sev_seg_data[5] (OUT)
  -------------------------------------------------------------------    -------------------

Slack:                    inf
  Source:                 comb_lock_i/pulse_generator_0/inst/state_reg[0]/C
                            (rising edge-triggered cell FDRE clocked by sys_clk_pin  {rise@0.000ns fall@5.000ns period=10.000ns})
  Destination:            door_open
                            (output port)
  Path Group:             (none)
  Path Type:              Max at Slow Process Corner
  Data Path Delay:        7.405ns  (logic 4.209ns (56.834%)  route 3.197ns (43.166%))
  Logic Levels:           3  (LUT2=1 LUT6=1 OBUF=1)
  Clock Uncertainty:      0.025ns  ((TSJ^2 + TIJ^2)^1/2 + DJ) / 2 + PE
    Total System Jitter     (TSJ):    0.050ns
    Total Input Jitter      (TIJ):    0.000ns
    Discrete Jitter          (DJ):    0.000ns
    Phase Error              (PE):    0.000ns

    Location             Delay type                Incr(ns)  Path(ns)    Netlist Resource(s)
  -------------------------------------------------------------------    -------------------
                         (clock sys_clk_pin rise edge)
                                                      0.000     0.000 r  
    W5                                                0.000     0.000 r  ap_clk_0 (IN)
                         net (fo=0)                   0.000     0.000    ap_clk_0
    W5                   IBUF (Prop_ibuf_I_O)         1.458     1.458 r  ap_clk_0_IBUF_inst/O
                         net (fo=1, routed)           1.967     3.425    ap_clk_0_IBUF
    BUFGCTRL_X0Y0        BUFG (Prop_bufg_I_O)         0.096     3.521 r  ap_clk_0_IBUF_BUFG_inst/O
                         net (fo=39, routed)          1.638     5.159    comb_lock_i/pulse_generator_0/inst/ap_clk
    SLICE_X0Y4           FDRE                                         r  comb_lock_i/pulse_generator_0/inst/state_reg[0]/C
  -------------------------------------------------------------------    -------------------
    SLICE_X0Y4           FDRE (Prop_fdre_C_Q)         0.456     5.615 f  comb_lock_i/pulse_generator_0/inst/state_reg[0]/Q
                         net (fo=1, routed)           0.803     6.418    comb_lock_i/pulse_generator_0/inst/state
    SLICE_X0Y4           LUT2 (Prop_lut2_I1_O)        0.124     6.542 r  comb_lock_i/pulse_generator_0/inst/pulse_INST_0/O
                         net (fo=3, routed)           0.833     7.375    comb_lock_i/combination_lock_0/inst/enter[0]
    SLICE_X0Y3           LUT6 (Prop_lut6_I1_O)        0.124     7.499 r  comb_lock_i/combination_lock_0/inst/door_open[0]_INST_0/O
                         net (fo=8, routed)           1.561     9.060    door_open_OBUF
    U16                  OBUF (Prop_obuf_I_O)         3.505    12.565 r  door_open_OBUF_inst/O
                         net (fo=0)                   0.000    12.565    door_open
    U16                                                               r  door_open (OUT)
  -------------------------------------------------------------------    -------------------





Min Delay Paths
--------------------------------------------------------------------------------------
Slack:                    inf
  Source:                 comb_lock_i/combination_lock_0/inst/state_reg[0]/C
                            (rising edge-triggered cell FDRE clocked by sys_clk_pin  {rise@0.000ns fall@5.000ns period=10.000ns})
  Destination:            door_open
                            (output port)
  Path Group:             (none)
  Path Type:              Min at Fast Process Corner
  Data Path Delay:        1.901ns  (logic 1.392ns (73.205%)  route 0.509ns (26.795%))
  Logic Levels:           2  (LUT6=1 OBUF=1)
  Clock Uncertainty:      0.025ns  ((TSJ^2 + TIJ^2)^1/2 + DJ) / 2 + PE
    Total System Jitter     (TSJ):    0.050ns
    Total Input Jitter      (TIJ):    0.000ns
    Discrete Jitter          (DJ):    0.000ns
    Phase Error              (PE):    0.000ns

    Location             Delay type                Incr(ns)  Path(ns)    Netlist Resource(s)
  -------------------------------------------------------------------    -------------------
                         (clock sys_clk_pin rise edge)
                                                      0.000     0.000 r  
    W5                                                0.000     0.000 r  ap_clk_0 (IN)
                         net (fo=0)                   0.000     0.000    ap_clk_0
    W5                   IBUF (Prop_ibuf_I_O)         0.226     0.226 r  ap_clk_0_IBUF_inst/O
                         net (fo=1, routed)           0.631     0.858    ap_clk_0_IBUF
    BUFGCTRL_X0Y0        BUFG (Prop_bufg_I_O)         0.026     0.884 r  ap_clk_0_IBUF_BUFG_inst/O
                         net (fo=39, routed)          0.595     1.478    comb_lock_i/combination_lock_0/inst/ap_clk
    SLICE_X0Y3           FDRE                                         r  comb_lock_i/combination_lock_0/inst/state_reg[0]/C
  -------------------------------------------------------------------    -------------------
    SLICE_X0Y3           FDRE (Prop_fdre_C_Q)         0.141     1.619 r  comb_lock_i/combination_lock_0/inst/state_reg[0]/Q
                         net (fo=3, routed)           0.196     1.815    comb_lock_i/combination_lock_0/inst/state[0]
    SLICE_X0Y3           LUT6 (Prop_lut6_I4_O)        0.045     1.860 r  comb_lock_i/combination_lock_0/inst/door_open[0]_INST_0/O
                         net (fo=8, routed)           0.314     2.174    door_open_OBUF
    U16                  OBUF (Prop_obuf_I_O)         1.206     3.380 r  door_open_OBUF_inst/O
                         net (fo=0)                   0.000     3.380    door_open
    U16                                                               r  door_open (OUT)
  -------------------------------------------------------------------    -------------------

Slack:                    inf
  Source:                 comb_lock_i/combination_lock_0/inst/state_reg[2]/C
                            (rising edge-triggered cell FDRE clocked by sys_clk_pin  {rise@0.000ns fall@5.000ns period=10.000ns})
  Destination:            sev_seg_data[5]
                            (output port)
  Path Group:             (none)
  Path Type:              Min at Fast Process Corner
  Data Path Delay:        3.054ns  (logic 1.504ns (49.237%)  route 1.550ns (50.763%))
  Logic Levels:           3  (LUT3=1 LUT6=1 OBUF=1)
  Clock Uncertainty:      0.025ns  ((TSJ^2 + TIJ^2)^1/2 + DJ) / 2 + PE
    Total System Jitter     (TSJ):    0.050ns
    Total Input Jitter      (TIJ):    0.000ns
    Discrete Jitter          (DJ):    0.000ns
    Phase Error              (PE):    0.000ns

    Location             Delay type                Incr(ns)  Path(ns)    Netlist Resource(s)
  -------------------------------------------------------------------    -------------------
                         (clock sys_clk_pin rise edge)
                                                      0.000     0.000 r  
    W5                                                0.000     0.000 r  ap_clk_0 (IN)
                         net (fo=0)                   0.000     0.000    ap_clk_0
    W5                   IBUF (Prop_ibuf_I_O)         0.226     0.226 r  ap_clk_0_IBUF_inst/O
                         net (fo=1, routed)           0.631     0.858    ap_clk_0_IBUF
    BUFGCTRL_X0Y0        BUFG (Prop_bufg_I_O)         0.026     0.884 r  ap_clk_0_IBUF_BUFG_inst/O
                         net (fo=39, routed)          0.595     1.478    comb_lock_i/combination_lock_0/inst/ap_clk
    SLICE_X0Y3           FDRE                                         r  comb_lock_i/combination_lock_0/inst/state_reg[2]/C
  -------------------------------------------------------------------    -------------------
    SLICE_X0Y3           FDRE (Prop_fdre_C_Q)         0.141     1.619 f  comb_lock_i/combination_lock_0/inst/state_reg[2]/Q
                         net (fo=3, routed)           0.144     1.764    comb_lock_i/combination_lock_0/inst/state[2]
    SLICE_X0Y3           LUT6 (Prop_lut6_I2_O)        0.045     1.809 r  comb_lock_i/combination_lock_0/inst/seven_segment_data[7]_INST_0_i_2/O
                         net (fo=7, routed)           0.230     2.038    comb_lock_i/combination_lock_0/inst/dout_tmp[1]
    SLICE_X1Y3           LUT3 (Prop_lut3_I1_O)        0.045     2.083 r  comb_lock_i/combination_lock_0/inst/seven_segment_data[5]_INST_0/O
                         net (fo=1, routed)           1.176     3.259    sev_seg_data_OBUF[5]
    V5                   OBUF (Prop_obuf_I_O)         1.273     4.532 r  sev_seg_data_OBUF[5]_inst/O
                         net (fo=0)                   0.000     4.532    sev_seg_data[5]
    V5                                                                r  sev_seg_data[5] (OUT)
  -------------------------------------------------------------------    -------------------

Slack:                    inf
  Source:                 comb_lock_i/combination_lock_0/inst/state_reg[0]/C
                            (rising edge-triggered cell FDRE clocked by sys_clk_pin  {rise@0.000ns fall@5.000ns period=10.000ns})
  Destination:            sev_seg_data[7]
                            (output port)
  Path Group:             (none)
  Path Type:              Min at Fast Process Corner
  Data Path Delay:        3.173ns  (logic 1.430ns (45.058%)  route 1.743ns (54.942%))
  Logic Levels:           3  (LUT3=1 LUT6=1 OBUF=1)
  Clock Uncertainty:      0.025ns  ((TSJ^2 + TIJ^2)^1/2 + DJ) / 2 + PE
    Total System Jitter     (TSJ):    0.050ns
    Total Input Jitter      (TIJ):    0.000ns
    Discrete Jitter          (DJ):    0.000ns
    Phase Error              (PE):    0.000ns

    Location             Delay type                Incr(ns)  Path(ns)    Netlist Resource(s)
  -------------------------------------------------------------------    -------------------
                         (clock sys_clk_pin rise edge)
                                                      0.000     0.000 r  
    W5                                                0.000     0.000 r  ap_clk_0 (IN)
                         net (fo=0)                   0.000     0.000    ap_clk_0
    W5                   IBUF (Prop_ibuf_I_O)         0.226     0.226 r  ap_clk_0_IBUF_inst/O
                         net (fo=1, routed)           0.631     0.858    ap_clk_0_IBUF
    BUFGCTRL_X0Y0        BUFG (Prop_bufg_I_O)         0.026     0.884 r  ap_clk_0_IBUF_BUFG_inst/O
                         net (fo=39, routed)          0.595     1.478    comb_lock_i/combination_lock_0/inst/ap_clk
    SLICE_X0Y3           FDRE                                         r  comb_lock_i/combination_lock_0/inst/state_reg[0]/C
  -------------------------------------------------------------------    -------------------
    SLICE_X0Y3           FDRE (Prop_fdre_C_Q)         0.141     1.619 r  comb_lock_i/combination_lock_0/inst/state_reg[0]/Q
                         net (fo=3, routed)           0.196     1.815    comb_lock_i/combination_lock_0/inst/state[0]
    SLICE_X0Y3           LUT6 (Prop_lut6_I4_O)        0.045     1.860 f  comb_lock_i/combination_lock_0/inst/door_open[0]_INST_0/O
                         net (fo=8, routed)           0.176     2.036    comb_lock_i/combination_lock_0/inst/door_open[0]
    SLICE_X1Y3           LUT3 (Prop_lut3_I0_O)        0.045     2.081 r  comb_lock_i/combination_lock_0/inst/seven_segment_data[7]_INST_0/O
                         net (fo=1, routed)           1.371     3.453    sev_seg_data_OBUF[7]
    V7                   OBUF (Prop_obuf_I_O)         1.199     4.651 r  sev_seg_data_OBUF[7]_inst/O
                         net (fo=0)                   0.000     4.651    sev_seg_data[7]
    V7                                                                r  sev_seg_data[7] (OUT)
  -------------------------------------------------------------------    -------------------

Slack:                    inf
  Source:                 comb_lock_i/combination_lock_0/inst/state_reg[2]/C
                            (rising edge-triggered cell FDRE clocked by sys_clk_pin  {rise@0.000ns fall@5.000ns period=10.000ns})
  Destination:            sev_seg_data[4]
                            (output port)
  Path Group:             (none)
  Path Type:              Min at Fast Process Corner
  Data Path Delay:        3.269ns  (logic 1.452ns (44.417%)  route 1.817ns (55.583%))
  Logic Levels:           3  (LUT3=1 LUT6=1 OBUF=1)
  Clock Uncertainty:      0.025ns  ((TSJ^2 + TIJ^2)^1/2 + DJ) / 2 + PE
    Total System Jitter     (TSJ):    0.050ns
    Total Input Jitter      (TIJ):    0.000ns
    Discrete Jitter          (DJ):    0.000ns
    Phase Error              (PE):    0.000ns

    Location             Delay type                Incr(ns)  Path(ns)    Netlist Resource(s)
  -------------------------------------------------------------------    -------------------
                         (clock sys_clk_pin rise edge)
                                                      0.000     0.000 r  
    W5                                                0.000     0.000 r  ap_clk_0 (IN)
                         net (fo=0)                   0.000     0.000    ap_clk_0
    W5                   IBUF (Prop_ibuf_I_O)         0.226     0.226 r  ap_clk_0_IBUF_inst/O
                         net (fo=1, routed)           0.631     0.858    ap_clk_0_IBUF
    BUFGCTRL_X0Y0        BUFG (Prop_bufg_I_O)         0.026     0.884 r  ap_clk_0_IBUF_BUFG_inst/O
                         net (fo=39, routed)          0.595     1.478    comb_lock_i/combination_lock_0/inst/ap_clk
    SLICE_X0Y3           FDRE                                         r  comb_lock_i/combination_lock_0/inst/state_reg[2]/C
  -------------------------------------------------------------------    -------------------
    SLICE_X0Y3           FDRE (Prop_fdre_C_Q)         0.141     1.619 r  comb_lock_i/combination_lock_0/inst/state_reg[2]/Q
                         net (fo=3, routed)           0.144     1.764    comb_lock_i/combination_lock_0/inst/state[2]
    SLICE_X0Y3           LUT6 (Prop_lut6_I2_O)        0.045     1.809 f  comb_lock_i/combination_lock_0/inst/seven_segment_data[7]_INST_0_i_2/O
                         net (fo=7, routed)           0.230     2.038    comb_lock_i/combination_lock_0/inst/dout_tmp[1]
    SLICE_X1Y3           LUT3 (Prop_lut3_I2_O)        0.045     2.083 r  comb_lock_i/combination_lock_0/inst/seven_segment_data[4]_INST_0/O
                         net (fo=1, routed)           1.443     3.526    sev_seg_data_OBUF[4]
    U5                   OBUF (Prop_obuf_I_O)         1.221     4.747 r  sev_seg_data_OBUF[4]_inst/O
                         net (fo=0)                   0.000     4.747    sev_seg_data[4]
    U5                                                                r  sev_seg_data[4] (OUT)
  -------------------------------------------------------------------    -------------------

Slack:                    inf
  Source:                 comb_lock_i/combination_lock_0/inst/state_reg[2]/C
                            (rising edge-triggered cell FDRE clocked by sys_clk_pin  {rise@0.000ns fall@5.000ns period=10.000ns})
  Destination:            sev_seg_data[6]
                            (output port)
  Path Group:             (none)
  Path Type:              Min at Fast Process Corner
  Data Path Delay:        3.316ns  (logic 1.526ns (46.027%)  route 1.790ns (53.973%))
  Logic Levels:           3  (LUT2=1 LUT6=1 OBUF=1)
  Clock Uncertainty:      0.025ns  ((TSJ^2 + TIJ^2)^1/2 + DJ) / 2 + PE
    Total System Jitter     (TSJ):    0.050ns
    Total Input Jitter      (TIJ):    0.000ns
    Discrete Jitter          (DJ):    0.000ns
    Phase Error              (PE):    0.000ns

    Location             Delay type                Incr(ns)  Path(ns)    Netlist Resource(s)
  -------------------------------------------------------------------    -------------------
                         (clock sys_clk_pin rise edge)
                                                      0.000     0.000 r  
    W5                                                0.000     0.000 r  ap_clk_0 (IN)
                         net (fo=0)                   0.000     0.000    ap_clk_0
    W5                   IBUF (Prop_ibuf_I_O)         0.226     0.226 r  ap_clk_0_IBUF_inst/O
                         net (fo=1, routed)           0.631     0.858    ap_clk_0_IBUF
    BUFGCTRL_X0Y0        BUFG (Prop_bufg_I_O)         0.026     0.884 r  ap_clk_0_IBUF_BUFG_inst/O
                         net (fo=39, routed)          0.595     1.478    comb_lock_i/combination_lock_0/inst/ap_clk
    SLICE_X0Y3           FDRE                                         r  comb_lock_i/combination_lock_0/inst/state_reg[2]/C
  -------------------------------------------------------------------    -------------------
    SLICE_X0Y3           FDRE (Prop_fdre_C_Q)         0.141     1.619 r  comb_lock_i/combination_lock_0/inst/state_reg[2]/Q
                         net (fo=3, routed)           0.144     1.764    comb_lock_i/combination_lock_0/inst/state[2]
    SLICE_X0Y3           LUT6 (Prop_lut6_I2_O)        0.045     1.809 f  comb_lock_i/combination_lock_0/inst/seven_segment_data[7]_INST_0_i_2/O
                         net (fo=7, routed)           0.231     2.040    comb_lock_i/combination_lock_0/inst/dout_tmp[1]
    SLICE_X1Y3           LUT2 (Prop_lut2_I1_O)        0.043     2.083 r  comb_lock_i/combination_lock_0/inst/seven_segment_data[6]_INST_0/O
                         net (fo=1, routed)           1.414     3.497    sev_seg_data_OBUF[6]
    U7                   OBUF (Prop_obuf_I_O)         1.297     4.794 r  sev_seg_data_OBUF[6]_inst/O
                         net (fo=0)                   0.000     4.794    sev_seg_data[6]
    U7                                                                r  sev_seg_data[6] (OUT)
  -------------------------------------------------------------------    -------------------

Slack:                    inf
  Source:                 comb_lock_i/combination_lock_0/inst/state_reg[2]/C
                            (rising edge-triggered cell FDRE clocked by sys_clk_pin  {rise@0.000ns fall@5.000ns period=10.000ns})
  Destination:            sev_seg_data[2]
                            (output port)
  Path Group:             (none)
  Path Type:              Min at Fast Process Corner
  Data Path Delay:        3.434ns  (logic 1.467ns (42.724%)  route 1.967ns (57.276%))
  Logic Levels:           3  (LUT3=1 LUT6=1 OBUF=1)
  Clock Uncertainty:      0.025ns  ((TSJ^2 + TIJ^2)^1/2 + DJ) / 2 + PE
    Total System Jitter     (TSJ):    0.050ns
    Total Input Jitter      (TIJ):    0.000ns
    Discrete Jitter          (DJ):    0.000ns
    Phase Error              (PE):    0.000ns

    Location             Delay type                Incr(ns)  Path(ns)    Netlist Resource(s)
  -------------------------------------------------------------------    -------------------
                         (clock sys_clk_pin rise edge)
                                                      0.000     0.000 r  
    W5                                                0.000     0.000 r  ap_clk_0 (IN)
                         net (fo=0)                   0.000     0.000    ap_clk_0
    W5                   IBUF (Prop_ibuf_I_O)         0.226     0.226 r  ap_clk_0_IBUF_inst/O
                         net (fo=1, routed)           0.631     0.858    ap_clk_0_IBUF
    BUFGCTRL_X0Y0        BUFG (Prop_bufg_I_O)         0.026     0.884 r  ap_clk_0_IBUF_BUFG_inst/O
                         net (fo=39, routed)          0.595     1.478    comb_lock_i/combination_lock_0/inst/ap_clk
    SLICE_X0Y3           FDRE                                         r  comb_lock_i/combination_lock_0/inst/state_reg[2]/C
  -------------------------------------------------------------------    -------------------
    SLICE_X0Y3           FDRE (Prop_fdre_C_Q)         0.141     1.619 f  comb_lock_i/combination_lock_0/inst/state_reg[2]/Q
                         net (fo=3, routed)           0.144     1.764    comb_lock_i/combination_lock_0/inst/state[2]
    SLICE_X0Y3           LUT6 (Prop_lut6_I2_O)        0.045     1.809 r  comb_lock_i/combination_lock_0/inst/seven_segment_data[7]_INST_0_i_2/O
                         net (fo=7, routed)           0.230     2.038    comb_lock_i/combination_lock_0/inst/dout_tmp[1]
    SLICE_X1Y3           LUT3 (Prop_lut3_I1_O)        0.045     2.083 r  comb_lock_i/combination_lock_0/inst/seven_segment_data[2]_INST_0/O
                         net (fo=1, routed)           1.593     3.676    sev_seg_data_OBUF[2]
    U8                   OBUF (Prop_obuf_I_O)         1.236     4.912 r  sev_seg_data_OBUF[2]_inst/O
                         net (fo=0)                   0.000     4.912    sev_seg_data[2]
    U8                                                                r  sev_seg_data[2] (OUT)
  -------------------------------------------------------------------    -------------------

Slack:                    inf
  Source:                 comb_lock_i/combination_lock_0/inst/state_reg[2]/C
                            (rising edge-triggered cell FDRE clocked by sys_clk_pin  {rise@0.000ns fall@5.000ns period=10.000ns})
  Destination:            sev_seg_data[3]
                            (output port)
  Path Group:             (none)
  Path Type:              Min at Fast Process Corner
  Data Path Delay:        3.465ns  (logic 1.530ns (44.163%)  route 1.935ns (55.837%))
  Logic Levels:           3  (LUT3=1 LUT6=1 OBUF=1)
  Clock Uncertainty:      0.025ns  ((TSJ^2 + TIJ^2)^1/2 + DJ) / 2 + PE
    Total System Jitter     (TSJ):    0.050ns
    Total Input Jitter      (TIJ):    0.000ns
    Discrete Jitter          (DJ):    0.000ns
    Phase Error              (PE):    0.000ns

    Location             Delay type                Incr(ns)  Path(ns)    Netlist Resource(s)
  -------------------------------------------------------------------    -------------------
                         (clock sys_clk_pin rise edge)
                                                      0.000     0.000 r  
    W5                                                0.000     0.000 r  ap_clk_0 (IN)
                         net (fo=0)                   0.000     0.000    ap_clk_0
    W5                   IBUF (Prop_ibuf_I_O)         0.226     0.226 r  ap_clk_0_IBUF_inst/O
                         net (fo=1, routed)           0.631     0.858    ap_clk_0_IBUF
    BUFGCTRL_X0Y0        BUFG (Prop_bufg_I_O)         0.026     0.884 r  ap_clk_0_IBUF_BUFG_inst/O
                         net (fo=39, routed)          0.595     1.478    comb_lock_i/combination_lock_0/inst/ap_clk
    SLICE_X0Y3           FDRE                                         r  comb_lock_i/combination_lock_0/inst/state_reg[2]/C
  -------------------------------------------------------------------    -------------------
    SLICE_X0Y3           FDRE (Prop_fdre_C_Q)         0.141     1.619 r  comb_lock_i/combination_lock_0/inst/state_reg[2]/Q
                         net (fo=3, routed)           0.144     1.764    comb_lock_i/combination_lock_0/inst/state[2]
    SLICE_X0Y3           LUT6 (Prop_lut6_I2_O)        0.045     1.809 f  comb_lock_i/combination_lock_0/inst/seven_segment_data[7]_INST_0_i_2/O
                         net (fo=7, routed)           0.230     2.038    comb_lock_i/combination_lock_0/inst/dout_tmp[1]
    SLICE_X1Y3           LUT3 (Prop_lut3_I2_O)        0.046     2.084 r  comb_lock_i/combination_lock_0/inst/seven_segment_data[0]_INST_0/O
                         net (fo=2, routed)           1.561     3.645    sev_seg_data_OBUF[3]
    V8                   OBUF (Prop_obuf_I_O)         1.298     4.943 r  sev_seg_data_OBUF[3]_inst/O
                         net (fo=0)                   0.000     4.943    sev_seg_data[3]
    V8                                                                r  sev_seg_data[3] (OUT)
  -------------------------------------------------------------------    -------------------

Slack:                    inf
  Source:                 comb_lock_i/combination_lock_0/inst/state_reg[2]/C
                            (rising edge-triggered cell FDRE clocked by sys_clk_pin  {rise@0.000ns fall@5.000ns period=10.000ns})
  Destination:            sev_seg_data[0]
                            (output port)
  Path Group:             (none)
  Path Type:              Min at Fast Process Corner
  Data Path Delay:        3.556ns  (logic 1.506ns (42.346%)  route 2.050ns (57.654%))
  Logic Levels:           3  (LUT3=1 LUT6=1 OBUF=1)
  Clock Uncertainty:      0.025ns  ((TSJ^2 + TIJ^2)^1/2 + DJ) / 2 + PE
    Total System Jitter     (TSJ):    0.050ns
    Total Input Jitter      (TIJ):    0.000ns
    Discrete Jitter          (DJ):    0.000ns
    Phase Error              (PE):    0.000ns

    Location             Delay type                Incr(ns)  Path(ns)    Netlist Resource(s)
  -------------------------------------------------------------------    -------------------
                         (clock sys_clk_pin rise edge)
                                                      0.000     0.000 r  
    W5                                                0.000     0.000 r  ap_clk_0 (IN)
                         net (fo=0)                   0.000     0.000    ap_clk_0
    W5                   IBUF (Prop_ibuf_I_O)         0.226     0.226 r  ap_clk_0_IBUF_inst/O
                         net (fo=1, routed)           0.631     0.858    ap_clk_0_IBUF
    BUFGCTRL_X0Y0        BUFG (Prop_bufg_I_O)         0.026     0.884 r  ap_clk_0_IBUF_BUFG_inst/O
                         net (fo=39, routed)          0.595     1.478    comb_lock_i/combination_lock_0/inst/ap_clk
    SLICE_X0Y3           FDRE                                         r  comb_lock_i/combination_lock_0/inst/state_reg[2]/C
  -------------------------------------------------------------------    -------------------
    SLICE_X0Y3           FDRE (Prop_fdre_C_Q)         0.141     1.619 r  comb_lock_i/combination_lock_0/inst/state_reg[2]/Q
                         net (fo=3, routed)           0.144     1.764    comb_lock_i/combination_lock_0/inst/state[2]
    SLICE_X0Y3           LUT6 (Prop_lut6_I2_O)        0.045     1.809 f  comb_lock_i/combination_lock_0/inst/seven_segment_data[7]_INST_0_i_2/O
                         net (fo=7, routed)           0.230     2.038    comb_lock_i/combination_lock_0/inst/dout_tmp[1]
    SLICE_X1Y3           LUT3 (Prop_lut3_I2_O)        0.046     2.084 r  comb_lock_i/combination_lock_0/inst/seven_segment_data[0]_INST_0/O
                         net (fo=2, routed)           1.676     3.760    sev_seg_data_OBUF[0]
    W7                   OBUF (Prop_obuf_I_O)         1.274     5.034 r  sev_seg_data_OBUF[0]_inst/O
                         net (fo=0)                   0.000     5.034    sev_seg_data[0]
    W7                                                                r  sev_seg_data[0] (OUT)
  -------------------------------------------------------------------    -------------------





--------------------------------------------------------------------------------------
Path Group:  (none)
From Clock:  
  To Clock:  sys_clk_pin

Max Delay            35 Endpoints
Min Delay            35 Endpoints
--------------------------------------------------------------------------------------


Max Delay Paths
--------------------------------------------------------------------------------------
Slack:                    inf
  Source:                 x[0]
                            (input port)
  Destination:            comb_lock_i/combination_lock_0/inst/state_reg[1]/D
                            (rising edge-triggered cell FDRE clocked by sys_clk_pin  {rise@0.000ns fall@5.000ns period=10.000ns})
  Path Group:             (none)
  Path Type:              Setup (Max at Slow Process Corner)
  Data Path Delay:        4.661ns  (logic 1.937ns (41.555%)  route 2.724ns (58.445%))
  Logic Levels:           3  (IBUF=1 LUT4=1 LUT6=1)
  Clock Path Skew:        4.860ns (DCD - SCD + CPR)
    Destination Clock Delay (DCD):    4.860ns
    Source Clock Delay      (SCD):    0.000ns
    Clock Pessimism Removal (CPR):    0.000ns
  Clock Uncertainty:      0.025ns  ((TSJ^2 + TIJ^2)^1/2 + DJ) / 2 + PE
    Total System Jitter     (TSJ):    0.050ns
    Total Input Jitter      (TIJ):    0.000ns
    Discrete Jitter          (DJ):    0.000ns
    Phase Error              (PE):    0.000ns

    Location             Delay type                Incr(ns)  Path(ns)    Netlist Resource(s)
  -------------------------------------------------------------------    -------------------
    V17                                               0.000     0.000 r  x[0] (IN)
                         net (fo=0)                   0.000     0.000    x[0]
    V17                  IBUF (Prop_ibuf_I_O)         1.453     1.453 r  x_IBUF[0]_inst/O
                         net (fo=4, routed)           1.582     3.035    comb_lock_i/combination_lock_0/inst/x[0]
    SLICE_X0Y4           LUT4 (Prop_lut4_I2_O)        0.152     3.187 r  comb_lock_i/combination_lock_0/inst/seven_segment_data[7]_INST_0_i_5/O
                         net (fo=1, routed)           0.728     3.915    comb_lock_i/combination_lock_0/inst/din3[1]
    SLICE_X0Y3           LUT6 (Prop_lut6_I5_O)        0.332     4.247 r  comb_lock_i/combination_lock_0/inst/seven_segment_data[7]_INST_0_i_2/O
                         net (fo=7, routed)           0.414     4.661    comb_lock_i/combination_lock_0/inst/dout_tmp[1]
    SLICE_X0Y3           FDRE                                         r  comb_lock_i/combination_lock_0/inst/state_reg[1]/D
  -------------------------------------------------------------------    -------------------

                         (clock sys_clk_pin rise edge)
                                                      0.000     0.000 r  
    W5                                                0.000     0.000 r  ap_clk_0 (IN)
                         net (fo=0)                   0.000     0.000    ap_clk_0
    W5                   IBUF (Prop_ibuf_I_O)         1.388     1.388 r  ap_clk_0_IBUF_inst/O
                         net (fo=1, routed)           1.862     3.250    ap_clk_0_IBUF
    BUFGCTRL_X0Y0        BUFG (Prop_bufg_I_O)         0.091     3.341 r  ap_clk_0_IBUF_BUFG_inst/O
                         net (fo=39, routed)          1.519     4.860    comb_lock_i/combination_lock_0/inst/ap_clk
    SLICE_X0Y3           FDRE                                         r  comb_lock_i/combination_lock_0/inst/state_reg[1]/C

Slack:                    inf
  Source:                 x[0]
                            (input port)
  Destination:            comb_lock_i/combination_lock_0/inst/state_reg[0]/D
                            (rising edge-triggered cell FDRE clocked by sys_clk_pin  {rise@0.000ns fall@5.000ns period=10.000ns})
  Path Group:             (none)
  Path Type:              Setup (Max at Slow Process Corner)
  Data Path Delay:        4.380ns  (logic 1.701ns (38.831%)  route 2.679ns (61.169%))
  Logic Levels:           3  (IBUF=1 LUT4=1 LUT6=1)
  Clock Path Skew:        4.860ns (DCD - SCD + CPR)
    Destination Clock Delay (DCD):    4.860ns
    Source Clock Delay      (SCD):    0.000ns
    Clock Pessimism Removal (CPR):    0.000ns
  Clock Uncertainty:      0.025ns  ((TSJ^2 + TIJ^2)^1/2 + DJ) / 2 + PE
    Total System Jitter     (TSJ):    0.050ns
    Total Input Jitter      (TIJ):    0.000ns
    Discrete Jitter          (DJ):    0.000ns
    Phase Error              (PE):    0.000ns

    Location             Delay type                Incr(ns)  Path(ns)    Netlist Resource(s)
  -------------------------------------------------------------------    -------------------
    V17                                               0.000     0.000 f  x[0] (IN)
                         net (fo=0)                   0.000     0.000    x[0]
    V17                  IBUF (Prop_ibuf_I_O)         1.453     1.453 f  x_IBUF[0]_inst/O
                         net (fo=4, routed)           1.582     3.035    comb_lock_i/combination_lock_0/inst/x[0]
    SLICE_X0Y4           LUT4 (Prop_lut4_I3_O)        0.124     3.159 r  comb_lock_i/combination_lock_0/inst/seven_segment_data[7]_INST_0_i_4/O
                         net (fo=1, routed)           0.506     3.666    comb_lock_i/combination_lock_0/inst/din4
    SLICE_X0Y3           LUT6 (Prop_lut6_I5_O)        0.124     3.790 r  comb_lock_i/combination_lock_0/inst/seven_segment_data[7]_INST_0_i_1/O
                         net (fo=6, routed)           0.591     4.380    comb_lock_i/combination_lock_0/inst/dout_tmp[0]
    SLICE_X0Y3           FDRE                                         r  comb_lock_i/combination_lock_0/inst/state_reg[0]/D
  -------------------------------------------------------------------    -------------------

                         (clock sys_clk_pin rise edge)
                                                      0.000     0.000 r  
    W5                                                0.000     0.000 r  ap_clk_0 (IN)
                         net (fo=0)                   0.000     0.000    ap_clk_0
    W5                   IBUF (Prop_ibuf_I_O)         1.388     1.388 r  ap_clk_0_IBUF_inst/O
                         net (fo=1, routed)           1.862     3.250    ap_clk_0_IBUF
    BUFGCTRL_X0Y0        BUFG (Prop_bufg_I_O)         0.091     3.341 r  ap_clk_0_IBUF_BUFG_inst/O
                         net (fo=39, routed)          1.519     4.860    comb_lock_i/combination_lock_0/inst/ap_clk
    SLICE_X0Y3           FDRE                                         r  comb_lock_i/combination_lock_0/inst/state_reg[0]/C

Slack:                    inf
  Source:                 enter[0]
                            (input port)
  Destination:            comb_lock_i/debouncer_0/U0/sig_cntrs_ary_reg[0][12]/R
                            (rising edge-triggered cell FDRE clocked by sys_clk_pin  {rise@0.000ns fall@5.000ns period=10.000ns})
  Path Group:             (none)
  Path Type:              Setup (Max at Slow Process Corner)
  Data Path Delay:        4.127ns  (logic 1.565ns (37.928%)  route 2.562ns (62.072%))
  Logic Levels:           2  (IBUF=1 LUT6=1)
  Clock Path Skew:        4.859ns (DCD - SCD + CPR)
    Destination Clock Delay (DCD):    4.859ns
    Source Clock Delay      (SCD):    0.000ns
    Clock Pessimism Removal (CPR):    0.000ns
  Clock Uncertainty:      0.025ns  ((TSJ^2 + TIJ^2)^1/2 + DJ) / 2 + PE
    Total System Jitter     (TSJ):    0.050ns
    Total Input Jitter      (TIJ):    0.000ns
    Discrete Jitter          (DJ):    0.000ns
    Phase Error              (PE):    0.000ns

    Location             Delay type                Incr(ns)  Path(ns)    Netlist Resource(s)
  -------------------------------------------------------------------    -------------------
    U18                                               0.000     0.000 r  enter[0] (IN)
                         net (fo=0)                   0.000     0.000    enter[0]
    U18                  IBUF (Prop_ibuf_I_O)         1.441     1.441 r  enter_IBUF[0]_inst/O
                         net (fo=1, routed)           1.583     3.024    comb_lock_i/debouncer_0/U0/SIGNAL_I[0]
    SLICE_X0Y5           LUT6 (Prop_lut6_I5_O)        0.124     3.148 r  comb_lock_i/debouncer_0/U0/sig_cntrs_ary[0][0]_i_1/O
                         net (fo=16, routed)          0.979     4.127    comb_lock_i/debouncer_0/U0/sig_cntrs_ary[0][0]_i_1_n_0
    SLICE_X1Y7           FDRE                                         r  comb_lock_i/debouncer_0/U0/sig_cntrs_ary_reg[0][12]/R
  -------------------------------------------------------------------    -------------------

                         (clock sys_clk_pin rise edge)
                                                      0.000     0.000 r  
    W5                                                0.000     0.000 r  ap_clk_0 (IN)
                         net (fo=0)                   0.000     0.000    ap_clk_0
    W5                   IBUF (Prop_ibuf_I_O)         1.388     1.388 r  ap_clk_0_IBUF_inst/O
                         net (fo=1, routed)           1.862     3.250    ap_clk_0_IBUF
    BUFGCTRL_X0Y0        BUFG (Prop_bufg_I_O)         0.091     3.341 r  ap_clk_0_IBUF_BUFG_inst/O
                         net (fo=39, routed)          1.518     4.859    comb_lock_i/debouncer_0/U0/CLK_I
    SLICE_X1Y7           FDRE                                         r  comb_lock_i/debouncer_0/U0/sig_cntrs_ary_reg[0][12]/C

Slack:                    inf
  Source:                 enter[0]
                            (input port)
  Destination:            comb_lock_i/debouncer_0/U0/sig_cntrs_ary_reg[0][13]/R
                            (rising edge-triggered cell FDRE clocked by sys_clk_pin  {rise@0.000ns fall@5.000ns period=10.000ns})
  Path Group:             (none)
  Path Type:              Setup (Max at Slow Process Corner)
  Data Path Delay:        4.127ns  (logic 1.565ns (37.928%)  route 2.562ns (62.072%))
  Logic Levels:           2  (IBUF=1 LUT6=1)
  Clock Path Skew:        4.859ns (DCD - SCD + CPR)
    Destination Clock Delay (DCD):    4.859ns
    Source Clock Delay      (SCD):    0.000ns
    Clock Pessimism Removal (CPR):    0.000ns
  Clock Uncertainty:      0.025ns  ((TSJ^2 + TIJ^2)^1/2 + DJ) / 2 + PE
    Total System Jitter     (TSJ):    0.050ns
    Total Input Jitter      (TIJ):    0.000ns
    Discrete Jitter          (DJ):    0.000ns
    Phase Error              (PE):    0.000ns

    Location             Delay type                Incr(ns)  Path(ns)    Netlist Resource(s)
  -------------------------------------------------------------------    -------------------
    U18                                               0.000     0.000 r  enter[0] (IN)
                         net (fo=0)                   0.000     0.000    enter[0]
    U18                  IBUF (Prop_ibuf_I_O)         1.441     1.441 r  enter_IBUF[0]_inst/O
                         net (fo=1, routed)           1.583     3.024    comb_lock_i/debouncer_0/U0/SIGNAL_I[0]
    SLICE_X0Y5           LUT6 (Prop_lut6_I5_O)        0.124     3.148 r  comb_lock_i/debouncer_0/U0/sig_cntrs_ary[0][0]_i_1/O
                         net (fo=16, routed)          0.979     4.127    comb_lock_i/debouncer_0/U0/sig_cntrs_ary[0][0]_i_1_n_0
    SLICE_X1Y7           FDRE                                         r  comb_lock_i/debouncer_0/U0/sig_cntrs_ary_reg[0][13]/R
  -------------------------------------------------------------------    -------------------

                         (clock sys_clk_pin rise edge)
                                                      0.000     0.000 r  
    W5                                                0.000     0.000 r  ap_clk_0 (IN)
                         net (fo=0)                   0.000     0.000    ap_clk_0
    W5                   IBUF (Prop_ibuf_I_O)         1.388     1.388 r  ap_clk_0_IBUF_inst/O
                         net (fo=1, routed)           1.862     3.250    ap_clk_0_IBUF
    BUFGCTRL_X0Y0        BUFG (Prop_bufg_I_O)         0.091     3.341 r  ap_clk_0_IBUF_BUFG_inst/O
                         net (fo=39, routed)          1.518     4.859    comb_lock_i/debouncer_0/U0/CLK_I
    SLICE_X1Y7           FDRE                                         r  comb_lock_i/debouncer_0/U0/sig_cntrs_ary_reg[0][13]/C

Slack:                    inf
  Source:                 enter[0]
                            (input port)
  Destination:            comb_lock_i/debouncer_0/U0/sig_cntrs_ary_reg[0][14]/R
                            (rising edge-triggered cell FDRE clocked by sys_clk_pin  {rise@0.000ns fall@5.000ns period=10.000ns})
  Path Group:             (none)
  Path Type:              Setup (Max at Slow Process Corner)
  Data Path Delay:        4.127ns  (logic 1.565ns (37.928%)  route 2.562ns (62.072%))
  Logic Levels:           2  (IBUF=1 LUT6=1)
  Clock Path Skew:        4.859ns (DCD - SCD + CPR)
    Destination Clock Delay (DCD):    4.859ns
    Source Clock Delay      (SCD):    0.000ns
    Clock Pessimism Removal (CPR):    0.000ns
  Clock Uncertainty:      0.025ns  ((TSJ^2 + TIJ^2)^1/2 + DJ) / 2 + PE
    Total System Jitter     (TSJ):    0.050ns
    Total Input Jitter      (TIJ):    0.000ns
    Discrete Jitter          (DJ):    0.000ns
    Phase Error              (PE):    0.000ns

    Location             Delay type                Incr(ns)  Path(ns)    Netlist Resource(s)
  -------------------------------------------------------------------    -------------------
    U18                                               0.000     0.000 r  enter[0] (IN)
                         net (fo=0)                   0.000     0.000    enter[0]
    U18                  IBUF (Prop_ibuf_I_O)         1.441     1.441 r  enter_IBUF[0]_inst/O
                         net (fo=1, routed)           1.583     3.024    comb_lock_i/debouncer_0/U0/SIGNAL_I[0]
    SLICE_X0Y5           LUT6 (Prop_lut6_I5_O)        0.124     3.148 r  comb_lock_i/debouncer_0/U0/sig_cntrs_ary[0][0]_i_1/O
                         net (fo=16, routed)          0.979     4.127    comb_lock_i/debouncer_0/U0/sig_cntrs_ary[0][0]_i_1_n_0
    SLICE_X1Y7           FDRE                                         r  comb_lock_i/debouncer_0/U0/sig_cntrs_ary_reg[0][14]/R
  -------------------------------------------------------------------    -------------------

                         (clock sys_clk_pin rise edge)
                                                      0.000     0.000 r  
    W5                                                0.000     0.000 r  ap_clk_0 (IN)
                         net (fo=0)                   0.000     0.000    ap_clk_0
    W5                   IBUF (Prop_ibuf_I_O)         1.388     1.388 r  ap_clk_0_IBUF_inst/O
                         net (fo=1, routed)           1.862     3.250    ap_clk_0_IBUF
    BUFGCTRL_X0Y0        BUFG (Prop_bufg_I_O)         0.091     3.341 r  ap_clk_0_IBUF_BUFG_inst/O
                         net (fo=39, routed)          1.518     4.859    comb_lock_i/debouncer_0/U0/CLK_I
    SLICE_X1Y7           FDRE                                         r  comb_lock_i/debouncer_0/U0/sig_cntrs_ary_reg[0][14]/C

Slack:                    inf
  Source:                 enter[0]
                            (input port)
  Destination:            comb_lock_i/debouncer_0/U0/sig_cntrs_ary_reg[0][15]/R
                            (rising edge-triggered cell FDRE clocked by sys_clk_pin  {rise@0.000ns fall@5.000ns period=10.000ns})
  Path Group:             (none)
  Path Type:              Setup (Max at Slow Process Corner)
  Data Path Delay:        4.127ns  (logic 1.565ns (37.928%)  route 2.562ns (62.072%))
  Logic Levels:           2  (IBUF=1 LUT6=1)
  Clock Path Skew:        4.859ns (DCD - SCD + CPR)
    Destination Clock Delay (DCD):    4.859ns
    Source Clock Delay      (SCD):    0.000ns
    Clock Pessimism Removal (CPR):    0.000ns
  Clock Uncertainty:      0.025ns  ((TSJ^2 + TIJ^2)^1/2 + DJ) / 2 + PE
    Total System Jitter     (TSJ):    0.050ns
    Total Input Jitter      (TIJ):    0.000ns
    Discrete Jitter          (DJ):    0.000ns
    Phase Error              (PE):    0.000ns

    Location             Delay type                Incr(ns)  Path(ns)    Netlist Resource(s)
  -------------------------------------------------------------------    -------------------
    U18                                               0.000     0.000 r  enter[0] (IN)
                         net (fo=0)                   0.000     0.000    enter[0]
    U18                  IBUF (Prop_ibuf_I_O)         1.441     1.441 r  enter_IBUF[0]_inst/O
                         net (fo=1, routed)           1.583     3.024    comb_lock_i/debouncer_0/U0/SIGNAL_I[0]
    SLICE_X0Y5           LUT6 (Prop_lut6_I5_O)        0.124     3.148 r  comb_lock_i/debouncer_0/U0/sig_cntrs_ary[0][0]_i_1/O
                         net (fo=16, routed)          0.979     4.127    comb_lock_i/debouncer_0/U0/sig_cntrs_ary[0][0]_i_1_n_0
    SLICE_X1Y7           FDRE                                         r  comb_lock_i/debouncer_0/U0/sig_cntrs_ary_reg[0][15]/R
  -------------------------------------------------------------------    -------------------

                         (clock sys_clk_pin rise edge)
                                                      0.000     0.000 r  
    W5                                                0.000     0.000 r  ap_clk_0 (IN)
                         net (fo=0)                   0.000     0.000    ap_clk_0
    W5                   IBUF (Prop_ibuf_I_O)         1.388     1.388 r  ap_clk_0_IBUF_inst/O
                         net (fo=1, routed)           1.862     3.250    ap_clk_0_IBUF
    BUFGCTRL_X0Y0        BUFG (Prop_bufg_I_O)         0.091     3.341 r  ap_clk_0_IBUF_BUFG_inst/O
                         net (fo=39, routed)          1.518     4.859    comb_lock_i/debouncer_0/U0/CLK_I
    SLICE_X1Y7           FDRE                                         r  comb_lock_i/debouncer_0/U0/sig_cntrs_ary_reg[0][15]/C

Slack:                    inf
  Source:                 x[3]
                            (input port)
  Destination:            comb_lock_i/combination_lock_0/inst/state_reg[2]/D
                            (rising edge-triggered cell FDRE clocked by sys_clk_pin  {rise@0.000ns fall@5.000ns period=10.000ns})
  Path Group:             (none)
  Path Type:              Setup (Max at Slow Process Corner)
  Data Path Delay:        4.054ns  (logic 1.926ns (47.522%)  route 2.127ns (52.478%))
  Logic Levels:           3  (IBUF=1 LUT4=1 LUT6=1)
  Clock Path Skew:        4.860ns (DCD - SCD + CPR)
    Destination Clock Delay (DCD):    4.860ns
    Source Clock Delay      (SCD):    0.000ns
    Clock Pessimism Removal (CPR):    0.000ns
  Clock Uncertainty:      0.025ns  ((TSJ^2 + TIJ^2)^1/2 + DJ) / 2 + PE
    Total System Jitter     (TSJ):    0.050ns
    Total Input Jitter      (TIJ):    0.000ns
    Discrete Jitter          (DJ):    0.000ns
    Phase Error              (PE):    0.000ns

    Location             Delay type                Incr(ns)  Path(ns)    Netlist Resource(s)
  -------------------------------------------------------------------    -------------------
    W17                                               0.000     0.000 f  x[3] (IN)
                         net (fo=0)                   0.000     0.000    x[3]
    W17                  IBUF (Prop_ibuf_I_O)         1.448     1.448 f  x_IBUF[3]_inst/O
                         net (fo=4, routed)           1.450     2.899    comb_lock_i/combination_lock_0/inst/x[3]
    SLICE_X0Y4           LUT4 (Prop_lut4_I0_O)        0.152     3.051 r  comb_lock_i/combination_lock_0/inst/door_open[0]_INST_0_i_1/O
                         net (fo=1, routed)           0.306     3.357    comb_lock_i/combination_lock_0/inst/p_0_in
    SLICE_X0Y3           LUT6 (Prop_lut6_I0_O)        0.326     3.683 r  comb_lock_i/combination_lock_0/inst/door_open[0]_INST_0/O
                         net (fo=8, routed)           0.371     4.054    comb_lock_i/combination_lock_0/inst/door_open[0]
    SLICE_X0Y3           FDRE                                         r  comb_lock_i/combination_lock_0/inst/state_reg[2]/D
  -------------------------------------------------------------------    -------------------

                         (clock sys_clk_pin rise edge)
                                                      0.000     0.000 r  
    W5                                                0.000     0.000 r  ap_clk_0 (IN)
                         net (fo=0)                   0.000     0.000    ap_clk_0
    W5                   IBUF (Prop_ibuf_I_O)         1.388     1.388 r  ap_clk_0_IBUF_inst/O
                         net (fo=1, routed)           1.862     3.250    ap_clk_0_IBUF
    BUFGCTRL_X0Y0        BUFG (Prop_bufg_I_O)         0.091     3.341 r  ap_clk_0_IBUF_BUFG_inst/O
                         net (fo=39, routed)          1.519     4.860    comb_lock_i/combination_lock_0/inst/ap_clk
    SLICE_X0Y3           FDRE                                         r  comb_lock_i/combination_lock_0/inst/state_reg[2]/C

Slack:                    inf
  Source:                 enter[0]
                            (input port)
  Destination:            comb_lock_i/debouncer_0/U0/sig_cntrs_ary_reg[0][10]/R
                            (rising edge-triggered cell FDRE clocked by sys_clk_pin  {rise@0.000ns fall@5.000ns period=10.000ns})
  Path Group:             (none)
  Path Type:              Setup (Max at Slow Process Corner)
  Data Path Delay:        3.989ns  (logic 1.565ns (39.244%)  route 2.423ns (60.756%))
  Logic Levels:           2  (IBUF=1 LUT6=1)
  Clock Path Skew:        4.860ns (DCD - SCD + CPR)
    Destination Clock Delay (DCD):    4.860ns
    Source Clock Delay      (SCD):    0.000ns
    Clock Pessimism Removal (CPR):    0.000ns
  Clock Uncertainty:      0.025ns  ((TSJ^2 + TIJ^2)^1/2 + DJ) / 2 + PE
    Total System Jitter     (TSJ):    0.050ns
    Total Input Jitter      (TIJ):    0.000ns
    Discrete Jitter          (DJ):    0.000ns
    Phase Error              (PE):    0.000ns

    Location             Delay type                Incr(ns)  Path(ns)    Netlist Resource(s)
  -------------------------------------------------------------------    -------------------
    U18                                               0.000     0.000 r  enter[0] (IN)
                         net (fo=0)                   0.000     0.000    enter[0]
    U18                  IBUF (Prop_ibuf_I_O)         1.441     1.441 r  enter_IBUF[0]_inst/O
                         net (fo=1, routed)           1.583     3.024    comb_lock_i/debouncer_0/U0/SIGNAL_I[0]
    SLICE_X0Y5           LUT6 (Prop_lut6_I5_O)        0.124     3.148 r  comb_lock_i/debouncer_0/U0/sig_cntrs_ary[0][0]_i_1/O
                         net (fo=16, routed)          0.840     3.989    comb_lock_i/debouncer_0/U0/sig_cntrs_ary[0][0]_i_1_n_0
    SLICE_X1Y6           FDRE                                         r  comb_lock_i/debouncer_0/U0/sig_cntrs_ary_reg[0][10]/R
  -------------------------------------------------------------------    -------------------

                         (clock sys_clk_pin rise edge)
                                                      0.000     0.000 r  
    W5                                                0.000     0.000 r  ap_clk_0 (IN)
                         net (fo=0)                   0.000     0.000    ap_clk_0
    W5                   IBUF (Prop_ibuf_I_O)         1.388     1.388 r  ap_clk_0_IBUF_inst/O
                         net (fo=1, routed)           1.862     3.250    ap_clk_0_IBUF
    BUFGCTRL_X0Y0        BUFG (Prop_bufg_I_O)         0.091     3.341 r  ap_clk_0_IBUF_BUFG_inst/O
                         net (fo=39, routed)          1.519     4.860    comb_lock_i/debouncer_0/U0/CLK_I
    SLICE_X1Y6           FDRE                                         r  comb_lock_i/debouncer_0/U0/sig_cntrs_ary_reg[0][10]/C

Slack:                    inf
  Source:                 enter[0]
                            (input port)
  Destination:            comb_lock_i/debouncer_0/U0/sig_cntrs_ary_reg[0][11]/R
                            (rising edge-triggered cell FDRE clocked by sys_clk_pin  {rise@0.000ns fall@5.000ns period=10.000ns})
  Path Group:             (none)
  Path Type:              Setup (Max at Slow Process Corner)
  Data Path Delay:        3.989ns  (logic 1.565ns (39.244%)  route 2.423ns (60.756%))
  Logic Levels:           2  (IBUF=1 LUT6=1)
  Clock Path Skew:        4.860ns (DCD - SCD + CPR)
    Destination Clock Delay (DCD):    4.860ns
    Source Clock Delay      (SCD):    0.000ns
    Clock Pessimism Removal (CPR):    0.000ns
  Clock Uncertainty:      0.025ns  ((TSJ^2 + TIJ^2)^1/2 + DJ) / 2 + PE
    Total System Jitter     (TSJ):    0.050ns
    Total Input Jitter      (TIJ):    0.000ns
    Discrete Jitter          (DJ):    0.000ns
    Phase Error              (PE):    0.000ns

    Location             Delay type                Incr(ns)  Path(ns)    Netlist Resource(s)
  -------------------------------------------------------------------    -------------------
    U18                                               0.000     0.000 r  enter[0] (IN)
                         net (fo=0)                   0.000     0.000    enter[0]
    U18                  IBUF (Prop_ibuf_I_O)         1.441     1.441 r  enter_IBUF[0]_inst/O
                         net (fo=1, routed)           1.583     3.024    comb_lock_i/debouncer_0/U0/SIGNAL_I[0]
    SLICE_X0Y5           LUT6 (Prop_lut6_I5_O)        0.124     3.148 r  comb_lock_i/debouncer_0/U0/sig_cntrs_ary[0][0]_i_1/O
                         net (fo=16, routed)          0.840     3.989    comb_lock_i/debouncer_0/U0/sig_cntrs_ary[0][0]_i_1_n_0
    SLICE_X1Y6           FDRE                                         r  comb_lock_i/debouncer_0/U0/sig_cntrs_ary_reg[0][11]/R
  -------------------------------------------------------------------    -------------------

                         (clock sys_clk_pin rise edge)
                                                      0.000     0.000 r  
    W5                                                0.000     0.000 r  ap_clk_0 (IN)
                         net (fo=0)                   0.000     0.000    ap_clk_0
    W5                   IBUF (Prop_ibuf_I_O)         1.388     1.388 r  ap_clk_0_IBUF_inst/O
                         net (fo=1, routed)           1.862     3.250    ap_clk_0_IBUF
    BUFGCTRL_X0Y0        BUFG (Prop_bufg_I_O)         0.091     3.341 r  ap_clk_0_IBUF_BUFG_inst/O
                         net (fo=39, routed)          1.519     4.860    comb_lock_i/debouncer_0/U0/CLK_I
    SLICE_X1Y6           FDRE                                         r  comb_lock_i/debouncer_0/U0/sig_cntrs_ary_reg[0][11]/C

Slack:                    inf
  Source:                 enter[0]
                            (input port)
  Destination:            comb_lock_i/debouncer_0/U0/sig_cntrs_ary_reg[0][8]/R
                            (rising edge-triggered cell FDRE clocked by sys_clk_pin  {rise@0.000ns fall@5.000ns period=10.000ns})
  Path Group:             (none)
  Path Type:              Setup (Max at Slow Process Corner)
  Data Path Delay:        3.989ns  (logic 1.565ns (39.244%)  route 2.423ns (60.756%))
  Logic Levels:           2  (IBUF=1 LUT6=1)
  Clock Path Skew:        4.860ns (DCD - SCD + CPR)
    Destination Clock Delay (DCD):    4.860ns
    Source Clock Delay      (SCD):    0.000ns
    Clock Pessimism Removal (CPR):    0.000ns
  Clock Uncertainty:      0.025ns  ((TSJ^2 + TIJ^2)^1/2 + DJ) / 2 + PE
    Total System Jitter     (TSJ):    0.050ns
    Total Input Jitter      (TIJ):    0.000ns
    Discrete Jitter          (DJ):    0.000ns
    Phase Error              (PE):    0.000ns

    Location             Delay type                Incr(ns)  Path(ns)    Netlist Resource(s)
  -------------------------------------------------------------------    -------------------
    U18                                               0.000     0.000 r  enter[0] (IN)
                         net (fo=0)                   0.000     0.000    enter[0]
    U18                  IBUF (Prop_ibuf_I_O)         1.441     1.441 r  enter_IBUF[0]_inst/O
                         net (fo=1, routed)           1.583     3.024    comb_lock_i/debouncer_0/U0/SIGNAL_I[0]
    SLICE_X0Y5           LUT6 (Prop_lut6_I5_O)        0.124     3.148 r  comb_lock_i/debouncer_0/U0/sig_cntrs_ary[0][0]_i_1/O
                         net (fo=16, routed)          0.840     3.989    comb_lock_i/debouncer_0/U0/sig_cntrs_ary[0][0]_i_1_n_0
    SLICE_X1Y6           FDRE                                         r  comb_lock_i/debouncer_0/U0/sig_cntrs_ary_reg[0][8]/R
  -------------------------------------------------------------------    -------------------

                         (clock sys_clk_pin rise edge)
                                                      0.000     0.000 r  
    W5                                                0.000     0.000 r  ap_clk_0 (IN)
                         net (fo=0)                   0.000     0.000    ap_clk_0
    W5                   IBUF (Prop_ibuf_I_O)         1.388     1.388 r  ap_clk_0_IBUF_inst/O
                         net (fo=1, routed)           1.862     3.250    ap_clk_0_IBUF
    BUFGCTRL_X0Y0        BUFG (Prop_bufg_I_O)         0.091     3.341 r  ap_clk_0_IBUF_BUFG_inst/O
                         net (fo=39, routed)          1.519     4.860    comb_lock_i/debouncer_0/U0/CLK_I
    SLICE_X1Y6           FDRE                                         r  comb_lock_i/debouncer_0/U0/sig_cntrs_ary_reg[0][8]/C





Min Delay Paths
--------------------------------------------------------------------------------------
Slack:                    inf
  Source:                 enter[0]
                            (input port)
  Destination:            comb_lock_i/debouncer_0/U0/sig_cntrs_ary_reg[0][0]/R
                            (rising edge-triggered cell FDRE clocked by sys_clk_pin  {rise@0.000ns fall@5.000ns period=10.000ns})
  Path Group:             (none)
  Path Type:              Hold (Min at Fast Process Corner)
  Data Path Delay:        0.971ns  (logic 0.255ns (26.209%)  route 0.717ns (73.791%))
  Logic Levels:           2  (IBUF=1 LUT6=1)
  Clock Path Skew:        1.993ns (DCD - SCD - CPR)
    Destination Clock Delay (DCD):    1.993ns
    Source Clock Delay      (SCD):    0.000ns
    Clock Pessimism Removal (CPR):    -0.000ns

    Location             Delay type                Incr(ns)  Path(ns)    Netlist Resource(s)
  -------------------------------------------------------------------    -------------------
    U18                                               0.000     0.000 r  enter[0] (IN)
                         net (fo=0)                   0.000     0.000    enter[0]
    U18                  IBUF (Prop_ibuf_I_O)         0.210     0.210 r  enter_IBUF[0]_inst/O
                         net (fo=1, routed)           0.587     0.796    comb_lock_i/debouncer_0/U0/SIGNAL_I[0]
    SLICE_X0Y5           LUT6 (Prop_lut6_I5_O)        0.045     0.841 r  comb_lock_i/debouncer_0/U0/sig_cntrs_ary[0][0]_i_1/O
                         net (fo=16, routed)          0.130     0.971    comb_lock_i/debouncer_0/U0/sig_cntrs_ary[0][0]_i_1_n_0
    SLICE_X1Y4           FDRE                                         r  comb_lock_i/debouncer_0/U0/sig_cntrs_ary_reg[0][0]/R
  -------------------------------------------------------------------    -------------------

                         (clock sys_clk_pin rise edge)
                                                      0.000     0.000 r  
    W5                                                0.000     0.000 r  ap_clk_0 (IN)
                         net (fo=0)                   0.000     0.000    ap_clk_0
    W5                   IBUF (Prop_ibuf_I_O)         0.414     0.414 r  ap_clk_0_IBUF_inst/O
                         net (fo=1, routed)           0.685     1.099    ap_clk_0_IBUF
    BUFGCTRL_X0Y0        BUFG (Prop_bufg_I_O)         0.029     1.128 r  ap_clk_0_IBUF_BUFG_inst/O
                         net (fo=39, routed)          0.866     1.993    comb_lock_i/debouncer_0/U0/CLK_I
    SLICE_X1Y4           FDRE                                         r  comb_lock_i/debouncer_0/U0/sig_cntrs_ary_reg[0][0]/C

Slack:                    inf
  Source:                 enter[0]
                            (input port)
  Destination:            comb_lock_i/debouncer_0/U0/sig_cntrs_ary_reg[0][1]/R
                            (rising edge-triggered cell FDRE clocked by sys_clk_pin  {rise@0.000ns fall@5.000ns period=10.000ns})
  Path Group:             (none)
  Path Type:              Hold (Min at Fast Process Corner)
  Data Path Delay:        0.971ns  (logic 0.255ns (26.209%)  route 0.717ns (73.791%))
  Logic Levels:           2  (IBUF=1 LUT6=1)
  Clock Path Skew:        1.993ns (DCD - SCD - CPR)
    Destination Clock Delay (DCD):    1.993ns
    Source Clock Delay      (SCD):    0.000ns
    Clock Pessimism Removal (CPR):    -0.000ns

    Location             Delay type                Incr(ns)  Path(ns)    Netlist Resource(s)
  -------------------------------------------------------------------    -------------------
    U18                                               0.000     0.000 r  enter[0] (IN)
                         net (fo=0)                   0.000     0.000    enter[0]
    U18                  IBUF (Prop_ibuf_I_O)         0.210     0.210 r  enter_IBUF[0]_inst/O
                         net (fo=1, routed)           0.587     0.796    comb_lock_i/debouncer_0/U0/SIGNAL_I[0]
    SLICE_X0Y5           LUT6 (Prop_lut6_I5_O)        0.045     0.841 r  comb_lock_i/debouncer_0/U0/sig_cntrs_ary[0][0]_i_1/O
                         net (fo=16, routed)          0.130     0.971    comb_lock_i/debouncer_0/U0/sig_cntrs_ary[0][0]_i_1_n_0
    SLICE_X1Y4           FDRE                                         r  comb_lock_i/debouncer_0/U0/sig_cntrs_ary_reg[0][1]/R
  -------------------------------------------------------------------    -------------------

                         (clock sys_clk_pin rise edge)
                                                      0.000     0.000 r  
    W5                                                0.000     0.000 r  ap_clk_0 (IN)
                         net (fo=0)                   0.000     0.000    ap_clk_0
    W5                   IBUF (Prop_ibuf_I_O)         0.414     0.414 r  ap_clk_0_IBUF_inst/O
                         net (fo=1, routed)           0.685     1.099    ap_clk_0_IBUF
    BUFGCTRL_X0Y0        BUFG (Prop_bufg_I_O)         0.029     1.128 r  ap_clk_0_IBUF_BUFG_inst/O
                         net (fo=39, routed)          0.866     1.993    comb_lock_i/debouncer_0/U0/CLK_I
    SLICE_X1Y4           FDRE                                         r  comb_lock_i/debouncer_0/U0/sig_cntrs_ary_reg[0][1]/C

Slack:                    inf
  Source:                 enter[0]
                            (input port)
  Destination:            comb_lock_i/debouncer_0/U0/sig_cntrs_ary_reg[0][2]/R
                            (rising edge-triggered cell FDRE clocked by sys_clk_pin  {rise@0.000ns fall@5.000ns period=10.000ns})
  Path Group:             (none)
  Path Type:              Hold (Min at Fast Process Corner)
  Data Path Delay:        0.971ns  (logic 0.255ns (26.209%)  route 0.717ns (73.791%))
  Logic Levels:           2  (IBUF=1 LUT6=1)
  Clock Path Skew:        1.993ns (DCD - SCD - CPR)
    Destination Clock Delay (DCD):    1.993ns
    Source Clock Delay      (SCD):    0.000ns
    Clock Pessimism Removal (CPR):    -0.000ns

    Location             Delay type                Incr(ns)  Path(ns)    Netlist Resource(s)
  -------------------------------------------------------------------    -------------------
    U18                                               0.000     0.000 r  enter[0] (IN)
                         net (fo=0)                   0.000     0.000    enter[0]
    U18                  IBUF (Prop_ibuf_I_O)         0.210     0.210 r  enter_IBUF[0]_inst/O
                         net (fo=1, routed)           0.587     0.796    comb_lock_i/debouncer_0/U0/SIGNAL_I[0]
    SLICE_X0Y5           LUT6 (Prop_lut6_I5_O)        0.045     0.841 r  comb_lock_i/debouncer_0/U0/sig_cntrs_ary[0][0]_i_1/O
                         net (fo=16, routed)          0.130     0.971    comb_lock_i/debouncer_0/U0/sig_cntrs_ary[0][0]_i_1_n_0
    SLICE_X1Y4           FDRE                                         r  comb_lock_i/debouncer_0/U0/sig_cntrs_ary_reg[0][2]/R
  -------------------------------------------------------------------    -------------------

                         (clock sys_clk_pin rise edge)
                                                      0.000     0.000 r  
    W5                                                0.000     0.000 r  ap_clk_0 (IN)
                         net (fo=0)                   0.000     0.000    ap_clk_0
    W5                   IBUF (Prop_ibuf_I_O)         0.414     0.414 r  ap_clk_0_IBUF_inst/O
                         net (fo=1, routed)           0.685     1.099    ap_clk_0_IBUF
    BUFGCTRL_X0Y0        BUFG (Prop_bufg_I_O)         0.029     1.128 r  ap_clk_0_IBUF_BUFG_inst/O
                         net (fo=39, routed)          0.866     1.993    comb_lock_i/debouncer_0/U0/CLK_I
    SLICE_X1Y4           FDRE                                         r  comb_lock_i/debouncer_0/U0/sig_cntrs_ary_reg[0][2]/C

Slack:                    inf
  Source:                 enter[0]
                            (input port)
  Destination:            comb_lock_i/debouncer_0/U0/sig_cntrs_ary_reg[0][3]/R
                            (rising edge-triggered cell FDRE clocked by sys_clk_pin  {rise@0.000ns fall@5.000ns period=10.000ns})
  Path Group:             (none)
  Path Type:              Hold (Min at Fast Process Corner)
  Data Path Delay:        0.971ns  (logic 0.255ns (26.209%)  route 0.717ns (73.791%))
  Logic Levels:           2  (IBUF=1 LUT6=1)
  Clock Path Skew:        1.993ns (DCD - SCD - CPR)
    Destination Clock Delay (DCD):    1.993ns
    Source Clock Delay      (SCD):    0.000ns
    Clock Pessimism Removal (CPR):    -0.000ns

    Location             Delay type                Incr(ns)  Path(ns)    Netlist Resource(s)
  -------------------------------------------------------------------    -------------------
    U18                                               0.000     0.000 r  enter[0] (IN)
                         net (fo=0)                   0.000     0.000    enter[0]
    U18                  IBUF (Prop_ibuf_I_O)         0.210     0.210 r  enter_IBUF[0]_inst/O
                         net (fo=1, routed)           0.587     0.796    comb_lock_i/debouncer_0/U0/SIGNAL_I[0]
    SLICE_X0Y5           LUT6 (Prop_lut6_I5_O)        0.045     0.841 r  comb_lock_i/debouncer_0/U0/sig_cntrs_ary[0][0]_i_1/O
                         net (fo=16, routed)          0.130     0.971    comb_lock_i/debouncer_0/U0/sig_cntrs_ary[0][0]_i_1_n_0
    SLICE_X1Y4           FDRE                                         r  comb_lock_i/debouncer_0/U0/sig_cntrs_ary_reg[0][3]/R
  -------------------------------------------------------------------    -------------------

                         (clock sys_clk_pin rise edge)
                                                      0.000     0.000 r  
    W5                                                0.000     0.000 r  ap_clk_0 (IN)
                         net (fo=0)                   0.000     0.000    ap_clk_0
    W5                   IBUF (Prop_ibuf_I_O)         0.414     0.414 r  ap_clk_0_IBUF_inst/O
                         net (fo=1, routed)           0.685     1.099    ap_clk_0_IBUF
    BUFGCTRL_X0Y0        BUFG (Prop_bufg_I_O)         0.029     1.128 r  ap_clk_0_IBUF_BUFG_inst/O
                         net (fo=39, routed)          0.866     1.993    comb_lock_i/debouncer_0/U0/CLK_I
    SLICE_X1Y4           FDRE                                         r  comb_lock_i/debouncer_0/U0/sig_cntrs_ary_reg[0][3]/C

Slack:                    inf
  Source:                 lock[0]
                            (input port)
  Destination:            comb_lock_i/debouncer_1/U0/sig_cntrs_ary_reg[0][0]/R
                            (rising edge-triggered cell FDRE clocked by sys_clk_pin  {rise@0.000ns fall@5.000ns period=10.000ns})
  Path Group:             (none)
  Path Type:              Hold (Min at Fast Process Corner)
  Data Path Delay:        1.014ns  (logic 0.267ns (26.319%)  route 0.747ns (73.681%))
  Logic Levels:           2  (IBUF=1 LUT6=1)
  Clock Path Skew:        1.994ns (DCD - SCD - CPR)
    Destination Clock Delay (DCD):    1.994ns
    Source Clock Delay      (SCD):    0.000ns
    Clock Pessimism Removal (CPR):    -0.000ns

    Location             Delay type                Incr(ns)  Path(ns)    Netlist Resource(s)
  -------------------------------------------------------------------    -------------------
    T18                                               0.000     0.000 r  lock[0] (IN)
                         net (fo=0)                   0.000     0.000    lock[0]
    T18                  IBUF (Prop_ibuf_I_O)         0.222     0.222 r  lock_IBUF[0]_inst/O
                         net (fo=1, routed)           0.619     0.841    comb_lock_i/debouncer_1/U0/SIGNAL_I[0]
    SLICE_X2Y1           LUT6 (Prop_lut6_I5_O)        0.045     0.886 r  comb_lock_i/debouncer_1/U0/sig_cntrs_ary[0][0]_i_1/O
                         net (fo=16, routed)          0.128     1.014    comb_lock_i/debouncer_1/U0/sig_cntrs_ary[0][0]_i_1_n_0
    SLICE_X3Y0           FDRE                                         r  comb_lock_i/debouncer_1/U0/sig_cntrs_ary_reg[0][0]/R
  -------------------------------------------------------------------    -------------------

                         (clock sys_clk_pin rise edge)
                                                      0.000     0.000 r  
    W5                                                0.000     0.000 r  ap_clk_0 (IN)
                         net (fo=0)                   0.000     0.000    ap_clk_0
    W5                   IBUF (Prop_ibuf_I_O)         0.414     0.414 r  ap_clk_0_IBUF_inst/O
                         net (fo=1, routed)           0.685     1.099    ap_clk_0_IBUF
    BUFGCTRL_X0Y0        BUFG (Prop_bufg_I_O)         0.029     1.128 r  ap_clk_0_IBUF_BUFG_inst/O
                         net (fo=39, routed)          0.867     1.994    comb_lock_i/debouncer_1/U0/CLK_I
    SLICE_X3Y0           FDRE                                         r  comb_lock_i/debouncer_1/U0/sig_cntrs_ary_reg[0][0]/C

Slack:                    inf
  Source:                 lock[0]
                            (input port)
  Destination:            comb_lock_i/debouncer_1/U0/sig_cntrs_ary_reg[0][1]/R
                            (rising edge-triggered cell FDRE clocked by sys_clk_pin  {rise@0.000ns fall@5.000ns period=10.000ns})
  Path Group:             (none)
  Path Type:              Hold (Min at Fast Process Corner)
  Data Path Delay:        1.014ns  (logic 0.267ns (26.319%)  route 0.747ns (73.681%))
  Logic Levels:           2  (IBUF=1 LUT6=1)
  Clock Path Skew:        1.994ns (DCD - SCD - CPR)
    Destination Clock Delay (DCD):    1.994ns
    Source Clock Delay      (SCD):    0.000ns
    Clock Pessimism Removal (CPR):    -0.000ns

    Location             Delay type                Incr(ns)  Path(ns)    Netlist Resource(s)
  -------------------------------------------------------------------    -------------------
    T18                                               0.000     0.000 r  lock[0] (IN)
                         net (fo=0)                   0.000     0.000    lock[0]
    T18                  IBUF (Prop_ibuf_I_O)         0.222     0.222 r  lock_IBUF[0]_inst/O
                         net (fo=1, routed)           0.619     0.841    comb_lock_i/debouncer_1/U0/SIGNAL_I[0]
    SLICE_X2Y1           LUT6 (Prop_lut6_I5_O)        0.045     0.886 r  comb_lock_i/debouncer_1/U0/sig_cntrs_ary[0][0]_i_1/O
                         net (fo=16, routed)          0.128     1.014    comb_lock_i/debouncer_1/U0/sig_cntrs_ary[0][0]_i_1_n_0
    SLICE_X3Y0           FDRE                                         r  comb_lock_i/debouncer_1/U0/sig_cntrs_ary_reg[0][1]/R
  -------------------------------------------------------------------    -------------------

                         (clock sys_clk_pin rise edge)
                                                      0.000     0.000 r  
    W5                                                0.000     0.000 r  ap_clk_0 (IN)
                         net (fo=0)                   0.000     0.000    ap_clk_0
    W5                   IBUF (Prop_ibuf_I_O)         0.414     0.414 r  ap_clk_0_IBUF_inst/O
                         net (fo=1, routed)           0.685     1.099    ap_clk_0_IBUF
    BUFGCTRL_X0Y0        BUFG (Prop_bufg_I_O)         0.029     1.128 r  ap_clk_0_IBUF_BUFG_inst/O
                         net (fo=39, routed)          0.867     1.994    comb_lock_i/debouncer_1/U0/CLK_I
    SLICE_X3Y0           FDRE                                         r  comb_lock_i/debouncer_1/U0/sig_cntrs_ary_reg[0][1]/C

Slack:                    inf
  Source:                 lock[0]
                            (input port)
  Destination:            comb_lock_i/debouncer_1/U0/sig_cntrs_ary_reg[0][2]/R
                            (rising edge-triggered cell FDRE clocked by sys_clk_pin  {rise@0.000ns fall@5.000ns period=10.000ns})
  Path Group:             (none)
  Path Type:              Hold (Min at Fast Process Corner)
  Data Path Delay:        1.014ns  (logic 0.267ns (26.319%)  route 0.747ns (73.681%))
  Logic Levels:           2  (IBUF=1 LUT6=1)
  Clock Path Skew:        1.994ns (DCD - SCD - CPR)
    Destination Clock Delay (DCD):    1.994ns
    Source Clock Delay      (SCD):    0.000ns
    Clock Pessimism Removal (CPR):    -0.000ns

    Location             Delay type                Incr(ns)  Path(ns)    Netlist Resource(s)
  -------------------------------------------------------------------    -------------------
    T18                                               0.000     0.000 r  lock[0] (IN)
                         net (fo=0)                   0.000     0.000    lock[0]
    T18                  IBUF (Prop_ibuf_I_O)         0.222     0.222 r  lock_IBUF[0]_inst/O
                         net (fo=1, routed)           0.619     0.841    comb_lock_i/debouncer_1/U0/SIGNAL_I[0]
    SLICE_X2Y1           LUT6 (Prop_lut6_I5_O)        0.045     0.886 r  comb_lock_i/debouncer_1/U0/sig_cntrs_ary[0][0]_i_1/O
                         net (fo=16, routed)          0.128     1.014    comb_lock_i/debouncer_1/U0/sig_cntrs_ary[0][0]_i_1_n_0
    SLICE_X3Y0           FDRE                                         r  comb_lock_i/debouncer_1/U0/sig_cntrs_ary_reg[0][2]/R
  -------------------------------------------------------------------    -------------------

                         (clock sys_clk_pin rise edge)
                                                      0.000     0.000 r  
    W5                                                0.000     0.000 r  ap_clk_0 (IN)
                         net (fo=0)                   0.000     0.000    ap_clk_0
    W5                   IBUF (Prop_ibuf_I_O)         0.414     0.414 r  ap_clk_0_IBUF_inst/O
                         net (fo=1, routed)           0.685     1.099    ap_clk_0_IBUF
    BUFGCTRL_X0Y0        BUFG (Prop_bufg_I_O)         0.029     1.128 r  ap_clk_0_IBUF_BUFG_inst/O
                         net (fo=39, routed)          0.867     1.994    comb_lock_i/debouncer_1/U0/CLK_I
    SLICE_X3Y0           FDRE                                         r  comb_lock_i/debouncer_1/U0/sig_cntrs_ary_reg[0][2]/C

Slack:                    inf
  Source:                 lock[0]
                            (input port)
  Destination:            comb_lock_i/debouncer_1/U0/sig_cntrs_ary_reg[0][3]/R
                            (rising edge-triggered cell FDRE clocked by sys_clk_pin  {rise@0.000ns fall@5.000ns period=10.000ns})
  Path Group:             (none)
  Path Type:              Hold (Min at Fast Process Corner)
  Data Path Delay:        1.014ns  (logic 0.267ns (26.319%)  route 0.747ns (73.681%))
  Logic Levels:           2  (IBUF=1 LUT6=1)
  Clock Path Skew:        1.994ns (DCD - SCD - CPR)
    Destination Clock Delay (DCD):    1.994ns
    Source Clock Delay      (SCD):    0.000ns
    Clock Pessimism Removal (CPR):    -0.000ns

    Location             Delay type                Incr(ns)  Path(ns)    Netlist Resource(s)
  -------------------------------------------------------------------    -------------------
    T18                                               0.000     0.000 r  lock[0] (IN)
                         net (fo=0)                   0.000     0.000    lock[0]
    T18                  IBUF (Prop_ibuf_I_O)         0.222     0.222 r  lock_IBUF[0]_inst/O
                         net (fo=1, routed)           0.619     0.841    comb_lock_i/debouncer_1/U0/SIGNAL_I[0]
    SLICE_X2Y1           LUT6 (Prop_lut6_I5_O)        0.045     0.886 r  comb_lock_i/debouncer_1/U0/sig_cntrs_ary[0][0]_i_1/O
                         net (fo=16, routed)          0.128     1.014    comb_lock_i/debouncer_1/U0/sig_cntrs_ary[0][0]_i_1_n_0
    SLICE_X3Y0           FDRE                                         r  comb_lock_i/debouncer_1/U0/sig_cntrs_ary_reg[0][3]/R
  -------------------------------------------------------------------    -------------------

                         (clock sys_clk_pin rise edge)
                                                      0.000     0.000 r  
    W5                                                0.000     0.000 r  ap_clk_0 (IN)
                         net (fo=0)                   0.000     0.000    ap_clk_0
    W5                   IBUF (Prop_ibuf_I_O)         0.414     0.414 r  ap_clk_0_IBUF_inst/O
                         net (fo=1, routed)           0.685     1.099    ap_clk_0_IBUF
    BUFGCTRL_X0Y0        BUFG (Prop_bufg_I_O)         0.029     1.128 r  ap_clk_0_IBUF_BUFG_inst/O
                         net (fo=39, routed)          0.867     1.994    comb_lock_i/debouncer_1/U0/CLK_I
    SLICE_X3Y0           FDRE                                         r  comb_lock_i/debouncer_1/U0/sig_cntrs_ary_reg[0][3]/C

Slack:                    inf
  Source:                 lock[0]
                            (input port)
  Destination:            comb_lock_i/debouncer_1/U0/sig_cntrs_ary_reg[0][4]/R
                            (rising edge-triggered cell FDRE clocked by sys_clk_pin  {rise@0.000ns fall@5.000ns period=10.000ns})
  Path Group:             (none)
  Path Type:              Hold (Min at Fast Process Corner)
  Data Path Delay:        1.083ns  (logic 0.267ns (24.643%)  route 0.816ns (75.357%))
  Logic Levels:           2  (IBUF=1 LUT6=1)
  Clock Path Skew:        1.994ns (DCD - SCD - CPR)
    Destination Clock Delay (DCD):    1.994ns
    Source Clock Delay      (SCD):    0.000ns
    Clock Pessimism Removal (CPR):    -0.000ns

    Location             Delay type                Incr(ns)  Path(ns)    Netlist Resource(s)
  -------------------------------------------------------------------    -------------------
    T18                                               0.000     0.000 r  lock[0] (IN)
                         net (fo=0)                   0.000     0.000    lock[0]
    T18                  IBUF (Prop_ibuf_I_O)         0.222     0.222 r  lock_IBUF[0]_inst/O
                         net (fo=1, routed)           0.619     0.841    comb_lock_i/debouncer_1/U0/SIGNAL_I[0]
    SLICE_X2Y1           LUT6 (Prop_lut6_I5_O)        0.045     0.886 r  comb_lock_i/debouncer_1/U0/sig_cntrs_ary[0][0]_i_1/O
                         net (fo=16, routed)          0.197     1.083    comb_lock_i/debouncer_1/U0/sig_cntrs_ary[0][0]_i_1_n_0
    SLICE_X3Y1           FDRE                                         r  comb_lock_i/debouncer_1/U0/sig_cntrs_ary_reg[0][4]/R
  -------------------------------------------------------------------    -------------------

                         (clock sys_clk_pin rise edge)
                                                      0.000     0.000 r  
    W5                                                0.000     0.000 r  ap_clk_0 (IN)
                         net (fo=0)                   0.000     0.000    ap_clk_0
    W5                   IBUF (Prop_ibuf_I_O)         0.414     0.414 r  ap_clk_0_IBUF_inst/O
                         net (fo=1, routed)           0.685     1.099    ap_clk_0_IBUF
    BUFGCTRL_X0Y0        BUFG (Prop_bufg_I_O)         0.029     1.128 r  ap_clk_0_IBUF_BUFG_inst/O
                         net (fo=39, routed)          0.867     1.994    comb_lock_i/debouncer_1/U0/CLK_I
    SLICE_X3Y1           FDRE                                         r  comb_lock_i/debouncer_1/U0/sig_cntrs_ary_reg[0][4]/C

Slack:                    inf
  Source:                 lock[0]
                            (input port)
  Destination:            comb_lock_i/debouncer_1/U0/sig_cntrs_ary_reg[0][5]/R
                            (rising edge-triggered cell FDRE clocked by sys_clk_pin  {rise@0.000ns fall@5.000ns period=10.000ns})
  Path Group:             (none)
  Path Type:              Hold (Min at Fast Process Corner)
  Data Path Delay:        1.083ns  (logic 0.267ns (24.643%)  route 0.816ns (75.357%))
  Logic Levels:           2  (IBUF=1 LUT6=1)
  Clock Path Skew:        1.994ns (DCD - SCD - CPR)
    Destination Clock Delay (DCD):    1.994ns
    Source Clock Delay      (SCD):    0.000ns
    Clock Pessimism Removal (CPR):    -0.000ns

    Location             Delay type                Incr(ns)  Path(ns)    Netlist Resource(s)
  -------------------------------------------------------------------    -------------------
    T18                                               0.000     0.000 r  lock[0] (IN)
                         net (fo=0)                   0.000     0.000    lock[0]
    T18                  IBUF (Prop_ibuf_I_O)         0.222     0.222 r  lock_IBUF[0]_inst/O
                         net (fo=1, routed)           0.619     0.841    comb_lock_i/debouncer_1/U0/SIGNAL_I[0]
    SLICE_X2Y1           LUT6 (Prop_lut6_I5_O)        0.045     0.886 r  comb_lock_i/debouncer_1/U0/sig_cntrs_ary[0][0]_i_1/O
                         net (fo=16, routed)          0.197     1.083    comb_lock_i/debouncer_1/U0/sig_cntrs_ary[0][0]_i_1_n_0
    SLICE_X3Y1           FDRE                                         r  comb_lock_i/debouncer_1/U0/sig_cntrs_ary_reg[0][5]/R
  -------------------------------------------------------------------    -------------------

                         (clock sys_clk_pin rise edge)
                                                      0.000     0.000 r  
    W5                                                0.000     0.000 r  ap_clk_0 (IN)
                         net (fo=0)                   0.000     0.000    ap_clk_0
    W5                   IBUF (Prop_ibuf_I_O)         0.414     0.414 r  ap_clk_0_IBUF_inst/O
                         net (fo=1, routed)           0.685     1.099    ap_clk_0_IBUF
    BUFGCTRL_X0Y0        BUFG (Prop_bufg_I_O)         0.029     1.128 r  ap_clk_0_IBUF_BUFG_inst/O
                         net (fo=39, routed)          0.867     1.994    comb_lock_i/debouncer_1/U0/CLK_I
    SLICE_X3Y1           FDRE                                         r  comb_lock_i/debouncer_1/U0/sig_cntrs_ary_reg[0][5]/C





